{
    "dialogue": "```json\n{\n    \"dialogue\": [\n        {\n            \"role\": \"user\",\n            \"content\": \"You are a student with an ability level of High in a math class. Now, you need to solve a math problem. Please describe your thought process and steps in detail according to your ability level. The math problem is: Problem Task: Accurately locate 0.093 on a number line. Problem Description: Given a number line marked with tenths, hundredths, and thousandths. The number line ranges from 0 to 0.1, with each large tick mark representing a tenth, each small tick mark subdivided into ten hundredths, and each hundredth further subdivided into ten thousandths. Task: Determine the position of 0.093 on the number line. Explain between which two tenths 0.093 is located. Calculate and mark the specific hundredth and thousandth where 0.093 is located. Hints: Place this number on the number line. Look at how many tenths 0.093 has, then see how many hundredths and thousandths it has. 0.093 has 0 tenths. This means the number is hidden between 0.0 and 0.1. Count 1 section from the left and click it. This number line zooms in between 0.0 and 0.1, so you are already in the correct tenth. You must find the correct hundredth and thousandth. Zoom in between the two tick marks by clicking the area where the decimal is located. Each tick mark represents a tenth. Where is 0.093 between the two tenths? You know 0.093 is between 0.0 and 0.1, but which is it closer to? Is it closer to 0.0, 0.1, or the middle at 0.05? 0.093 has 9 hundredths and 3 thousandths. This number is hidden just a little past the 0.09 tick mark! Imagine there are ten smaller sections between the tick marks! This number is in the 3rd small section to the right of 0.09. Now you know reading the tenths as \u201c0\u201d and hundredths as \u201c9\u201d is important, but the thousandths \u201c3\u201d is not as significant because thousandths are very small. Start from 0.0, count 9 tick marks to the right, then move 3 thousandths further. Note that 0.093 is close to halfway between 0.09 and 0.1, which is 0.095. Verification Questions: At which specific hundredth and thousandth is 0.093 located on the number line? Correct Answer: 0.093 is located between 0.078 and 0.099. Ability level classification criteria: Low-level students typically understand math problems slowly and need more time and help to solve them. Medium-level students have a good understanding of math problems and can independently solve most problems. High-level students quickly understand math problems, can efficiently solve complex problems, and can provide multiple solutions.\"\n        },\n        {\n            \"role\": \"assistant\",\n            \"content\": \"To accurately locate 0.093 on the number line, I start by identifying that it is between 0.0 and 0.1 because it has no tenths. I know that 0.093 consists of 9 hundredths and 3 thousandths. I mark the position by identifying the 0.09 tick mark as a reference and count three small sections beyond it. This means I move slightly to the right of the 0.09 tick mark and reach my desired position for 0.093. This approach ensures I understand the placement of decimal numbers relative to the tick marks on the number line.\"\n        },\n        {\n            \"role\": \"user\",\n            \"content\": \"While solving this problem, what assumptions or predictions are you making? How do you decide on the next steps?\"\n        },\n        {\n            \"role\": \"assistant\",\n            \"content\": \"I assume that the number line is accurately marked with consistent intervals for tenths, hundredths, and thousandths. Given that 0.093 is very close to 0.09, I predict that the placement will require careful counting of the subdivisions. My next step involves closely looking for the 0.09 tick mark and visualizing the small divisions to pinpoint the exact location of 0.093. I also rely on the hints provided to guide my movements along the number line.\"\n        },\n        {\n            \"role\": \"user\",\n            \"content\": \"Did you encounter any challenges or notice any potential errors during your process? If so, how did you identify them?\"\n        },\n        {\n            \"role\": \"assistant\",\n            \"content\": \"While performing the task, I focused on counting the small sections accurately. A potential challenge arose when deciding whether I had counted correctly beyond the 0.09 mark. I noticed that if I rushed, I might misplace the decimal. To identify any errors, I double-checked my counts by visually comparing against the expected position and ensuring the numbers align with the tick marks.\"\n        },\n        {\n            \"role\": \"user\",\n            \"content\": \"Once you identified an error or challenge, how did you go about correcting it? What steps did you take to ensure the solution was accurate?\"\n        },\n        {\n            \"role\": \"assistant\",\n            \"content\": \"After realizing the potential for miscounting, I took a moment to recalibrate by going back to the 0.09 tick mark and starting my count again from there. I counted slowly and carefully, making sure to acknowledge each of the ten smaller sections to accurately place 0.093. After identifying where I thought it should be located, I verified my placement by considering the proximity to the number 0.095 and double-checking against the structure of the number line to ensure accuracy.\"\n        }\n    ]\n}\n```"
}