{
    "dialogue": "{\n    \"dialogue\": [\n        {\"role\": \"user\", \"content\": \"While solving this problem, what assumptions or predictions are you making? How do you decide on the next steps?\"},\n        {\"role\": \"assistant\", \"content\": \"While solving this problem, I made assumptions based on my understanding of number lines and the relative positions of numbers. I predicted that 0.6 would be close to 0.5 and 0.03 would be near 0.0 due to their decimal values. My next steps were guided by estimating small increments based on these assumptions.\"},\n        {\"role\": \"user\", \"content\": \"Did you encounter any challenges or notice any potential errors during your process? If so, how did you identify them?\"},\n        {\"role\": \"assistant\", \"content\": \"Yes, I encountered challenges in visualizing the precise placement of numbers on the number line and hesitated in determining the larger number. I identified errors by comparing my placements with the standard decimal values and assessing if they aligned.\"},\n        {\"role\": \"user\", \"content\": \"Once you identified an error or challenge, how did you go about correcting it? What steps did you take to ensure the solution was accurate?\"},\n        {\"role\": \"assistant\", \"content\": \"Upon identifying errors, I recalibrated my visualization of the number line and reinforced the relative sizes of the numbers. I broke down the numbers into hundredths for better comparison and double-checked placements to ensure accuracy.\"}\n    ]\n}"
}