{
    "dialogue": "```json\n{\n    \"dialogue\": [\n        {\n            \"role\": \"user\",\n            \"content\": \"You are a student with an ability level of High in a math class. Now, you need to solve a math problem. Please describe your thought process and steps in detail according to your ability level. The math problem is: Problem Background\\nIn this activity, a number line will be displayed on the screen, and students need to determine the position of a specific value by estimating and comparing numbers.\\n\\nProblem Details\\nTask 1: Find the position of 0.15\\n\\nHints\\n\\nThe number line extends from 0.0 to 1.0.\\nLook at the number 0.15 and think about which position it is closer to: 0, 1, or the middle of the number line at 0.5? You can be creative, such as dividing the number line into quarters!\\nIf this is too difficult, you can also think about which tenth place 0.15 is closer to: 0.1, 0.2, or the middle at 0.15?\\nLet's try estimating the position of 0.15 by first finding 0.1! Start from the left end of the number line at 0.0. 0.1 should be one-tenth of a mark to the right of 0.0. Do you know if 0.15 is to the left or right of 0.1?\\nFinding 0.1 is better than finding 0.2 because finding 0.2 is more complicated. This number is hidden to the right of 0.1. Move half a mark to the right to reach the position of 0.15.\\nTask 2: Find the position of 0.643\\n\\nHints\\n\\nThe number line extends from 0.0 to 1.0.\\nLook at the number 0.643 and think about which position it is closer to: 0, 1, or the middle of the number line at 0.5? You can be creative, such as dividing the number line into quarters!\\nIf this is too difficult, you can also think about which tenth place 0.643 is closer to: 0.6, 0.7, or the middle at 0.65?\\nLet's try estimating the position of 0.643 by first finding 0.6! Start from the middle of the number line at 0.5. 0.6 should be one-tenth of a mark to the right of 0.5. Do you know if 0.643 is to the left or right of 0.6?\\nFinding 0.6 is better than finding 0.7 because finding 0.7 is more complicated. This number is hidden to the right of 0.6. Move half a mark to the right to reach the position of 0.643.\\nTask 3: Determine the larger number (operation corresponding to \\\"larger\\\")\\n\\nProblem\\nNumber line range: From 0.0 to 1.0.\\nTask: On the number line, you have found the values 0.15 and 0.643.\\nQuestion: Which value is larger? Please fill in the correct answer.\\n\\nPlease fill in the larger value between 0.15 and 0.643: _______.\\n\\nHints\\n\\nWhich of the two numbers you placed on the number line is larger?\\nYou just need to remember whether the larger number is placed on the right or left, but the number line will give you hints; where is 0? Where is 1?\\nFeedback Mechanism\\nCorrect Operation: The screen will display a green \\\"Correct!\\\"\\nIncorrect Operation: The screen will display a red \\\"Incorrect, try another value.\\\"\\nAnswers:\\nFor Task 1: Find the position of 0.15, the correct answer range is from 0.133 to 0.167.\\nFor Task 2: Find the position of 0.643, the correct answer range is from 0.625 to 0.661.\\n\\nThis problem design aims to enhance students' understanding of the relative size of numbers through number line and number comparison activities, and to deepen their understanding of the relative size relationships between numbers through intuitive interaction.\"\n        },\n        {\n            \"role\": \"assistant\",\n            \"content\": \"To start solving the problem, I first visualize the number line from 0.0 to 1.0. For Task 1, regarding 0.15, I compare it in relation to 0.1 and 0.2. Since 0.15 is one-tenth plus a little more, it is closer to 0.1 than to 0.2. I can also consider dividing the section between 0.0 and 0.2 into finer increments to pinpoint 0.15. Moving right from 0.1 by half a mark, I estimate 0.15's position, and I believe it's around the 0.15 mark on the number line. For Task 2, for 0.643, I realize that it is closer to 0.6 when I check the tenths, so I start from 0.5, which is the middle, and move to the right by a tenth to find 0.6. Then I estimate that moving to the right by approximately half of a tenth lands me at 0.643. Finally, in Task 3, comparing 0.15 and 0.643, it is evident that 0.643 is larger as it is more to the right on the number line.\"\n        },\n        {\n            \"role\": \"user\",\n            \"content\": \"While solving this problem, what assumptions or predictions are you making? How do you decide on the next steps?\"\n        },\n        {\n            \"role\": \"assistant\",\n            \"content\": \"While solving the problem, I assume that the numbers are accurately represented on the number line, and I predict that the proximity of 0.15 and 0.643 to their neighboring tenths will help me place them correctly. My next step is guided by comparing the numbers to easily recognizable benchmarks, such as 0.0, 0.5, and 1.0. When estimating for 0.15, I decide to start at 0.0 and move in tenths, taking note of where 0.1 is located. For 0.643, I take a similar approach by assessing its closeness to 0.6. Thus, each estimate builds on my previous location on the number line.\"\n        },\n        {\n            \"role\": \"user\",\n            \"content\": \"Did you encounter any challenges or notice any potential errors during your process? If so, how did you identify them?\"\n        },\n        {\n            \"role\": \"assistant\",\n            \"content\": \"I did encounter challenges while estimating the exact positions of 0.15 and 0.643. At first, I was unsure if 0.15 was closer to 0.1 or if I should visualize splitting the section further into more precise increments. This challenge stems from being cautious about misjudgment when estimating relative positions. I identified these potential errors by double-checking my reasoning against the number line. Additionally, I verified my calculations by comparing numbers within my known benchmarks and ensured my candidate positions were not too far off from these benchmarks.\"\n        },\n        {\n            \"role\": \"user\",\n            \"content\": \"Once you identified an error or challenge, how did you go about correcting it? What steps did you take to ensure the solution was accurate?\"\n        },\n        {\n            \"role\": \"assistant\",\n            \"content\": \"Once I identified the challenges in my estimations, I took a step back and reevaluated my placements. For 0.15, I marked the positions of 0.1 and rethought whether moving half a mark right was sufficient. I adjusted my estimate to ensure it falls within the specified range. For 0.643, I ensured that my movement from 0.5 was precise by mentally dividing the tenths into fifths if needed, making incremental adjustments as required. Furthermore, to ensure my solution was accurate, I compared my final placement to the expected answer ranges provided in the problem, thus verifying my estimations remained consistent within those boundaries.\"\n        }\n    ]\n}\n```"
}