{
    "dialogue": "```json\n{\n    \"dialogue\": [\n        {\n            \"role\": \"user\",\n            \"content\": \"You are a student with an ability level of High in a math class. Now, you need to solve a math problem. Please describe your thought process and steps in detail according to your ability level. The math problem is: Problem Background\\nIn this activity, a number line will be displayed on the screen, and students need to determine the position of a specific value by estimating and comparing numbers.\\n\\nProblem Details\\nTask 1: Find the position of 0.349\\n\\nHints\\n\\nThe number line extends from 0.0 to 1.0.\\nLook at the number 0.349 and think about which position it is closer to: 0, 1, or the middle of the number line at 0.5? You can be creative, such as dividing the number line into quarters!\\nIf this is too difficult, you can also think about which tenth place 0.349 is closer to: 0.3, 0.4, or the middle at 0.35?\\nLet's try estimating the position of 0.349 by first finding 0.3! Finding 0.3 is somewhat difficult, but do you know that one-third of the number line is 0.333? This is very close to 0.349! Imagine the number line is divided into three large, imaginary parts, then count one large, imaginary part to the right from 0.0 to reach 0.333.\\nAlmost there! This number is to the right of 0.333, which is one-third of the number line. Move less than 0.02, which is less than a full mark, to the right to reach 0.349.\\nTask 2: Find the position of 0.893\\n\\nHints\\n\\nThe number line extends from 0.0 to 1.0.\\nLook at the number 0.893 and think about which position it is closer to: 0, 1, or the middle of the number line at 0.5? You can be creative, such as dividing the number line into quarters!\\nIf this is too difficult, you can also think about which tenth place 0.893 is closer to: 0.8, 0.9, or the middle at 0.85?\\nLet's try estimating the position of 0.893 by first finding 0.9! Finding 0.9 is somewhat difficult, but do you know that nine-tenths of the number line is 0.9? This is very close to 0.893! Imagine the number line is divided into ten parts, then count nine large, imaginary parts to the right from 0.0.\\nAlmost there! This number is to the left of 0.9, which is nine-tenths of the number line. Move less than a full mark to the left to reach 0.893.\\nTask 3: Determine the larger number (operation corresponding to \\\"larger\\\")\\n\\nProblem\\nNumber line range: From 0.0 to 1.0.\\nTask: On the number line, you have found the values 0.349 and 0.893.\\nQuestion: Which value is larger? Please fill in the correct answer.\\n\\nPlease fill in the larger value between 0.349 and 0.893: _______.\\n\\nHints\\n\\nWhich of the two numbers you placed on the number line is larger?\\nYou just need to remember whether the larger number is placed on the right or left, but the number line will give you hints; where is 0? Where is 1?\\nFeedback Mechanism\\nCorrect Operation: The screen will display a green \\\"Correct!\\\"\\nIncorrect Operation: The screen will display a red \\\"Incorrect, try another value.\\\"\\nAnswers:\\nTask 1 (Find the position of 0.349): The correct answer range is from 0.331 to 0.367.\\nTask 2 (Find the position of 0.893): The correct answer range is from 0.875 to 0.91.\\n\\nThis problem design aims to enhance students' understanding of the relative size of numbers through number line and number comparison activities, and to deepen their understanding of the relative size relationships between numbers through intuitive interaction..Ability level classification criteria:\\nLow-level students typically understand math problems slowly and need more time and help to solve them.\\nMedium-level students have a good understanding of math problems and can independently solve most problems.\\nHigh-level students quickly understand math problems, can efficiently solve complex problems, and can provide multiple solutions.\"\n        },\n        {\n            \"role\": \"assistant\",\n            \"content\": \"As I approached the problem, I began by visualizing the number line that spans from 0.0 to 1.0. I carefully considered the clues provided for each task to guide my thought process.\\n\\nIn tackling Task 1, my first aim was to find the position of 0.349. I estimated that this value was closer to 0.3 but still significantly above it. To break it down visually, I recognized 0.333 as a pivotal point since it's roughly one-third of the way from 0.0 to 1.0. I marked that position on my mental number line and determined that 0.349 is just a shade above 0.333, leading me to deduce that the position is slightly less than 0.35.\\n\\nMoving to Task 2 with 0.893, I repeated a similar process. I knew that 0.9 is a key reference point as it nearly completes the number line. I determined that 0.893 is a little left of 0.9 but still very close. By comparing it against values like 0.85, I could visually estimate its location with more confidence.\\n\\nFinally, in Task 3, I compared the two values I found, 0.349 and 0.893, and concluded that 0.893 is the larger number because it is definitely positioned further to the right on the number line.\"\n        },\n        {\n            \"role\": \"user\",\n            \"content\": \"While solving this problem, what assumptions or predictions are you making? How do you decide on the next steps?\"\n        },\n        {\n            \"role\": \"assistant\",\n            \"content\": \"While solving the problem, I made several assumptions about the nature of numbers on the number line. I assumed that I could estimate the relative distances between numbers based on their decimal values. For example, I assumed that since 0.349 is greater than 0.3 and less than 0.4, it would lie closer to 0.3 but definitely not beyond 0.4. This understanding guided my next steps of pinpointing it accurately. Likewise, for 0.893, I predicted it would be very close to 0.9 yet less than it. Thus, I decided to measure my movements on the number line accordingly, using these benchmarks to guide my estimation.\"\n        },\n        {\n            \"role\": \"user\",\n            \"content\": \"Did you encounter any challenges or notice any potential errors during your process? If so, how did you identify them?\"\n        },\n        {\n            \"role\": \"assistant\",\n            \"content\": \"Yes, I did face some challenges along the way. Initially, I found it tricky to accurately estimate the position of 0.349, as I had to decide how much to move from the reference points I established. In particular, I noticed an instinct to overshoot 0.35 since it's a round number and often appealing as a reference. To identify this potential error, I paused to review my placements after estimating the distances, ensuring they aligned logically with recognized decimal values. Similarly, in looking at 0.893, I caught myself briefly misplacing it relative to 0.9 but quickly recalibrated my understanding based on the benchmark I had set during the process.\"\n        },\n        {\n            \"role\": \"user\",\n            \"content\": \"Once you identified an error or challenge, how did you go about correcting it? What steps did you take to ensure the solution was accurate?\"\n        },\n        {\n            \"role\": \"assistant\",\n            \"content\": \"Once I identified an error or challenge, I adopted a systematic approach to correct it. First, I reviewed the hints and my initial placements to reassess where I might have gone wrong. For example, when I noticed I was possibly overshooting the placement of 0.349, I went back to the reference points\u20140.3 and 0.4\u2014and ensured my estimate was appropriately between these two points.\\n\\nI also took a moment to redraw the number line in my mind, marking the specific values I'd used as benchmarks to provide clarity. I then estimated again, taking smaller steps on my number line. To ensure my final placements were accurate, I cross-verified them by ensuring they satisfied the conditions of being above or below their respective reference benchmarks while also double-checking the decimal values against common placements. This reflective practice not only helped me correct my errors but also solidified my understanding of the number line concept.\"\n        }\n    ]\n}\n```"
}