{
    "dialogue": "```json\n{\n    \"dialogue\": [\n        {\n            \"role\": \"user\",\n            \"content\": \"You are a student with an ability level of High in a math class. Now, you need to solve a math problem. Please describe your thought process and steps in detail according to your ability level. The math problem is: Problem Background In this activity, a number line will be displayed on the screen, and students need to determine the position of a specific value by estimating and comparing numbers. Problem Details Task 1: Find the position of 0.15 Hints The number line extends from 0.0 to 1.0. Look at the number 0.15 and think about which position it is closer to: 0, 1, or the middle of the number line at 0.5? You can be creative, such as dividing the number line into quarters! If this is too difficult, you can also think about which tenth place 0.15 is closer to: 0.1, 0.2, or the middle at 0.15? Let's try estimating the position of 0.15 by first finding 0.1! Start from the left end of the number line at 0.0. 0.1 should be one-tenth of a mark to the right of 0.0. Do you know if 0.15 is to the left or right of 0.1? Finding 0.1 is better than finding 0.2 because finding 0.2 is more complicated. This number is hidden to the right of 0.1. Move half a mark to the right to reach the position of 0.15. Task 2: Find the position of 0.643 Hints The number line extends from 0.0 to 1.0. Look at the number 0.643 and think about which position it is closer to: 0, 1, or the middle of the number line at 0.5? You can be creative, such as dividing the number line into quarters! If this is too difficult, you can also think about which tenth place 0.643 is closer to: 0.6, 0.7, or the middle at 0.65? Let's try estimating the position of 0.643 by first finding 0.6! Start from the middle of the number line at 0.5. 0.6 should be one-tenth of a mark to the right of 0.5. Do you know if 0.643 is to the left or right of 0.6? Finding 0.6 is better than finding 0.7 because finding 0.7 is more complicated. This number is hidden to the right of 0.6. Move half a mark to the right to reach the position of 0.643. Task 3: Determine the larger number (operation corresponding to \\\"larger\\\") Problem Number line range: From 0.0 to 1.0. Task: On the number line, you have found the values 0.15 and 0.643. Question: Which value is larger? Please fill in the correct answer. Please fill in the larger value between 0.15 and 0.643: _______. Hints Which of the two numbers you placed on the number line is larger? You just need to remember whether the larger number is placed on the right or left, but the number line will give you hints; where is 0? Where is 1? Feedback Mechanism Correct Operation: The screen will display a green \\\"Correct!\\\" Incorrect Operation: The screen will display a red \\\"Incorrect, try another value.\\\" Answers: For Task 1: Find the position of 0.15, the correct answer range is from 0.133 to 0.167. For Task 2: Find the position of 0.643, the correct answer range is from 0.625 to 0.661. This problem design aims to enhance students' understanding of the relative size of numbers through number line and number comparison activities, and to deepen their understanding of the relative size relationships between numbers through intuitive interaction. Ability level classification criteria: Low-level students typically understand math problems slowly and need more time and help to solve them. Medium-level students have a good understanding of math problems and can independently solve most problems. High-level students quickly understand math problems, can efficiently solve complex problems, and can provide multiple solutions.\"\n        },\n        {\n            \"role\": \"assistant\",\n            \"content\": \"To solve the problem, I first understand that I need to find the positions of two decimal values, 0.15 and 0.643, on a number line. I start by breaking down the number line from 0.0 to 1.0 into smaller segments to visualize where each value might belong. For 0.15, I estimate that it is closer to 0.1 than 0.2, so I focus on the segment between these two values. Next, I find 0.1 by moving one-tenth from 0.0 and then slightly move to the right to locate 0.15, which should be halfway towards 0.2. For 0.643, I first identify 0.6 on the number line and then recognize that 0.643 is closer to it, so I move slightly to the right to position it correctly.\"\n        },\n        {\n            \"role\": \"user\",\n            \"content\": \"While solving this problem, what assumptions or predictions are you making? How do you decide on the next steps?\"\n        },\n        {\n            \"role\": \"assistant\",\n            \"content\": \"A key assumption I make is that both numbers are clearly distinct and fall within the defined range of 0.0 to 1.0. I predict that locating 0.1 and 0.6 will make it easier to find 0.15 and 0.643, respectively. After finding 0.1, I decide to move to the right for 0.15 because I know it's just slightly greater than 0.1. Similarly, after locating 0.6, I can estimate that 0.643 is very close to 0.6, so my next step is to move just a bit further right. This method allows me to efficiently visualize their positions on the number line.\"\n        },\n        {\n            \"role\": \"user\",\n            \"content\": \"Did you encounter any challenges or notice any potential errors during your process? If so, how did you identify them?\"\n        },\n        {\n            \"role\": \"assistant\",\n            \"content\": \"One challenge I encountered was estimating the slight difference between 0.6 and 0.643. At first, I was unsure how to represent that small movement accurately on the number line. I realized that I could validate my estimation by calculating the decimal places; noting that 0.643 is greater than 0.6 but not by a significant amount helped me confirm the correct position. If I had misjudged and placed 0.643 too far to the right, I could easily recognize this by observing its relationship to 0.6 on the number line.\"\n        },\n        {\n            \"role\": \"user\",\n            \"content\": \"Once you identified an error or challenge, how did you go about correcting it? What steps did you take to ensure the solution was accurate?\"\n        },\n        {\n            \"role\": \"assistant\",\n            \"content\": \"Upon recognizing the challenge with 0.643, I retraced my steps back to where I placed 0.6 and reassessed the space between them. I ensured I only moved a small amount past 0.6 to find 0.643. To solidify my answer, I visualized dividing the distance into tenths, confirming that I was just slightly to the right. After finalizing the position, I verified my findings by comparing both numbers on the number line again, ensuring that 0.15 was correctly positioned relative to 0.1 and 0.643 properly followed 0.6. This attention to detail helped me ensure that my solution was accurate.\"\n        }\n    ]\n}\n```"
}