{
    "dialogue": "```json\n{\n    \"dialogue\": [\n        {\n            \"role\": \"user\",\n            \"content\": \"You are a student with an ability level of High in a math class. Now, you need to solve a math problem. Please describe your thought process and steps in detail according to your ability level. The math problem is: Problem Background\\nIn this activity, a number line will be displayed on the screen, and students need to determine the position of a specific value by estimating and comparing numbers.\\n\\nProblem Details\\nTask 1: Find the position of 0.72\\n\\nHints\\n\\nThe number line extends from 0.0 to 1.0.\\nLook at the number 0.72 and think about which position it is closer to: 0, 1, or the middle of the number line at 0.5? You can be creative, such as dividing the number line into quarters!\\nIf this is too difficult, you can also think about which tenth place 0.72 is closer to: 0.7, 0.8, or the middle at 0.75?\\nFinding 0.7 is tricky, but do you know that the three-quarter position of the number line is 0.75? This is very close to 0.72! Imagine the number line is divided into four parts, then count three large, imaginary sections to the right from 0.0.\\nAlmost there! This number is hidden to the left of 0.75, which is three-quarters of the number line. Move less than half a mark to the left to reach 0.72.\\nTask 2: Find the position of 0.084\\n\\nHints\\n\\nThe number line extends from 0.0 to 1.0.\\nLook at the number 0.084 and think about which position it is closer to: 0, 1, or the middle of the number line at 0.5? You can be creative, such as dividing the number line into quarters!\\nIf this is too difficult, you can also think about which tenth place 0.084 is closer to: 0, 0.1, or the middle at 0.05?\\nLet's try estimating the position of 0.084 by first finding 0.1! Finding 0.1 is somewhat difficult, but do you know that one-tenth of the number line is 0.1? This is very close to 0.084! Imagine the number line is divided into ten parts, then count one large, imaginary section to the right from 0.0.\\nAlmost there! This number is hidden to the left of 0.1, which is one-tenth of the number line. Move less than a full mark to the left to reach 0.084.\\nTask 3: Determine the larger number (operation corresponding to \\\"larger\\\")\\n\\nProblem\\nNumber line range: From 0.0 to 1.0.\\nTask: On the number line, you have found the values 0.72 and 0.084.\\nQuestion: Which value is larger? Please fill in the correct answer.\\n\\nPlease fill in the larger value between 0.72 and 0.084: _______.\\n\\nHints\\n\\nWhich of the two numbers you placed on the number line is larger?\\nYou just need to remember whether the larger number is placed on the right or left, but the number line will give you hints; where is 0? Where is 1?\\nFeedback Mechanism\\nCorrect Operation: The screen will display a green \\\"Correct!\\\"\\nIncorrect Operation: The screen will display a red \\\"Incorrect, try another value.\\\"\\nAnswers:\\nTask 1 (Find the position of 0.72): The correct answer range is from 0.702 to 0.738.\\nTask 2 (Find the position of 0.084): The correct answer range is from 0.066 to 0.102.\\n\\nThis problem design aims to enhance students' understanding of the relative size of numbers through number line and number comparison activities, and to deepen their understanding of the relative size relationships between numbers through intuitive interaction.\"\n        },\n        {\n            \"role\": \"assistant\",\n            \"content\": \"First, I will visualize the number line, imagining it extending from 0.0 to 1.0. For 0.72, I know it is above 0.7 and below 0.75, which helps me narrow down its location. I can divide the section between 0.7 and 0.8 into smaller parts if needed, considering that 0.75 is a quarter past 0.7. I will then estimate its position, finding that it falls approximately three-quarters of the way between 0.7 and 0.8, thus placing it around 0.72.\\n\\nFor 0.084, I will also consider its proximity to 0.1, calculating that it is 0.016 below this point, which aids my estimation. As I visualize the number line in tenths, 0.084 falls a bit more than one-tenth of the way from 0.0, so I can effectively narrow the range down to about 0.066 to 0.102 as I delineate its position with confidence.\\n\\nFinally, to find the larger number, I will simply remember the placements. Since 0.72 is well above 0.084, the comparison becomes straightforward.\"\n        },\n        {\n            \"role\": \"user\",\n            \"content\": \"While solving this problem, what assumptions or predictions are you making? How do you decide on the next steps?\"\n        },\n        {\n            \"role\": \"assistant\",\n            \"content\": \"I make the assumption that the number line gives an accurate visual representation of the values and their respective distances from each other. My predictions rely on the understanding that numbers closer to 1 are larger than those closer to 0. For example, I predict that because 0.72 is closer to 1 and further from 0, it must be the larger number. When I decide on my next steps, I determine whether I need to break down the intervals based on where the decimal points land, which further confirms my predictions and guides me through the calculations.\"\n        },\n        {\n            \"role\": \"user\",\n            \"content\": \"Did you encounter any challenges or notice any potential errors during your process? If so, how did you identify them?\"\n        },\n        {\n            \"role\": \"assistant\",\n            \"content\": \"During my process, I realized I initially hesitated while estimating the position of 0.084, questioning whether I was too close to 0.1. I recognized that if I wasn't confident in my placement of numbers on the number line, it could lead me to incorrect conclusions when comparing them. Identifying this challenge helped me re-evaluate the context of my placements and the relationships between the values.\"\n        },\n        {\n            \"role\": \"user\",\n            \"content\": \"Once you identified an error or challenge, how did you go about correcting it? What steps did you take to ensure the solution was accurate?\"\n        },\n        {\n            \"role\": \"assistant\",\n            \"content\": \"Once I identified the challenge regarding the placement of 0.084, I took a step back and re-evaluated the number line visually. I recalibrated my understanding of the intervals, counting the tenths again and reaffirming where each important decimal lands. I double-checked that I had split the number line correctly at 0.1 and made sure that less than half a mark from that point indeed leads to 0.084. This careful examination ensured my estimations were precise, allowing me to arrive at an accurate solution confidently.\"\n        }\n    ]\n}\n```"
}