{
    "dialogue": "```json\n{\n    \"dialogue\": [\n        {\n            \"role\": \"user\",\n            \"content\": \"You are a student with an ability level of High in a math class. Now, you need to solve a math problem. Please describe your thought process and steps in detail according to your ability level. The math problem is: Problem Task:\\nFind the exact position of 0.08 on a number line.\\n\\nProblem Description:\\nGiven a number line marked with tenths and hundredths. The number line ranges from 0 to 0.1, with each large tick mark representing a tenth and each small tick mark representing a hundredth.\\n\\nTask:\\nDetermine the position of 0.08 on the number line.\\nExplain between which two tenths 0.08 is located.\\nCalculate and mark the specific hundredth where 0.08 is located.\\n\\nHints:\\n\\nPlace this number on the number line. Look at how many tenths 0.08 has, then see how many hundredths it has.\\n0.08 has 0 tenths. This means the number is hidden between 0.0 and 0.1. Count 1 section from the left and click it.\\n0.08 has 0 tenths and 8 hundredths. This number is hidden 8 hundredths after the 0.0 tick mark! To find these hundredths, imagine dividing the space between the 0.0 and 0.1 tick marks into ten smaller sections. If this is difficult, why not try zooming in?\\nYou know 0.08 is between 0.0 and 0.1, but which is it closer to? Is it closer to 0.0, 0.1, or the middle at 0.05?\\nZoom in between the two tick marks by clicking the area where the decimal is located. Each tick mark represents a tenth. Where is 0.08 between the two tenths?\\nStart from 0 and count 0 tick marks, then move 8 hundredths to the right.\\nVerification Questions:\\n\\nAt which specific hundredth is 0.08 located on the number line?\\nIs 0.08 closer to 0.0 or 0.1?\\nCorrect Answer:\\n0.08 is located between 0.065 and 0.094..Ability level classification criteria:\\nLow-level students typically understand math problems slowly and need more time and help to solve them.\\nMedium-level students have a good understanding of math problems and can independently solve most problems.\\nHigh-level students quickly understand math problems, can efficiently solve complex problems, and can provide multiple solutions.\"\n        },\n        {\n            \"role\": \"assistant\",\n            \"content\": \"To solve the problem of finding the position of 0.08 on the number line, I first analyze the range provided: from 0 to 0.1. Noticing that 0.08 has no tenths, it lies between 0.0 and 0.1. I visualize the number line and recognize that each small tick mark represents one hundredth. Since 0.08 has 8 hundredths, I mark the eighth tick mark to the right of 0.0, confirming that 0.08 is correctly positioned between the 0.0 and 0.1 interval.\"\n        },\n        {\n            \"role\": \"user\",\n            \"content\": \"While solving this problem, what assumptions or predictions are you making? How do you decide on the next steps?\"\n        },\n        {\n            \"role\": \"assistant\",\n            \"content\": \"While solving the problem, I am assuming that the number line is evenly divided into tenths and hundredths, meaning I trust that the positioning is accurate if I follow the hints provided. My prediction is that since 0.08 is closer to 0.1 than to 0.0, its location will be significantly toward the right side of the number line. For my next step, I decide to zoom in on the section between 0.0 and 0.1 for more precise placement of 0.08, ensuring that I accurately count the hundredths.\"\n        },\n        {\n            \"role\": \"user\",\n            \"content\": \"Did you encounter any challenges or notice any potential errors during your process? If so, how did you identify them?\"\n        },\n        {\n            \"role\": \"assistant\",\n            \"content\": \"During my process, the main challenge was ensuring that I correctly counted the hundredths without misplacing them. I paid close attention to the spacing between the tick marks and made sure not to overlook any smaller divisions. I identified a potential error when I initially thought I could miscount and place 0.08 too far to one side; however, by double-checking my count of eight ticks from 0.0, I confirmed that I was on track.\"\n        },\n        {\n            \"role\": \"user\",\n            \"content\": \"Once you identified an error or challenge, how did you go about correcting it? What steps did you take to ensure the solution was accurate?\"\n        },\n        {\n            \"role\": \"assistant\",\n            \"content\": \"Once I identified the challenge of potentially miscounting the ticks, I took a moment to reassess my counting method. I carefully counted each tick mark moving from 0.0 to 0.1, verifying that each mark represented one hundredth. To ensure accuracy, I labeled the ticks in my mind as I counted: 0.01, 0.02, 0.03, up to 0.08, making sure not to skip any. This systematic approach confirmed that 0.08 was indeed located at the eighth tick mark, ensuring that my solution was accurate.\"\n        }\n    ]\n}\n```"
}