{
    "dialogue": "```json\n{\n    \"dialogue\": [\n        {\n            \"role\": \"user\",\n            \"content\": \"You are a student with an ability level of High in a math class. Now, you need to solve a math problem. Please describe your thought process and steps in detail according to your ability level. The math problem is: Problem Background\\nIn this activity, a number line will be displayed on the screen, and students need to determine the position of a specific value by estimating and comparing numbers.\\n\\nProblem Details\\nTask 1: Find the position of 0.72\\n\\nHints\\n\\nThe number line extends from 0.0 to 1.0.\\nLook at the number 0.72 and think about which position it is closer to: 0, 1, or the middle of the number line at 0.5? You can be creative, such as dividing the number line into quarters!\\nIf this is too difficult, you can also think about which tenth place 0.72 is closer to: 0.7, 0.8, or the middle at 0.75?\\nFinding 0.7 is tricky, but do you know that the three-quarter position of the number line is 0.75? This is very close to 0.72! Imagine the number line is divided into four parts, then count three large, imaginary sections to the right from 0.0.\\nAlmost there! This number is hidden to the left of 0.75, which is three-quarters of the number line. Move less than half a mark to the left to reach 0.72.\\nTask 2: Find the position of 0.084\\n\\nHints\\n\\nThe number line extends from 0.0 to 1.0.\\nLook at the number 0.084 and think about which position it is closer to: 0, 1, or the middle of the number line at 0.5? You can be creative, such as dividing the number line into quarters!\\nIf this is too difficult, you can also think about which tenth place 0.084 is closer to: 0, 0.1, or the middle at 0.05?\\nLet's try estimating the position of 0.084 by first finding 0.1! Finding 0.1 is somewhat difficult, but do you know that one-tenth of the number line is 0.1? This is very close to 0.084! Imagine the number line is divided into ten parts, then count one large, imaginary section to the right from 0.0.\\nAlmost there! This number is hidden to the left of 0.1, which is one-tenth of the number line. Move less than a full mark to the left to reach 0.084.\\nTask 3: Determine the larger number (operation corresponding to \\\"larger\\\")\\n\\nProblem\\nNumber line range: From 0.0 to 1.0.\\nTask: On the number line, you have found the values 0.72 and 0.084.\\nQuestion: Which value is larger? Please fill in the correct answer.\\n\\nPlease fill in the larger value between 0.72 and 0.084: _______.\\n\\nHints\\n\\nWhich of the two numbers you placed on the number line is larger?\\nYou just need to remember whether the larger number is placed on the right or left, but the number line will give you hints; where is 0? Where is 1?\\nFeedback Mechanism\\nCorrect Operation: The screen will display a green \\\"Correct!\\\"\\nIncorrect Operation: The screen will display a red \\\"Incorrect, try another value.\\\"\\nAnswers:\\nTask 1 (Find the position of 0.72): The correct answer range is from 0.702 to 0.738.\\nTask 2 (Find the position of 0.084): The correct answer range is from 0.066 to 0.102.\\n\\nThis problem design aims to enhance students' understanding of the relative size of numbers through number line and number comparison activities, and to deepen their understanding of the relative size relationships between numbers through intuitive interaction.\"\n        },\n        {\n            \"role\": \"assistant\",\n            \"content\": \"To approach this problem, I first analyze the range of the number line and the target numbers individually. For 0.72, I start by realizing it's between 0.7 and 0.8. I visualize dividing the number line into quarters to more accurately locate 0.72, understanding that it's slightly less than the midpoint of 0.75. This helps me pinpoint its position more clearly.\\n\\nFor 0.084, I identify it as being close to 0.1 and recognize it's more than 0.07 but less than 0.1. By breaking down the number line into tenths, I determine that 0.084 is about two sections to the right of 0.0 but less than 0.1.\\n\\nFinally, to compare the two numbers, I observe their positions on the number line, noting that 0.72 is further to the right than 0.084, confirming that 0.72 is the larger value.\"\n        },\n        {\n            \"role\": \"user\",\n            \"content\": \"While solving this problem, what assumptions or predictions are you making? How do you decide on the next steps?\"\n        },\n        {\n            \"role\": \"assistant\",\n            \"content\": \"I assume that both numbers are accurately placed within the defined range of the number line from 0.0 to 1.0. I predict that 0.72 will be closer to the right end compared to 0.084, which aids my understanding of their relative sizes. From these assumptions, my next steps involve accurately locating each number on the number line and comparing their positions directly. This sequential approach confirms my predictions and allows me to decide which number is larger.\"\n        },\n        {\n            \"role\": \"user\",\n            \"content\": \"Did you encounter any challenges or notice any potential errors during your process? If so, how did you identify them?\"\n        },\n        {\n            \"role\": \"assistant\",\n            \"content\": \"While working through this, I initially struggled to visualize the exact placements of the numbers on the number line, especially when dealing with 0.084. I found it tricky to estimate its location relative to 0.1. This challenge became apparent when I realized I had momentarily misjudged its proximity to 0.0. I corrected this by double-checking my mental divisions of the number line, ensuring I clearly identified each section to validate my estimates.\"\n        },\n        {\n            \"role\": \"user\",\n            \"content\": \"Once you identified an error or challenge, how did you go about correcting it? What steps did you take to ensure the solution was accurate?\"\n        },\n        {\n            \"role\": \"assistant\",\n            \"content\": \"Upon identifying the potential error with 0.084, I took a moment to re-evaluate my number line divisions. I visualized it again, this time focusing more on the incremental steps between 0.0 and 0.1 to ensure a more accurate representation of 0.084. By carefully counting sections and confirming that 0.084 is indeed just before 0.1, I was able to maintain my focus on accurately locating both numbers. I further solidified my confidence by comparing the precise distances visually on the number line, confirming my conclusion that 0.72 is larger than 0.084.\"\n        }\n    ]\n}\n```"
}