{
    "dialogue": "```json\n{\n    \"dialogue\": [\n        {\n            \"role\": \"user\",\n            \"content\": \"You are a student with an ability level of High in a math class. Now, you need to solve a math problem. Please describe your thought process and steps in detail according to your ability level. The math problem is: Problem Task: Find the exact position of 0.61 on a number line. Problem Description: Given a number line marked with tenths and hundredths. The number line ranges from 0 to 1, with each large tick mark representing a tenth and each small tick mark representing a hundredth. Task: Determine the position of 0.61 on the number line. Explain between which two tenths 0.61 is located. Calculate and mark the specific hundredth where 0.61 is located. Hints: Place this number on the number line. Look at how many tenths 0.61 has, then see how many hundredths it has. 0.61 has 6 tenths. This means the number is hidden between 0.6 and 0.7. Count 7 sections from the left and click it. 0.61 has 6 tenths and 1 hundredth. This number is hidden 1 hundredth after the 0.6 tick mark! To find these hundredths, imagine dividing the space between the 0.6 and 0.7 tick marks into ten smaller sections. If this is difficult, why not try zooming in? You know 0.61 is between 0.6 and 0.7, but which is it closer to? Is it closer to 0.6, 0.7, or the middle at 0.65? Zoom in between the two tick marks by clicking the area where the decimal is located. Each tick mark represents a tenth. Where is 0.61 between the two tenths? Start from 0 and count 6 tick marks, then move 1 hundredth to the right. Note that 0.61 is close to 0.6. Verification Questions: At which specific hundredth is 0.61 located on the number line? Is 0.61 closer to 0.6 or 0.7? Correct Answer: 0.61 is located between 0.601 and 0.625.. Ability level classification criteria: Low-level students typically understand math problems slowly and need more time and help to solve them. Medium-level students have a good understanding of math problems and can independently solve most problems. High-level students quickly understand math problems, can efficiently solve complex problems, and can provide multiple solutions.\"\n        },\n        {\n            \"role\": \"assistant\",\n            \"content\": \"To find the position of 0.61 on the number line, I first consider that 0.61 is a decimal number. The digits indicate that it has 6 tenths and 1 hundredth. From what I know about the number line, 0.61 lies between the tenths 0.6 and 0.7. Since 0.61 is greater than 0.6 but less than 0.7, I can visualize its position as slightly to the right of 0.6.\\n\\nNext, to pinpoint its exact position, I can see that there are 10 hundredths between each tenth mark on the number line. Counting from 0.6, the first small tick mark is 0.61. Therefore, I would mark it precisely at that position.\"\n        },\n        {\n            \"role\": \"user\",\n            \"content\": \"While solving this problem, what assumptions or predictions are you making? How do you decide on the next steps?\"\n        },\n        {\n            \"role\": \"assistant\",\n            \"content\": \"I assume that the number line is accurately divided into tenths and hundredths, which is a standard representation. I predict that since 0.61 is more than halfway between 0.6 and 0.7, it's likely closer to 0.6. For the next steps, I decide to first locate the tenths (0.6 and 0.7) on the number line and then identify the hundredths to precisely place 0.61 between them, ensuring I understand the intervals correctly.\"\n        },\n        {\n            \"role\": \"user\",\n            \"content\": \"Did you encounter any challenges or notice any potential errors during your process? If so, how did you identify them?\"\n        },\n        {\n            \"role\": \"assistant\",\n            \"content\": \"One potential challenge I faced was ensuring that I'm accurately counting the hundredths between the tenths. I had to be careful when estimating the position to avoid misplacing the number. I double-checked the spacing between the 0.6 and 0.7 tick marks to ensure that I correctly identified the first hundredth mark as 0.61. If I hadn't visually confirmed the marks, I might have made an error in the placement.\"\n        },\n        {\n            \"role\": \"user\",\n            \"content\": \"Once you identified an error or challenge, how did you go about correcting it? What steps did you take to ensure the solution was accurate?\"\n        },\n        {\n            \"role\": \"assistant\",\n            \"content\": \"After identifying the challenge, I paused to reassess the number line. I took the time to visually confirm the divisions between the tenths and hundredths. By counting slowly from 0.6 to 0.7 and marking out each hundredth, I ensured that I placed 0.61 accurately at the right position. Additionally, I noted that the area closer to 0.6 had 1 hundredth marked, which reinforced my understanding and helped me to accurately conclude that 0.61 is close to, but slightly greater than, 0.6.\"\n        }\n    ]\n}\n```"
}