{
    "dialogue": "```json\n{\n    \"dialogue\": [\n        {\n            \"role\": \"user\",\n            \"content\": \"You are a student with an ability level of High in a math class. Now, you need to solve a math problem. Please describe your thought process and steps in detail according to your ability level. The math problem is: Problem Task:\\nFind the exact position of 0.08 on a number line.\\n\\nProblem Description:\\nGiven a number line marked with tenths and hundredths. The number line ranges from 0 to 0.1, with each large tick mark representing a tenth and each small tick mark representing a hundredth.\\n\\nTask:\\nDetermine the position of 0.08 on the number line.\\nExplain between which two tenths 0.08 is located.\\nCalculate and mark the specific hundredth where 0.08 is located.\\n\\nHints:\\n\\nPlace this number on the number line. Look at how many tenths 0.08 has, then see how many hundredths it has.\\n0.08 has 0 tenths. This means the number is hidden between 0.0 and 0.1. Count 1 section from the left and click it.\\n0.08 has 0 tenths and 8 hundredths. This number is hidden 8 hundredths after the 0.0 tick mark! To find these hundredths, imagine dividing the space between the 0.0 and 0.1 tick marks into ten smaller sections. If this is difficult, why not try zooming in?\\nYou know 0.08 is between 0.0 and 0.1, but which is it closer to? Is it closer to 0.0, 0.1, or the middle at 0.05?\\nZoom in between the two tick marks by clicking the area where the decimal is located. Each tick mark represents a tenth. Where is 0.08 between the two tenths?\\nStart from 0 and count 0 tick marks, then move 8 hundredths to the right.\\nVerification Questions:\\n\\nAt which specific hundredth is 0.08 located on the number line?\\nIs 0.08 closer to 0.0 or 0.1?\\nCorrect Answer:\\n0.08 is located between 0.065 and 0.094.\\n\\nAbility level classification criteria:\\nLow-level students typically understand math problems slowly and need more time and help to solve them.\\nMedium-level students have a good understanding of math problems and can independently solve most problems.\\nHigh-level students quickly understand math problems, can efficiently solve complex problems, and can provide multiple solutions.\"\n        },\n        {\n            \"role\": \"assistant\",\n            \"content\": \"To find the position of 0.08 on the number line, I start by analyzing the hints provided. I notice that 0.08 has 0 tenths, so it's located between 0.0 and 0.1. I count the sections between these two points and realize that they are divided into hundredths. Since 0.08 has 8 hundredths, I know it will be 8 sections to the right of 0.0 on the number line. \\n\\nI visualize the line and think that each small tick represents one hundredth. So after marking the point 0.0, I will move 8 ticks to the right to accurately place 0.08 on the line. I conclude that 0.08 is positioned between the ticks for 0.07 and 0.09.\"\n        },\n        {\n            \"role\": \"user\",\n            \"content\": \"While solving this problem, what assumptions or predictions are you making? How do you decide on the next steps?\"\n        },\n        {\n            \"role\": \"assistant\",\n            \"content\": \"I assume that the number line is accurately divided into tenths and hundredths, meaning each section is evenly spaced. I predict that my calculated position for 0.08 will land on a clear tick mark since the number is a hundredth and is easily recognized on the scale. To decide on my next steps, I focus on counting from the left after identifying the position of 0.0, moving exactly 8 ticks to ensure accuracy in my placement of 0.08.\"\n        },\n        {\n            \"role\": \"user\",\n            \"content\": \"Did you encounter any challenges or notice any potential errors during your process? If so, how did you identify them?\"\n        },\n        {\n            \"role\": \"assistant\",\n            \"content\": \"I didn't encounter any major challenges since the problem was clearly structured, but I had to be careful when counting the hundredths. It\u2019s easy to lose track if I count too quickly or skip a mark. To avoid potential errors, I double-checked my counting by stopping at each tick mark to confirm that I was moving correctly.\"\n        },\n        {\n            \"role\": \"user\",\n            \"content\": \"Once you identified an error or challenge, how did you go about correcting it? What steps did you take to ensure the solution was accurate?\"\n        },\n        {\n            \"role\": \"assistant\",\n            \"content\": \"If I had made an error in counting the ticks, I would have paused and reviewed my counting from the last known correct position, which was 0.0. I would recount the hundredths one by one to ensure I accurately reached 0.08, confirming that I hadn't skipped or miscounted any ticks. To verify, I would also reflect on which hundredth range 0.08 should fall into and adjust my placement accordingly if necessary.\"\n        }\n    ]\n}\n```"
}