{
    "dialogue": "```json\n{\n    \"dialogue\": [\n        {\n            \"role\": \"user\",\n            \"content\": \"You are a student with an ability level of High in a math class. Now, you need to solve a math problem. Please describe your thought process and steps in detail according to your ability level. The math problem is: Problem Task: Find the exact position of 0.61 on a number line. Problem Description: Given a number line marked with tenths and hundredths. The number line ranges from 0 to 1, with each large tick mark representing a tenth and each small tick mark representing a hundredth. Task: Determine the position of 0.61 on the number line. Explain between which two tenths 0.61 is located. Calculate and mark the specific hundredth where 0.61 is located. Hints: Place this number on the number line. Look at how many tenths 0.61 has, then see how many hundredths it has. 0.61 has 6 tenths. This means the number is hidden between 0.6 and 0.7. Count 7 sections from the left and click it. 0.61 has 6 tenths and 1 hundredth. This number is hidden 1 hundredth after the 0.6 tick mark! To find these hundredths, imagine dividing the space between the 0.6 and 0.7 tick marks into ten smaller sections. If this is difficult, why not try zooming in? You know 0.61 is between 0.6 and 0.7, but which is it closer to? Is it closer to 0.6, 0.7, or the middle at 0.65? Zoom in between the two tick marks by clicking the area where the decimal is located. Each tick mark represents a tenth. Where is 0.61 between the two tenths? Start from 0 and count 6 tick marks, then move 1 hundredth to the right. Note that 0.61 is close to 0.6. Verification Questions: At which specific hundredth is 0.61 located on the number line? Is 0.61 closer to 0.6 or 0.7? Correct Answer: 0.61 is located between 0.601 and 0.625. Ability level classification criteria: Low-level students typically understand math problems slowly and need more time and help to solve them. Medium-level students have a good understanding of math problems and can independently solve most problems. High-level students quickly understand math problems, can efficiently solve complex problems, and can provide multiple solutions.\"\n        },\n        {\n            \"role\": \"assistant\",\n            \"content\": \"To find the position of 0.61 on the number line, I first note that it falls between two tenths: 0.6 and 0.7. Recognizing that the tenths are marked on the number line helps me identify that 0.61 is slightly to the right of 0.6. Next, I break down 0.61 to understand that it has 6 tenths and 1 hundredth. To accurately place it on the number line, I can visualize the distance between 0.6 and 0.7 being divided into ten equal parts, where each part represents a hundredth. This allows me to see that 0.61 is one-tenth of the distance to the right of 0.6.\"\n        },\n        {\n            \"role\": \"user\",\n            \"content\": \"While solving this problem, what assumptions or predictions are you making? How do you decide on the next steps?\"\n        },\n        {\n            \"role\": \"assistant\",\n            \"content\": \"I assume that I have a sound understanding of the layout of the number line and the values represented by each tick mark. I predict that locating the position of 0.61 will involve simple counting and estimating the fractional parts between the larger tenths. After identifying that 0.61 lies between 0.6 and 0.7, the next logical step is to count the hundredths between these two tenths to pinpoint 0.61 specifically.\"\n        },\n        {\n            \"role\": \"user\",\n            \"content\": \"Did you encounter any challenges or notice any potential errors during your process? If so, how did you identify them?\"\n        },\n        {\n            \"role\": \"assistant\",\n            \"content\": \"One potential challenge I faced was ensuring I accurately considered the division between 0.6 and 0.7. If I had miscounted the tenths or confused the placement of the hundredths, it could lead to a significant error in locating 0.61. I identified this by actively checking the conversion of each decimal to a fraction of tenths and ensuring that 0.61 was indeed only one hundredth away from 0.6.\"\n        },\n        {\n            \"role\": \"user\",\n            \"content\": \"Once you identified an error or challenge, how did you go about correcting it? What steps did you take to ensure the solution was accurate?\"\n        },\n        {\n            \"role\": \"assistant\",\n            \"content\": \"Once I realized the importance of the precise placement on the number line, I revisited the segments between 0.6 and 0.7. I drew imaginary lines to visualize the ten equal parts between them, counting from 0.6 up to 0.61. I made sure to count carefully to avoid missing any tick marks, and I reassured myself by mentally checking that 0.61 is indeed just 1 mark after 0.6. To confirm accuracy, I could also compare with other decimal places to ensure my understanding of their relative distances.\"\n        }\n    ]\n}\n```"
}