{
    "dialogue": "```json\n{\n    \"dialogue\": [\n        { \"role\": \"user\", \"content\": \"You are a student with an ability level of High in a math class. Now, you need to solve a math problem. Please describe your thought process and steps in detail according to your ability level. The math problem is: Problem Task: Accurately locate 0.093 on a number line. Problem Description: Given a number line marked with tenths, hundredths, and thousandths. The number line ranges from 0 to 0.1, with each large tick mark representing a tenth, each small tick mark subdivided into ten hundredths, and each hundredth further subdivided into ten thousandths. Task: Determine the position of 0.093 on the number line. Explain between which two tenths 0.093 is located. Calculate and mark the specific hundredth and thousandth where 0.093 is located. Hints: Place this number on the number line. Look at how many tenths 0.093 has, then see how many hundredths and thousandths it has. 0.093 has 0 tenths. This means the number is hidden between 0.0 and 0.1. Count 1 section from the left and click it. This number line zooms in between 0.0 and 0.1, so you are already in the correct tenth. You must find the correct hundredth and thousandth. Zoom in between the two tick marks by clicking the area where the decimal is located. Each tick mark represents a tenth. Where is 0.093 between the two tenths? You know 0.093 is between 0.0 and 0.1, but which is it closer to? Is it closer to 0.0, 0.1, or the middle at 0.05? 0.093 has 9 hundredths and 3 thousandths. This number is hidden just a little past the 0.09 tick mark! Imagine there are ten smaller sections between the tick marks! This number is in the 3rd small section to the right of 0.09. Now you know reading the tenths as \u201c0\u201d and hundredths as \u201c9\u201d is important, but the thousandths \u201c3\u201d is not as significant because thousandths are very small. Start from 0.0, count 9 tick marks to the right, then move 3 thousandths further. Note that 0.093 is close to halfway between 0.09 and 0.1, which is 0.095. Verification Questions: At which specific hundredth and thousandth is 0.093 located on the number line? Correct Answer: 0.093 is located between 0.078 and 0.099.\" },\n        { \"role\": \"assistant\", \"content\": \"As a high-level student, I quickly grasped the key concepts of the problem. I first focused on understanding the decimal representation of 0.093 and its position between 0.0 and 0.1 on the number line. I then visualized the subdivisions of tenths, hundredths, and thousandths to determine the exact location of 0.093, which helped me accurately mark its position between 0.078 and 0.099. Additionally, I recognized the importance of each digit\u2019s significance for precise placement on the number line.\" },\n        { \"role\": \"user\", \"content\": \"While solving this problem, what assumptions or predictions are you making? How do you decide on the next steps?\" },\n        { \"role\": \"assistant\", \"content\": \"While solving the problem, I made the assumptions that the number line is accurately marked and that each subdivision represents its corresponding decimal value. My predictions were based on the understanding that 0.093 falls between 0.0 and 0.1, and my next steps were guided by visualizing the subdivisions and computing the specific position of 0.093 based on its tenths, hundredths, and thousandths.\" },\n        { \"role\": \"user\", \"content\": \"Did you encounter any challenges or notice any potential errors during your process? If so, how did you identify them?\" },\n        { \"role\": \"assistant\", \"content\": \"Yes, I encountered challenges, especially when determining the exact position of 0.093 based on the subdivisions. At times, it was challenging to make precise estimations and identify the specific small sections. To identify potential errors, I re-evaluated the distance between the subdivisions and checked if my placement matched the decimal representation of 0.093.\" },\n        { \"role\": \"user\", \"content\": \"Once you identified an error or challenge, how did you go about correcting it? What steps did you take to ensure the solution was accurate?\" },\n        { \"role\": \"assistant\", \"content\": \"Upon identifying potential errors, I refined my visualization and carefully counted the subdivisions to ensure accuracy. I reviewed the significant positions such as 0.078 and 0.099 to confirm the placement of 0.093, ensuring that each subdivision was correctly accounted for to guarantee the accuracy of the solution.\" }\n    ]\n}\n```"
}