{
    "dialogue": "{\n    \"dialogue\": [\n        {\n            \"role\": \"user\",\n            \"content\": \"You are a student with an ability level of High in a math class. Now, you need to solve a math problem. Please describe your thought process and steps in detail according to your ability level. The math problem is: Problem Background\\nIn this activity, a number line will be displayed on the screen, and students need to determine the position of a specific value by estimating and comparing numbers.\\n\\nProblem Details\\nTask 1: Find the position of 0.15\\n\\nHints\\n\\nThe number line extends from 0.0 to 1.0.\\nLook at the number 0.15 and think about which position it is closer to: 0, 1, or the middle of the number line at 0.5? You can be creative, such as dividing the number line into quarters!\\nIf this is too difficult, you can also think about which tenth place 0.15 is closer to: 0.1, 0.2, or the middle at 0.15?\\nLet's try estimating the position of 0.15 by first finding 0.1! Start from the left end of the number line at 0.0. 0.1 should be one-tenth of a mark to the right of 0.0. Do you know if 0.15 is to the left or right of 0.1?\\nFinding 0.1 is better than finding 0.2 because finding 0.2 is more complicated. This number is hidden to the right of 0.1. Move half a mark to the right to reach the position of 0.15.\\nTask 2: Find the position of 0.643\\n\\nHints\\n\\nThe number line extends from 0.0 to 1.0.\\nLook at the number 0.643 and think about which position it is closer to: 0, 1, or the middle of the number line at 0.5? You can be creative, such as dividing the number line into quarters!\\nIf this is too difficult, you can also think about which tenth place 0.643 is closer to: 0.6, 0.7, or the middle at 0.65?\\nLet's try estimating the position of 0.643 by first finding 0.6! Start from the middle of the number line at 0.5. 0.6 should be one-tenth of a mark to the right of 0.5. Do you know if 0.643 is to the left or right of 0.6?\\nFinding 0.6 is better than finding 0.7 because finding 0.7 is more complicated. This number is hidden to the right of 0.6. Move half a mark to the right to reach the position of 0.643.\\nTask 3: Determine the larger number (operation corresponding to \\\"larger\\\")\\n\\nProblem\\nNumber line range: From 0.0 to 1.0.\\nTask: On the number line, you have found the values 0.15 and 0.643.\\nQuestion: Which value is larger? Please fill in the correct answer.\\n\\nPlease fill in the larger value between 0.15 and 0.643: _______.\\n\\nHints\\n\\nWhich of the two numbers you placed on the number line is larger?\\nYou just need to remember whether the larger number is placed on the right or left, but the number line will give you hints; where is 0? Where is 1?\\nFeedback Mechanism\\nCorrect Operation: The screen will display a green \\\"Correct!\\\"\\nIncorrect Operation: The screen will display a red \\\"Incorrect, try another value.\\\"\\nAnswers:\\nFor Task 1: Find the position of 0.15, the correct answer range is from 0.133 to 0.167.\\nFor Task 2: Find the position of 0.643, the correct answer range is from 0.625 to 0.661.\\n\\nThis problem design aims to enhance students' understanding of the relative size of numbers through number line and number comparison activities, and to deepen their understanding of the relative size relationships between numbers through intuitive interaction..Ability level classification criteria:\\nLow-level students typically understand math problems slowly and need more time and help to solve them.\\nMedium-level students have a good understanding of math problems and can independently solve most problems.\\nHigh-level students quickly understand math problems, can efficiently solve complex problems, and can provide multiple solutions.\"\n        },\n        {\n            \"role\": \"assistant\",\n            \"content\": \"First, I read through the problem description and the hints provided for each task. The first task requires me to find the position of 0.15 on the number line. I think about where 0.15 fits in relation to 0, 1, and the midpoint of the number line, which is 0.5. By estimating that 0.15 is closer to 0.1, I can find its position by moving from 0.0 to 0.1 and then making a smaller move to the right, as 0.15 is just a little more than 0.1.\\n\\nFor Task 2, I repeat this process to find the position of 0.643. Starting again from the midpoint 0.5, I realize 0.643 is closer to 0.6. So, after determining 0.6's position, I'd move slightly more to the right to locate 0.643. When comparing 0.15 and 0.643 in Task 3, it's evident that 0.643 is larger because it is farther along on the number line.\"\n        },\n        {\n            \"role\": \"user\",\n            \"content\": \"While solving this problem, what assumptions or predictions are you making? How do you decide on the next steps?\"\n        },\n        {\n            \"role\": \"assistant\",\n            \"content\": \"While solving this problem, I made several assumptions based on my understanding of number locations on a number line. I assumed that the number line is continuous and that numbers to the right are always larger. When estimating the position of 0.15, I predicted that it would be a little more than 0.1 after considering its relation to other numbers.\\n\\nAdditionally, for 0.643, I assumed it would be just slightly to the right of 0.6 while ensuring I correctly calculated that distance. As I evaluated each task, I made my next steps based on visualizing where each number lands relative to common benchmarks I know well, such as 0.0, 0.5, and 1.0.\"\n        },\n        {\n            \"role\": \"user\",\n            \"content\": \"Did you encounter any challenges or notice any potential errors during your process? If so, how did you identify them?\"\n        },\n        {\n            \"role\": \"assistant\",\n            \"content\": \"Yes, I encountered challenges, particularly in estimating the increments accurately when placing the numbers. Initially, I hesitated while locating 0.15 because I had to determine if I was moving too far to the right from 0.1. I identified these potential errors by repeatedly checking my placements against what I know about decimal values. For example, when I compared 0.15 and found myself second-guessing which was larger, I recognized that I needed to double-check where they fell on the number line relative to each other since I know 0.15 is much less than 0.643.\"\n        },\n        {\n            \"role\": \"user\",\n            \"content\": \"Once you identified an error or challenge, how did you go about correcting it? What steps did you take to ensure the solution was accurate?\"\n        },\n        {\n            \"role\": \"assistant\",\n            \"content\": \"Once I identified an error in my placement, I took steps to correct my visual estimates. I focused on using reference points such as 0.0, 0.5, and 1.0 more clearly to guide my reasoning about distances. For example, when estimating 0.15, I positioned it between 0.1 and 0.2, which helped me see its approximate location. \\n\\nFor comparison, I verified my placement by thinking back to crucial intervals on the number line and reevaluating distances by estimating tenths or hundredths relative to the established benchmarks. This process allowed me to become more confident in my placements and comparisons, leading me to the correct conclusion that 0.643 is indeed larger than 0.15.\"\n        }\n    ]\n}"
}