{
    "dialogue": "```json\n{\n    \"dialogue\": [\n        {\n            \"role\": \"user\",\n            \"content\": \"You are a student with an ability level of High in a math class. Now, you need to solve a math problem. Please describe your thought process and steps in detail according to your ability level. The math problem is: Problem Background\\nIn this activity, a number line will be displayed on the screen, and students need to determine the position of a specific value by estimating and comparing numbers.\\n\\nProblem Details\\nTask 1: Find the position of 0.15\\n\\nHints\\n\\nThe number line extends from 0.0 to 1.0.\\nLook at the number 0.15 and think about which position it is closer to: 0, 1, or the middle of the number line at 0.5? You can be creative, such as dividing the number line into quarters!\\nIf this is too difficult, you can also think about which tenth place 0.15 is closer to: 0.1, 0.2, or the middle at 0.15?\\nLet's try estimating the position of 0.15 by first finding 0.1! Start from the left end of the number line at 0.0. 0.1 should be one-tenth of a mark to the right of 0.0. Do you know if 0.15 is to the left or right of 0.1?\\nFinding 0.1 is better than finding 0.2 because finding 0.2 is more complicated. This number is hidden to the right of 0.1. Move half a mark to the right to reach the position of 0.15.\\nTask 2: Find the position of 0.643\\n\\nHints\\n\\nThe number line extends from 0.0 to 1.0.\\nLook at the number 0.643 and think about which position it is closer to: 0, 1, or the middle of the number line at 0.5? You can be creative, such as dividing the number line into quarters!\\nIf this is too difficult, you can also think about which tenth place 0.643 is closer to: 0.6, 0.7, or the middle at 0.65?\\nLet's try estimating the position of 0.643 by first finding 0.6! Start from the middle of the number line at 0.5. 0.6 should be one-tenth of a mark to the right of 0.5. Do you know if 0.643 is to the left or right of 0.6?\\nFinding 0.6 is better than finding 0.7 because finding 0.7 is more complicated. This number is hidden to the right of 0.6. Move half a mark to the right to reach the position of 0.643.\\nTask 3: Determine the larger number (operation corresponding to \\\"larger\\\")\\n\\nProblem\\nNumber line range: From 0.0 to 1.0.\\nTask: On the number line, you have found the values 0.15 and 0.643.\\nQuestion: Which value is larger? Please fill in the correct answer.\\n\\nPlease fill in the larger value between 0.15 and 0.643: _______.\\n\\nHints\\n\\nWhich of the two numbers you placed on the number line is larger?\\nYou just need to remember whether the larger number is placed on the right or left, but the number line will give you hints; where is 0? Where is 1?\\nFeedback Mechanism\\nCorrect Operation: The screen will display a green \\\"Correct!\\\"\\nIncorrect Operation: The screen will display a red \\\"Incorrect, try another value.\\\"\\nAnswers:\\nFor Task 1: Find the position of 0.15, the correct answer range is from 0.133 to 0.167.\\nFor Task 2: Find the position of 0.643, the correct answer range is from 0.625 to 0.661.\\n\\nThis problem design aims to enhance students' understanding of the relative size of numbers through number line and number comparison activities, and to deepen their understanding of the relative size relationships between numbers through intuitive interaction..Ability level classification criteria:\\nLow-level students typically understand math problems slowly and need more time and help to solve them.\\nMedium-level students have a good understanding of math problems and can independently solve most problems.\\nHigh-level students quickly understand math problems, can efficiently solve complex problems, and can provide multiple solutions.\"\n        },\n        {\n            \"role\": \"assistant\",\n            \"content\": \"First, I read through the problem and the hints provided for each task. The tasks involve identifying the position of 0.15 and 0.643 on a number line, as well as comparing these values. I understood that the number line runs from 0.0 to 1.0. For 0.15, I recognized that it is closer to 0.1 than to 0.2. By estimating, I figured I'd place 0.1, which is one-tenth to the right of 0.0, and then move a little further to the right for 0.15.\\n\\nFor 0.643, knowing it\u2019s closest to 0.6, I decided to place 0.6 first, starting from 0.5. Since 0.643 is slightly more than 0.6, I would move half a mark to the right to reach its approximate location.\\n\\nFinally, for the task comparing 0.15 and 0.643, I organized my responses based on their placements; it was clear 0.643 should be larger since it is further along the number line.\"\n        },\n        {\n            \"role\": \"user\",\n            \"content\": \"While solving this problem, what assumptions or predictions are you making? How do you decide on the next steps?\"\n        },\n        {\n            \"role\": \"assistant\",\n            \"content\": \"While working through the problem, I assumed that my understanding of decimal placement on a number line would guide my decision-making process. I predicted that both 0.15 and 0.643 would fall within easy distances from their nearby benchmarks: 0.1 for 0.15, and 0.6 for 0.643. To decide on the next steps, I focused on identifying those nearby benchmarks first. With each finding, I could accurately visualise where each number would fall on the number line, allowing me to make smaller movements as necessary.\"\n        },\n        {\n            \"role\": \"user\",\n            \"content\": \"Did you encounter any challenges or notice any potential errors during your process? If so, how did you identify them?\"\n        },\n        {\n            \"role\": \"assistant\",\n            \"content\": \"Absolutely, I faced challenges, particularly with estimating the distances accurately. I noticed that when looking for the positions, I momentarily confused where 0.15 would be relative to 0.1 and 0.2. I realized this error when I tried to visualize the number line and saw I had placed 0.15 closer to 0.2 than it should be. For the comparison of 0.15 and 0.643, I hesitated at first, unsure if I completely understood which number would land on the right. My doubts prompted me to re-evaluate their decimal placements.\"\n        },\n        {\n            \"role\": \"user\",\n            \"content\": \"Once you identified an error or challenge, how did you go about correcting it? What steps did you take to ensure the solution was accurate?\"\n        },\n        {\n            \"role\": \"assistant\",\n            \"content\": \"To correct my errors, I went back to the basics of the number line and reaffirmed the positions of 0.1, 0.15, 0.6, and 0.643 with an accurate visualization. I re-assessed their relative distances, making sure to represent 0.15 as being just slightly beyond 0.1, and not overly close to 0.2. I also worked on writing down the decimal values in fractional form when comparing them to solidify which number was larger. Finally, I double-checked my placements by mentally recalling how each decimal translates onto the number line, confirming that their positions reflected their actual values.\"\n        }\n    ]\n}\n```"
}