{
    "dialogue": "```json\n{\n    \"dialogue\": [\n        {\n            \"role\": \"user\",\n            \"content\": \"You are a student with an ability level of High in a math class. Now, you need to solve a math problem. Please describe your thought process and steps in detail according to your ability level. The math problem is: Problem Background\\nIn this activity, a number line will be displayed on the screen, and students need to determine the position of a specific value by estimating and comparing numbers.\\n\\nProblem Details\\nTask 1: Find the position of 0.15\\n\\nHints\\n\\nThe number line extends from 0.0 to 1.0.\\nLook at the number 0.15 and think about which position it is closer to: 0, 1, or the middle of the number line at 0.5? You can be creative, such as dividing the number line into quarters!\\nIf this is too difficult, you can also think about which tenth place 0.15 is closer to: 0.1, 0.2, or the middle at 0.15?\\nLet's try estimating the position of 0.15 by first finding 0.1! Start from the left end of the number line at 0.0. 0.1 should be one-tenth of a mark to the right of 0.0. Do you know if 0.15 is to the left or right of 0.1?\\nFinding 0.1 is better than finding 0.2 because finding 0.2 is more complicated. This number is hidden to the right of 0.1. Move half a mark to the right to reach the position of 0.15.\\nTask 2: Find the position of 0.643\\n\\nHints\\n\\nThe number line extends from 0.0 to 1.0.\\nLook at the number 0.643 and think about which position it is closer to: 0, 1, or the middle of the number line at 0.5? You can be creative, such as dividing the number line into quarters!\\nIf this is too difficult, you can also think about which tenth place 0.643 is closer to: 0.6, 0.7, or the middle at 0.65?\\nLet's try estimating the position of 0.643 by first finding 0.6! Start from the middle of the number line at 0.5. 0.6 should be one-tenth of a mark to the right of 0.5. Do you know if 0.643 is to the left or right of 0.6?\\nFinding 0.6 is better than finding 0.7 because finding 0.7 is more complicated. This number is hidden to the right of 0.6. Move half a mark to the right to reach the position of 0.643.\\nTask 3: Determine the larger number (operation corresponding to \\\"larger\\\")\\n\\nProblem\\nNumber line range: From 0.0 to 1.0.\\nTask: On the number line, you have found the values 0.15 and 0.643.\\nQuestion: Which value is larger? Please fill in the correct answer.\\n\\nPlease fill in the larger value between 0.15 and 0.643: _______.\\n\\nHints\\n\\nWhich of the two numbers you placed on the number line is larger?\\nYou just need to remember whether the larger number is placed on the right or left, but the number line will give you hints; where is 0? Where is 1?\\nFeedback Mechanism\\nCorrect Operation: The screen will display a green \\\"Correct!\\\"\\nIncorrect Operation: The screen will display a red \\\"Incorrect, try another value.\\\"\\nAnswers:\\nFor Task 1: Find the position of 0.15, the correct answer range is from 0.133 to 0.167.\\nFor Task 2: Find the position of 0.643, the correct answer range is from 0.625 to 0.661.\\n\\nThis problem design aims to enhance students' understanding of the relative size of numbers through number line and number comparison activities, and to deepen their understanding of the relative size relationships between numbers through intuitive interaction..Ability level classification criteria:\\nLow-level students typically understand math problems slowly and need more time and help to solve them.\\nMedium-level students have a good understanding of math problems and can independently solve most problems.\\nHigh-level students quickly understand math problems, can efficiently solve complex problems, and can provide multiple solutions.\"\n        },\n        {\n            \"role\": \"assistant\",\n            \"content\": \"To solve the problem, my first step is to visualize the number line ranging from 0.0 to 1.0. I know that 0.15 is a small value, so it should be located closer to the left side of the number line. Compared to 0.0 and 0.5, I recognize that 0.15 is much closer to 0.1 than to 0.5, so I will focus on that initial reference point. I can also think about dividing the number line into smaller segments to help pinpoint its exact location.\\n\\nFor Task 1, I'd first look for the position of 0.1, which is one-tenth of a mark from 0.0, and then I would estimate that 0.15 is a bit to the right of 0.1. I'd place it approximately halfway between 0.1 and 0.2. Moving on to Task 2, I\u2019d find 0.6 as a similar reference point, starting from 0.5 and moving one-tenth to the right. Since 0.643 is just slightly more than 0.6, I would estimate it as close to that point. Finally, for Task 3, I would compare the two values on the number line and clearly see that 0.643 is larger than 0.15 because it is further to the right.\"\n        },\n        {\n            \"role\": \"user\",\n            \"content\": \"While solving this problem, what assumptions or predictions are you making? How do you decide on the next steps?\"\n        },\n        {\n            \"role\": \"assistant\",\n            \"content\": \"I assume that I have a good grasp of the positions and relationships of decimal numbers, especially how to visualize them on a number line. I also predict that by finding the reference points for both 0.15 and 0.643 first, it will help in determining their positions more clearly. When I decide on my next steps, I focus on identifying the immediate nearby values to each target number, which helps me narrow down their positions effectively. For example, finding 0.1 before estimating 0.15 makes the process simpler and clearer.\"\n        },\n        {\n            \"role\": \"user\",\n            \"content\": \"Did you encounter any challenges or notice any potential errors during your process? If so, how did you identify them?\"\n        },\n        {\n            \"role\": \"assistant\",\n            \"content\": \"One challenge I faced was ensuring that I accurately located the numbers on the number line, especially distinguishing between similar decimal values. For instance, while determining where 0.15 and 0.643 are located, it\u2019s easy to confuse them with nearby decimals like 0.1 or 0.6. I identified potential errors by double-checking the placement of each number by referencing my understanding of the value increments. I also mentally traced my steps backward to ensure that I haven\u2019t accidentally misjudged their relative positions.\"\n        },\n        {\n            \"role\": \"user\",\n            \"content\": \"Once you identified an error or challenge, how did you go about correcting it? What steps did you take to ensure the solution was accurate?\"\n        },\n        {\n            \"role\": \"assistant\",\n            \"content\": \"When I identified a challenge, such as misplacing a value, I would take a step back and reassess my calculations. For example, if I initially estimated 0.15 too far from 0.1, I would reevaluate the decimal sections on my number line. I'd visualize or draw the number line again and carefully mark the reference points. After correcting the placement, I would re-confirm the relationships between the numbers to ensure accuracy. I also made sure to take my time with each step, especially when moving from one reference point to the next, allowing for precise measurements rather than rushing through the process to prevent any oversight.\"\n        }\n    ]\n}\n```"
}