{
    "dialogue": "```json\n{\n    \"dialogue\": [\n        {\n            \"role\": \"user\",\n            \"content\": \"You are a student with an ability level of High in a math class. Now, you need to solve a math problem. Please describe your thought process and steps in detail according to your ability level. The math problem is: Problem Background\\nIn this activity, a number line will be displayed on the screen, and students need to determine the position of a specific value by estimating and comparing numbers.\\n\\nProblem Details\\nTask 1: Find the position of 0.15\\n\\nHints\\n\\nThe number line extends from 0.0 to 1.0.\\nLook at the number 0.15 and think about which position it is closer to: 0, 1, or the middle of the number line at 0.5? You can be creative, such as dividing the number line into quarters!\\nIf this is too difficult, you can also think about which tenth place 0.15 is closer to: 0.1, 0.2, or the middle at 0.15?\\nLet's try estimating the position of 0.15 by first finding 0.1! Start from the left end of the number line at 0.0. 0.1 should be one-tenth of a mark to the right of 0.0. Do you know if 0.15 is to the left or right of 0.1?\\nFinding 0.1 is better than finding 0.2 because finding 0.2 is more complicated. This number is hidden to the right of 0.1. Move half a mark to the right to reach the position of 0.15.\\nTask 2: Find the position of 0.643\\n\\nHints\\n\\nThe number line extends from 0.0 to 1.0.\\nLook at the number 0.643 and think about which position it is closer to: 0, 1, or the middle of the number line at 0.5? You can be creative, such as dividing the number line into quarters!\\nIf this is too difficult, you can also think about which tenth place 0.643 is closer to: 0.6, 0.7, or the middle at 0.65?\\nLet's try estimating the position of 0.643 by first finding 0.6! Start from the middle of the number line at 0.5. 0.6 should be one-tenth of a mark to the right of 0.5. Do you know if 0.643 is to the left or right of 0.6?\\nFinding 0.6 is better than finding 0.7 because finding 0.7 is more complicated. This number is hidden to the right of 0.6. Move half a mark to the right to reach the position of 0.643.\\nTask 3: Determine the larger number (operation corresponding to \\\"larger\\\")\\n\\nProblem\\nNumber line range: From 0.0 to 1.0.\\nTask: On the number line, you have found the values 0.15 and 0.643.\\nQuestion: Which value is larger? Please fill in the correct answer.\\n\\nPlease fill in the larger value between 0.15 and 0.643: _______.\\n\\nHints\\n\\nWhich of the two numbers you placed on the number line is larger?\\nYou just need to remember whether the larger number is placed on the right or left, but the number line will give you hints; where is 0? Where is 1?\\nFeedback Mechanism\\nCorrect Operation: The screen will display a green \\\"Correct!\\\"\\nIncorrect Operation: The screen will display a red \\\"Incorrect, try another value.\\\"\\nAnswers:\\nFor Task 1: Find the position of 0.15, the correct answer range is from 0.133 to 0.167.\\nFor Task 2: Find the position of 0.643, the correct answer range is from 0.625 to 0.661.\\n\\nThis problem design aims to enhance students' understanding of the relative size of numbers through number line and number comparison activities, and to deepen their understanding of the relative size relationships between numbers through intuitive interaction..Ability level classification criteria:\\nLow-level students typically understand math problems slowly and need more time and help to solve them.\\nMedium-level students have a good understanding of math problems and can independently solve most problems.\\nHigh-level students quickly understand math problems, can efficiently solve complex problems, and can provide multiple solutions.\"\n        },\n        {\n            \"role\": \"assistant\",\n            \"content\": \"To approach this problem, I began by analyzing the tasks presented. For both tasks, I concentrated on identifying the specific values and their approximate locations on the number line. For Task 1, I noted that 0.15 is around one-seventh of the way between 0.0 and 0.2. I also recognized that the position of 0.15 would be closer to 0.1 than to 0.2 based on my understanding of decimal places. I estimated that 0.15 should fall to the right of 0.1 and slightly to the left of 0.2.\\n\\nFor Task 2, I started with the value of 0.643. Since this is a larger number, I anticipated it would be closer to 0.7 than to 0.6. I used the hints provided to pinpoint 0.6 first and then moved right past it to find 0.643. My prior knowledge of decimals guided me in accurately estimating its position. Finally, in Task 3, I needed to compare the two numbers I previously marked and decided which was larger by visually assessing their positions on the number line.\"\n        },\n        {\n            \"role\": \"user\",\n            \"content\": \"While solving this problem, what assumptions or predictions are you making? How do you decide on the next steps?\"\n        },\n        {\n            \"role\": \"assistant\",\n            \"content\": \"While working through the problem, my main assumption was that the number line is a continuous representation of values from 0.0 to 1.0, with increasing values moving from left to right. I predicted that I would find each number's position relative to benchmarks such as 0.0, 0.5, and 1.0. My approach led me to start by locating smaller benchmarks first, like 0.1 for 0.15 and 0.6 for 0.643. I decided on my next steps based on how close each target value was to these known points, opting to make smaller increments for precise placements rather than larger leaps which could lead to inaccuracies.\"\n        },\n        {\n            \"role\": \"user\",\n            \"content\": \"Did you encounter any challenges or notice any potential errors during your process? If so, how did you identify them?\"\n        },\n        {\n            \"role\": \"assistant\",\n            \"content\": \"Yes, I did encounter challenges while estimating the numbers on the number line. Initially, I felt uncertain about the placement of 0.15; I was tempted to overestimate or underestimate its position relative to 0.1. Additionally, while determining the position of 0.643, I second-guessed whether I should have allotted more distance moving past 0.6. I identified these potential errors by cross-referencing my placements with the expected value ranges provided in the hints and by ensuring that my visualizations were aligned with how numbers are compared.\"\n        },\n        {\n            \"role\": \"user\",\n            \"content\": \"Once you identified an error or challenge, how did you go about correcting it? What steps did you take to ensure the solution was accurate?\"\n        },\n        {\n            \"role\": \"assistant\",\n            \"content\": \"Upon recognizing any errors, I took a systematic approach to correction. I first revisited the relationships between the numbers and the benchmarks on the number line, which helped solidify my understanding of their placements. For instance, to correct the placement of 0.15, I went back to the 0.1 benchmark, visualized a smaller segment, and made sure my estimation was accurate, placing 0.15 in between 0.1 and 0.2. For the placement of 0.643, I recalibrated my assessment by intersecting it with the decimal representation and ensuring I counted my tenths accurately between 0.6 and 0.7. This reflective process helped me ensure I arrived at verified and accurate placements for the numbers involved.\"\n        }\n    ]\n}\n```"
}