{
    "dialogue": "```json\n{\n    \"dialogue\": [\n        {\n            \"role\": \"user\",\n            \"content\": \"You are a student with an ability level of High in a math class. Now, you need to solve a math problem. Please describe your thought process and steps in detail according to your ability level. The math problem is: Problem Background\\nIn this activity, a number line will be displayed on the screen, and students need to determine the position of a specific value by estimating and comparing numbers.\\n\\nProblem Details\\nTask 1: Find the position of 0.15\\n\\nHints\\n\\nThe number line extends from 0.0 to 1.0.\\nLook at the number 0.15 and think about which position it is closer to: 0, 1, or the middle of the number line at 0.5? You can be creative, such as dividing the number line into quarters!\\nIf this is too difficult, you can also think about which tenth place 0.15 is closer to: 0.1, 0.2, or the middle at 0.15?\\nLet's try estimating the position of 0.15 by first finding 0.1! Start from the left end of the number line at 0.0. 0.1 should be one-tenth of a mark to the right of 0.0. Do you know if 0.15 is to the left or right of 0.1?\\nFinding 0.1 is better than finding 0.2 because finding 0.2 is more complicated. This number is hidden to the right of 0.1. Move half a mark to the right to reach the position of 0.15.\\nTask 2: Find the position of 0.643\\n\\nHints\\n\\nThe number line extends from 0.0 to 1.0.\\nLook at the number 0.643 and think about which position it is closer to: 0, 1, or the middle of the number line at 0.5? You can be creative, such as dividing the number line into quarters!\\nIf this is too difficult, you can also think about which tenth place 0.643 is closer to: 0.6, 0.7, or the middle at 0.65?\\nLet's try estimating the position of 0.643 by first finding 0.6! Start from the middle of the number line at 0.5. 0.6 should be one-tenth of a mark to the right of 0.5. Do you know if 0.643 is to the left or right of 0.6?\\nFinding 0.6 is better than finding 0.7 because finding 0.7 is more complicated. This number is hidden to the right of 0.6. Move half a mark to the right to reach the position of 0.643.\\nTask 3: Determine the larger number (operation corresponding to \\\"larger\\\")\\n\\nProblem\\nNumber line range: From 0.0 to 1.0.\\nTask: On the number line, you have found the values 0.15 and 0.643.\\nQuestion: Which value is larger? Please fill in the correct answer.\\n\\nPlease fill in the larger value between 0.15 and 0.643: _______.\\n\\nHints\\n\\nWhich of the two numbers you placed on the number line is larger?\\nYou just need to remember whether the larger number is placed on the right or left, but the number line will give you hints; where is 0? Where is 1?\\nFeedback Mechanism\\nCorrect Operation: The screen will display a green \\\"Correct!\\\"\\nIncorrect Operation: The screen will display a red \\\"Incorrect, try another value.\\\"\\nAnswers:\\nFor Task 1: Find the position of 0.15, the correct answer range is from 0.133 to 0.167.\\nFor Task 2: Find the position of 0.643, the correct answer range is from 0.625 to 0.661.\\n\\nThis problem design aims to enhance students' understanding of the relative size of numbers through number line and number comparison activities, and to deepen their understanding of the relative size relationships between numbers through intuitive interaction..Ability level classification criteria:\\nLow-level students typically understand math problems slowly and need more time and help to solve them.\\nMedium-level students have a good understanding of math problems and can independently solve most problems.\\nHigh-level students quickly understand math problems, can efficiently solve complex problems, and can provide multiple solutions.\"\n        },\n        {\n            \"role\": \"assistant\",\n            \"content\": \"First, I analyzed the problem details and hints given for Tasks 1 and 2. In Task 1, I need to locate the position of 0.15 on the number line. I began by noting that the number line extends from 0.0 to 1.0. I inferred that 0.15 is clearly closer to 0.1 and also slightly above it, as 0.1 is a tenth mark away from 0.0. I then visualized moving from 0.0 to 0.1 first, which I estimated would take me one-tenth of the distance. After reaching 0.1, I realized that I needed to move slightly to the right, which is where I arrived at 0.15. For Task 2, finding 0.643 would involve identifying 0.6 first since it's a more manageable step. Again, I visualized starting at the midpoint of 0.5 and moving slightly to the right to find 0.6, then shifting a bit more to reach 0.643. I had confidence in my ability to accurately place these decimal values.\"\n        },\n        {\n            \"role\": \"user\",\n            \"content\": \"While solving this problem, what assumptions or predictions are you making? How do you decide on the next steps?\"\n        },\n        {\n            \"role\": \"assistant\",\n            \"content\": \"While solving the problem, I made several assumptions based on my knowledge of decimals and the concept of number lines. I assumed that the number line is evenly divided and that I could estimate my placements based on known values (like 0.1, 0.5, and 1.0). I predicted that locating smaller values like 0.15 and 0.643 would require moving systematically along the line from a base point. My next steps involved calculating how much to move right or left based on these reference points. For example, to find 0.15, I started at 0 and moved to the right past 0.1, and for 0.643, I began from 0.5 and shifted towards 0.6.\"\n        },\n        {\n            \"role\": \"user\",\n            \"content\": \"Did you encounter any challenges or notice any potential errors during your process? If so, how did you identify them?\"\n        },\n        {\n            \"role\": \"assistant\",\n            \"content\": \"Yes, I did encounter some challenges, particularly in accurately estimating the increments on the number line. At first, when estimating the placement of 0.15 and 0.643, I was unsure whether I was making precise enough measurements. I noticed that my initial placement of 0.15 might have been a bit off because I accidentally thought it was closer to 0.2 at first until I reviewed my earlier calculations. Further, while comparing the sizes of 0.15 and 0.643, I hesitated momentarily in recalling which number was larger, as I had to be careful not to confuse the two.\"\n        },\n        {\n            \"role\": \"user\",\n            \"content\": \"Once you identified an error or challenge, how did you go about correcting it? What steps did you take to ensure the solution was accurate?\"\n        },\n        {\n            \"role\": \"assistant\",\n            \"content\": \"After identifying my errors, I revisited the steps I had taken and double-checked my placements on the number line. For 0.15, I made sure to reassess my movements: I started at 0.0, moved to 0.1, and ensured I correctly estimated the small movement needed to reach 0.15. To solidify my understanding, I visualized the number line segments again, reinforcing the idea that the space between 0.1 and 0.2 was divided into ten parts. For comparing 0.15 and 0.643, I took a moment to visualize their positions relative to known benchmarks (like 0.5) to confirm that 0.643 is the larger number. Ultimately, I used the hints and feedback mechanisms provided to ensure I was on the right track before finalizing each answer.\"\n        }\n    ]\n}\n```"
}