{
    "dialogue": "```json\n{\n    \"dialogue\": [\n        {\n            \"role\": \"user\",\n            \"content\": \"You are a student with an ability level of High in a math class. Now, you need to solve a math problem. Please describe your thought process and steps in detail according to your ability level. The math problem is: Problem Background In this activity, a number line will be displayed on the screen, and students need to determine the position of a specific value by estimating and comparing numbers. Problem Details Task 1: Find the position of 0 Hints The number line extends from 0.0 to 1.0. Look at the number 0 and think about which position it is closer to: 0, 1, or the middle of the number line at 0.5? You can be creative, such as dividing the number line into quarters! The number is 0! This is the starting point of the number line. 0 is located at the far left end of the number line! Imagine the starting point of the number line at the far left end. Then, click the far left end position of the number line. Task 2: Find the position of 0.05 Hints The number line extends from 0.0 to 1.0. Look at the number 0.05 and think about which position it is closer to: 0, 1, or the middle of the number line at 0.5? You can be creative, such as dividing the number line into quarters! If this is too difficult, you can also think about which tenth place 0.05 is closer to: 0, 0.1, or the middle at 0.05? Let's try estimating the position of 0.05 by first finding 0.0! Locate 0.0 on the left end of the number line. Do you know if 0.05 is to the left or right of 0.0? Almost there! This number is hidden between 0.0 and 0.1. Move half a mark to the right to reach 0.05. Task 3: Determine the larger number (operation corresponding to 'larger') Problem Number line range: From 0.0 to 1.0. Task: On the number line, you have found the values 0 and 0.05. Question: Which value is larger? Please fill in the correct answer. Please fill in the larger value between 0 and 0.05: _______. Hints Which of the two numbers you placed on the number line is larger? You just need to remember whether the larger number is placed on the right or left, but the number line will give you hints; where is 0? Where is 1? Feedback Mechanism Correct Operation: The screen will display a green 'Correct!' Incorrect Operation: The screen will display a red 'Incorrect, try another value.' Answers: Task 1 (Find the position of 0): The correct answer range is from -0.018 to 0.018. Task 2 (Find the position of 0.05): The correct answer range is from 0.032 to 0.068. This problem design aims to enhance students' understanding of the relative size of numbers through number line and number comparison activities, and to deepen their understanding of the relative size relationships between numbers through intuitive interaction..Ability level classification criteria: Low-level students typically understand math problems slowly and need more time and help to solve them. Medium-level students have a good understanding of math problems and can independently solve most problems. High-level students quickly understand math problems, can efficiently solve complex problems, and can provide multiple solutions.\"\n        },\n        {\n            \"role\": \"assistant\",\n            \"content\": \"First, I read through the problem description and the hints provided for each task. The problem involves finding the position of specific numbers on a number line, which I find straightforward since the range is from 0.0 to 1.0. I logically deduce that 0 is at the far left, while 0.05 is in between 0.0 and 0.1. I decide to estimate its position by comparing it to those two reference points, ensuring to visualize the distances.\"\n        },\n        {\n            \"role\": \"user\",\n            \"content\": \"While solving this problem, what assumptions or predictions are you making? How do you decide on the next steps?\"\n        },\n        {\n            \"role\": \"assistant\",\n            \"content\": \"I assume that both values, 0 and 0.05, will be clearly illustrated on the number line based on the hints. I predict that since 0 is the lower boundary and 0.05 is a small increment from 0, locating both should be straightforward. My next steps involve pinpointing 0 on the far left, then finding 0.05 by moving slightly to the right of 0 while ensuring I maintain accuracy through observation.\"\n        },\n        {\n            \"role\": \"user\",\n            \"content\": \"Did you encounter any challenges or notice any potential errors during your process? If so, how did you identify them?\"\n        },\n        {\n            \"role\": \"assistant\",\n            \"content\": \"One potential challenge was ensuring I accurately estimated where 0.05 lies relative to 0.0 and 0.1. I identified this by mentally visualizing the number line and thinking about the intervals. If I had miscalculated and thought 0.05 was closer to 0.1, that would lead to a mistake. Therefore, staying focused on the increments helped me avoid errors.\"\n        },\n        {\n            \"role\": \"user\",\n            \"content\": \"Once you identified an error or challenge, how did you go about correcting it? What steps did you take to ensure the solution was accurate?\"\n        },\n        {\n            \"role\": \"assistant\",\n            \"content\": \"To correct any error, I revisited my reference points: I checked the position of both 0 and 0.1 once more in my mind and made a conscious decision to focus solely on intervals smaller than 0.1 for 0.05. I would visualize dividing the distance between these points into finer sections and accurately place my estimation on the number line. Verifying my approach step-by-step helped solidify my confidence in the solution.\"\n        }\n    ]\n}\n```"
}