{
    "dialogue": "```json\n{\n    \"dialogue\": [\n        {\n            \"role\": \"user\",\n            \"content\": \"You are a student with an ability level of High in a math class. Now, you need to solve a math problem. Please describe your thought process and steps in detail according to your ability level. The math problem is: Problem Background\\nIn this activity, a number line will be displayed on the screen, and students need to determine the position of a specific value by estimating and comparing numbers.\\n\\nProblem Details\\nTask 1: Find the position of 0.08\\n\\nHints\\n\\nThe number line extends from 0.0 to 1.0.\\nLook at the number 0.08 and think about which position it is closer to: 0, 1, or the middle of the number line at 0.5? You can be creative, such as dividing the number line into quarters!\\nIf this is too difficult, you can also think about which tenth place 0.08 is closer to: 0, 0.1, or the middle at 0.05?\\nLet's try estimating the position of 0.08 by first finding 0.1! Start from the left end of the number line at 0.0. 0.1 should be one-tenth of a mark to the right of 0.0. Do you know if 0.08 is to the left or right of 0.1?\\nAlmost there! This number is hidden to the left of 0.1. Move less than half a mark to the left to reach the position of 0.08.\\nTask 2: Find the position of 0.018\\n\\nHints\\n\\nThe number line extends from 0.0 to 1.0.\\nLook at the number 0.018 and think about which position it is closer to: 0, 1, or the middle of the number line at 0.5? You can be creative, such as dividing the number line into quarters!\\nIf this is too difficult, you can also think about which tenth place 0.018 is closer to: 0, 0.1, or the middle at 0.05?\\nLet's try estimating the position of 0.018 by first finding 0.0! Locate the left end of the number line at 0.0. Do you know if 0.018 is to the left or right of 0.0?\\nAlmost there! This number is hidden to the right of 0.0. Move a little bit to the right to reach the position of 0.018.\\nTask 3: Determine the larger number (operation corresponding to \\\"larger\\\")\\n\\nProblem\\nNumber line range: From 0.0 to 1.0.\\nTask: On the number line, you have found the values 0.08 and 0.018.\\nQuestion: Which value is larger? Please fill in the correct answer.\\n\\nPlease fill in the larger value between 0.08 and 0.018: _______.\\n\\nHints\\n\\nWhich of the two numbers you placed on the number line is larger?\\nYou just need to remember whether the larger number is placed on the right or left, but the number line will give you hints; where is 0? Where is 1?\\nFeedback Mechanism\\nCorrect Operation: The screen will display a green \\\"Correct!\\\"\\nIncorrect Operation: The screen will display a red \\\"Incorrect, try another value.\\\"\\nAnswers:\\nTask 1 (Find the position of 0.08): The correct answer range is from 0.062 to 0.098.\\nTask 2 (Find the position of 0.018): The correct answer range is from 0.0 to 0.032.\\n\\nThis problem design aims to enhance students' understanding of the relative size of numbers through number line and number comparison activities, and to deepen their understanding of the relative size relationships between numbers through intuitive interaction..Ability level classification criteria:\\nLow-level students typically understand math problems slowly and need more time and help to solve them.\\nMedium-level students have a good understanding of math problems and can independently solve most problems.\\nHigh-level students quickly understand math problems, can efficiently solve complex problems, and can provide multiple solutions.\"\n        },\n        {\n            \"role\": \"assistant\",\n            \"content\": \"To solve this problem, I began by carefully reading the tasks and hints provided. For Task 1, I needed to estimate the position of 0.08 on a number line ranging from 0.0 to 1.0. I recalled that 0.08 is less than 0.1, so I immediately thought it should be placed slightly to the left of 0.1. I decided to visualize this by imagining the number line and estimating where 0.08 would fall. For Task 2, I approached finding the position of 0.018 similarly, recognizing it was very close to 0.0 and would therefore be positioned just a little to the right of it. Lastly, in Task 3, I had to compare 0.08 and 0.018. Since 0.08 is greater than 0.018, I highlighted this relationship in my responses. My systematic approach to breaking down each task helped me to arrive at informed conclusions effectively.\"\n        },\n        {\n            \"role\": \"user\",\n            \"content\": \"While solving this problem, what assumptions or predictions are you making? How do you decide on the next steps?\"\n        },\n        {\n            \"role\": \"assistant\",\n            \"content\": \"While working through the problem, I based my decisions on certain assumptions about the number line. I assumed that numbers closer to the left (e.g., 0) are smaller and numbers further to the right (e.g., 1) are larger. When anticipating where to place the numbers, I predicted that since 0.08 is less than 0.1, it would be found slightly to the left of 0.1, so my next step was determining just how far left that would be. With 0.018, I assumed it would be just slightly right of 0.0 based on its small value. These assumptions guided me in visualizing the number line and helped me decide on my subsequent steps for each task.\"\n        },\n        {\n            \"role\": \"user\",\n            \"content\": \"Did you encounter any challenges or notice any potential errors during your process? If so, how did you identify them?\"\n        },\n        {\n            \"role\": \"assistant\",\n            \"content\": \"Throughout the process, I encountered some challenges, mainly with the precision of my estimations on the number line. For example, while determining the exact locations of 0.08 and 0.018, I found that I was initially unsure about how to place these decimal values accurately. I realized that my estimation might not be precise enough when I noticed how close the values were and how the differences were essential in distinguishing their placements. I identified potential errors by repeatedly checking my reasoning against the hints provided, confirming whether my placements accurately reflected standard decimal values.\"\n        },\n        {\n            \"role\": \"user\",\n            \"content\": \"Once you identified an error or challenge, how did you go about correcting it? What steps did you take to ensure the solution was accurate?\"\n        },\n        {\n            \"role\": \"assistant\",\n            \"content\": \"Once I recognized any errors, I took specific steps to correct my approach. First, I revisited the number line visualization to reassess where I placed the values, ensuring I understood the increments between benchmarks like 0.0, 0.1, and 0.5. For instance, I made a mental note to take smaller steps when estimating 0.018 and 0.08 to ensure an accurate placement. I also double-checked my initial assumptions regarding which number was larger\u2014it was crucial to confirm that 0.08 was indeed further to the right than 0.018. By steadily applying these corrections and references, I ensured my final answers were accurate and reflected my understanding of number placement on the number line.\"\n        }\n    ]\n}\n```"
}