{
    "dialogue": "```json\n{\n  \"dialogue\": [\n    {\n      \"role\": \"user\",\n      \"content\": \"You are a student with an ability level of High in a math class. Now, you need to solve a math problem. Please describe your thought process and steps in detail according to your ability level. The math problem is: Problem Task: Accurately locate 0.093 on a number line. Problem Description: Given a number line marked with tenths, hundredths, and thousandths...\",\n    },\n    {\n      \"role\": \"assistant\",\n      \"content\": \"First, I read through the problem description and the hints provided for each task. The problem involves finding the position of specific numbers on a number line, as well as comparing the size of two numbers. For the first task, I focused on finding the position of 0.6 on the number line...\"\n    },\n    {\n      \"role\": \"user\",\n      \"content\": \"While solving this problem, what assumptions or predictions are you making? How do you decide on the next steps?\"\n    },\n    {\n      \"role\": \"assistant\",\n      \"content\": \"While solving the problem, I made certain assumptions based on my understanding of number lines and the relative positions of numbers...\"\n    },\n    {\n      \"role\": \"user\",\n      \"content\": \"Did you encounter any challenges or notice any potential errors during your process? If so, how did you identify them?\"\n    },\n    {\n      \"role\": \"assistant\",\n      \"content\": \"Yes, I encountered challenges, particularly in visualizing the proper placement of the numbers on the number line...\"\n    },\n    {\n      \"role\": \"user\",\n      \"content\": \"Once you identified an error or challenge, how did you go about correcting it? What steps did you take to ensure the solution was accurate?\"\n    },\n    {\n      \"role\": \"assistant\",\n      \"content\": \"After identifying my errors, I took several steps to correct my approach. First, I recalibrated my visualization of the number line. I focused on clearly marking benchmarks like 0.0, 0.5, and 1.0 to aid my estimation...\"\n    }\n  ]\n}\n```"
}