{
    "dialogue": "```json\n{\n    \"dialogue\": [\n        {\n            \"role\": \"user\",\n            \"content\": \"You are a student with an ability level of High in a math class. Now, you need to solve a math problem. Please describe your thought process and steps in detail according to your ability level. The math problem is: Problem Task:\\nFind the exact position of 0.61 on a number line.\\n\\nProblem Description:\\nGiven a number line marked with tenths and hundredths. The number line ranges from 0 to 1, with each large tick mark representing a tenth and each small tick mark representing a hundredth.\\n\\nTask:\\nDetermine the position of 0.61 on the number line.\\nExplain between which two tenths 0.61 is located.\\nCalculate and mark the specific hundredth where 0.61 is located.\\n\\nHints:\\n\\nPlace this number on the number line. Look at how many tenths 0.61 has, then see how many hundredths it has.\\n0.61 has 6 tenths. This means the number is hidden between 0.6 and 0.7. Count 7 sections from the left and click it.\\n0.61 has 6 tenths and 1 hundredth. This number is hidden 1 hundredth after the 0.6 tick mark! To find these hundredths, imagine dividing the space between the 0.6 and 0.7 tick marks into ten smaller sections. If this is difficult, why not try zooming in?\\nYou know 0.61 is between 0.6 and 0.7, but which is it closer to? Is it closer to 0.6, 0.7, or the middle at 0.65?\\nZoom in between the two tick marks by clicking the area where the decimal is located. Each tick mark represents a tenth. Where is 0.61 between the two tenths?\\nStart from 0 and count 6 tick marks, then move 1 hundredth to the right. Note that 0.61 is close to 0.6.\\nVerification Questions:\\n\\nAt which specific hundredth is 0.61 located on the number line?\\nIs 0.61 closer to 0.6 or 0.7?\\nCorrect Answer:\\n0.61 is located between 0.601 and 0.625.\\nAbility level classification criteria:\\nLow-level students typically understand math problems slowly and need more time and help to solve them.\\nMedium-level students have a good understanding of math problems and can independently solve most problems.\\nHigh-level students quickly understand math problems, can efficiently solve complex problems, and can provide multiple solutions.\"\n        },\n        {\n            \"role\": \"assistant\",\n            \"content\": \"To locate 0.61 on the number line, I first identify which tenths it is between. 0.6 is the sixth tenth, and 0.7 is the seventh, so 0.61 should be positioned between these two marks. Since 0.61 is greater than 0.6 but less than 0.7, I focus on the section between these two points.\\n\\nNext, I break down 0.61 into tenths and hundredths. The number has 6 tenths and 1 hundredth. This means that if I visualize the space between 0.6 and 0.7 as being divided into ten smaller sections (the hundredths), I can find 0.61 by placing it one hundredth after 0.6. Visualizing this, I mark the 0.6 line and then count one tiny tick mark to the right to find 0.61.\"\n        },\n        {\n            \"role\": \"user\",\n            \"content\": \"While solving this problem, what assumptions or predictions are you making? How do you decide on the next steps?\"\n        },\n        {\n            \"role\": \"assistant\",\n            \"content\": \"While solving the problem, I assume that the number line is accurately marked with divisions for tenths and hundredths. I also predict that my understanding of the decimal system will help me identify that 0.61 is indeed between the two tenths of 0.6 and 0.7. My next steps were to systematically analyze the given hints, confirming each part\u2014first identifying the tenths and then further dividing into the hundredths to find the exact location of 0.61.\"\n        },\n        {\n            \"role\": \"user\",\n            \"content\": \"Did you encounter any challenges or notice any potential errors during your process? If so, how did you identify them?\"\n        },\n        {\n            \"role\": \"assistant\",\n            \"content\": \"One potential challenge I noticed was the possibility of misplacing 0.61 if I misunderstood the tenths or hundredths divisions. It was crucial to visualize the number line correctly. I ensured I didn't confuse the small increments of hundredths by double-checking that I was counting the small tick marks accurately. If I had counted incorrectly, I would not accurately place 0.61 on the line.\"\n        },\n        {\n            \"role\": \"user\",\n            \"content\": \"Once you identified an error or challenge, how did you go about correcting it? What steps did you take to ensure the solution was accurate?\"\n        },\n        {\n            \"role\": \"assistant\",\n            \"content\": \"To correct any challenges, I revisited the number line and recounted the tick marks, ensuring that I was precisely placing each hundredth. If I felt uncertain about my initial mark, I used the visual reference of the small divisions between 0.6 and 0.7 to validate my count. By focusing closely on marking the position after confirming that I had correctly identified tenths and smaller divisions, I reinforced the accuracy of my solution by ensuring it was consistent with the understanding of the decimal placement.\"\n        }\n    ]\n}\n```"
}