{
    "dialogue": "```json\n{\n    \"dialogue\": [\n        {\n            \"role\": \"user\",\n            \"content\": \"You are a student with an ability level of High in a math class. Now, you need to solve a math problem. Please describe your thought process and steps in detail according to your ability level. The math problem is: Problem Background\\nIn this activity, a number line will be displayed on the screen, and students need to determine the position of a specific value by estimating and comparing numbers.\\n\\nProblem Details\\nTask 1: Find the position of 0.15\\n\\nHints\\n\\nThe number line extends from 0.0 to 1.0.\\nLook at the number 0.15 and think about which position it is closer to: 0, 1, or the middle of the number line at 0.5? You can be creative, such as dividing the number line into quarters!\\nIf this is too difficult, you can also think about which tenth place 0.15 is closer to: 0.1, 0.2, or the middle at 0.15?\\nLet's try estimating the position of 0.15 by first finding 0.1! Start from the left end of the number line at 0.0. 0.1 should be one-tenth of a mark to the right of 0.0. Do you know if 0.15 is to the left or right of 0.1?\\nFinding 0.1 is better than finding 0.2 because finding 0.2 is more complicated. This number is hidden to the right of 0.1. Move half a mark to the right to reach the position of 0.15.\\nTask 2: Find the position of 0.643\\n\\nHints\\n\\nThe number line extends from 0.0 to 1.0.\\nLook at the number 0.643 and think about which position it is closer to: 0, 1, or the middle of the number line at 0.5? You can be creative, such as dividing the number line into quarters!\\nIf this is too difficult, you can also think about which tenth place 0.643 is closer to: 0.6, 0.7, or the middle at 0.65?\\nLet's try estimating the position of 0.643 by first finding 0.6! Start from the middle of the number line at 0.5. 0.6 should be one-tenth of a mark to the right of 0.5. Do you know if 0.643 is to the left or right of 0.6?\\nFinding 0.6 is better than finding 0.7 because finding 0.7 is more complicated. This number is hidden to the right of 0.6. Move half a mark to the right to reach the position of 0.643.\\nTask 3: Determine the larger number (operation corresponding to \\\"larger\\\")\\n\\nProblem\\nNumber line range: From 0.0 to 1.0.\\nTask: On the number line, you have found the values 0.15 and 0.643.\\nQuestion: Which value is larger? Please fill in the correct answer.\\n\\nPlease fill in the larger value between 0.15 and 0.643: _______.\\n\\nHints\\n\\nWhich of the two numbers you placed on the number line is larger?\\nYou just need to remember whether the larger number is placed on the right or left, but the number line will give you hints; where is 0? Where is 1?\\nFeedback Mechanism\\nCorrect Operation: The screen will display a green \\\"Correct!\\\"\\nIncorrect Operation: The screen will display a red \\\"Incorrect, try another value.\\\"\\nAnswers:\\nFor Task 1: Find the position of 0.15, the correct answer range is from 0.133 to 0.167.\\nFor Task 2: Find the position of 0.643, the correct answer range is from 0.625 to 0.661.\\n\\nThis problem design aims to enhance students' understanding of the relative size of numbers through number line and number comparison activities, and to deepen their understanding of the relative size relationships between numbers through intuitive interaction.\"\n        },\n        {\n            \"role\": \"assistant\",\n            \"content\": \"As I analyze the problem, I first recognize that I'm working with a number line ranging from 0.0 to 1.0. I identify that the task requires me to find the positions of two numbers: 0.15 and 0.643. I consider the hints provided, which guide me to think about the proximity of these numbers to known values on the number line, such as 0, 0.5, and 1.0. For 0.15, I mentally place it a bit above 0.1 and determine its position by estimating it as slightly less than halfway to 0.2. Similarly, for 0.643, I recognize that it's closer to 0.6 than to 0.7, leading me to find 0.6 and move a little further to pinpoint its position. By visualizing the number line and considering fractions and decimal placements, I can accurately estimate where both numbers belong.\"\n        },\n        {\n            \"role\": \"user\",\n            \"content\": \"While solving this problem, what assumptions or predictions are you making? How do you decide on the next steps?\"\n        },\n        {\n            \"role\": \"assistant\",\n            \"content\": \"I assume that the numbers I am placed on the number line can be accurately represented by estimating their positions based on their decimal values. I predict that both numbers will fall between recognizable markers on the number line, specifically between 0.0 and 1.0. My next step involves using the provided hints to locate 0.1 and 0.6, as they are useful reference points. By determining these positions first, I can then assess the relative placements of 0.15 and 0.643 based on their distances from these markers.\"\n        },\n        {\n            \"role\": \"user\",\n            \"content\": \"Did you encounter any challenges or notice any potential errors during your process? If so, how did you identify them?\"\n        },\n        {\n            \"role\": \"assistant\",\n            \"content\": \"One challenge I faced was ensuring precision in estimating the positions of 0.15 and 0.643 without the aid of a physical number line. I had to carefully consider the divisions between known values to avoid any misplacement. I identified potential errors when I noticed that my visualizations felt uncertain, particularly when assessing the half-marks between decimals. I realized I had to be keen in understanding the segments on the number line to ensure I wasn't misjudging the distributions of these numbers.\"\n        },\n        {\n            \"role\": \"user\",\n            \"content\": \"Once you identified an error or challenge, how did you go about correcting it? What steps did you take to ensure the solution was accurate?\"\n        },\n        {\n            \"role\": \"assistant\",\n            \"content\": \"To correct my thought process, I revisited the hints provided in the problem. I specifically focused on the strategy of locating convenient reference points like 0.1 for 0.15 and 0.6 for 0.643. I recalibrated my understanding of the distances they were from these points by visualizing smaller increments on the number line. I mentally mapped these increments and ensured I kept track of the placements as I moved right or left from the reference points. By visualizing the segments between the points, I confidently reinforced my estimations and clarified any uncertainties regarding where both numbers fell on the number line.\"\n        }\n    ]\n}\n```"
}