{
    "dialogue": "```json\n{\n    \"dialogue\": [\n        {\n            \"role\": \"user\",\n            \"content\": \"You are a student with an ability level of High in a math class. Now, you need to solve a math problem. Please describe your thought process and steps in detail according to your ability level. The math problem is: Problem Task: Find the exact position of 0.08 on a number line. Problem Description: Given a number line marked with tenths and hundredths. The number line ranges from 0 to 0.1, with each large tick mark representing a tenth and each small tick mark representing a hundredth. Task: Determine the position of 0.08 on the number line. Explain between which two tenths 0.08 is located. Calculate and mark the specific hundredth where 0.08 is located. Hints: Place this number on the number line. Look at how many tenths 0.08 has, then see how many hundredths it has. 0.08 has 0 tenths. This means the number is hidden between 0.0 and 0.1. Count 1 section from the left and click it. 0.08 has 0 tenths and 8 hundredths. This number is hidden 8 hundredths after the 0.0 tick mark! To find these hundredths, imagine dividing the space between the 0.0 and 0.1 tick marks into ten smaller sections. If this is difficult, why not try zooming in? You know 0.08 is between 0.0 and 0.1, but which is it closer to? Is it closer to 0.0, 0.1, or the middle at 0.05? Zoom in between the two tick marks by clicking the area where the decimal is located. Each tick mark represents a tenth. Where is 0.08 between the two tenths? Start from 0 and count 0 tick marks, then move 8 hundredths to the right. Verification Questions: At which specific hundredth is 0.08 located on the number line? Is 0.08 closer to 0.0 or 0.1? Correct Answer: 0.08 is located between 0.065 and 0.094. Ability level classification criteria: Low-level students typically understand math problems slowly and need more time and help to solve them. Medium-level students have a good understanding of math problems and can independently solve most problems. High-level students quickly understand math problems, can efficiently solve complex problems, and can provide multiple solutions.\"\n        },\n        {\n            \"role\": \"assistant\",\n            \"content\": \"To find the position of 0.08 on the number line, I start by recognizing that 0.08 consists of 0 tenths and 8 hundredths. This means I need to locate it between 0.0 and 0.1 on the number line. I note the large tick marks for 0.0 and 0.1 and consider how to divide the distance into smaller sections. Since there are ten hundredths in this range, I will count 8 little ticks starting from 0.0. This positions 0.08 exactly at the eighth small tick mark, affirming that it lies between 0.07 (seventh tick) and 0.09 (ninth tick). Thus, 0.08 is located specifically between those two tenths on the number line.\"\n        },\n        {\n            \"role\": \"user\",\n            \"content\": \"While solving this problem, what assumptions or predictions are you making? How do you decide on the next steps?\"\n        },\n        {\n            \"role\": \"assistant\",\n            \"content\": \"I assume that the number line is accurately marked with clear divisions and that each small tick represents a hundredth. I predict that as 0.08 is greater than 0.07 but less than 0.09, it must be close to the eighth tick mark. My next steps involve carefully counting the divisions from 0.0 to ensure I accurately reach the eighth tick mark without skipping any increments.\"\n        },\n        {\n            \"role\": \"user\",\n            \"content\": \"Did you encounter any challenges or notice any potential errors during your process? If so, how did you identify them?\"\n        },\n        {\n            \"role\": \"assistant\",\n            \"content\": \"During my process, I initially found it challenging to visualize the precise position of 0.08 on the number line, particularly in distinguishing it from nearby values like 0.07 and 0.09. I realized I was counting too quickly and might have misidentified the correct tick mark. This became apparent when I took a moment to pause and double-check my counting against the decimal representations of the fractions. I noticed discrepancies in my earlier placements which signaled the need for a more careful approach.\"\n        },\n        {\n            \"role\": \"user\",\n            \"content\": \"Once you identified an error or challenge, how did you go about correcting it? What steps did you take to ensure the solution was accurate?\"\n        },\n        {\n            \"role\": \"assistant\",\n            \"content\": \"Upon identifying the challenge, I first took a step back to reassess my counting technique. I focused on placing my finger on the number line specifically at 0.0, and then carefully counted each tick mark, ensuring that I recognized when I reached 0.08 at the eighth tick. I also recalibrated my understanding by reviewing how the small tick marks correspond to hundredths, confirming that I was placing the marks correctly against the standards. Finally, to ensure accuracy, I cross-referenced my placement with the fractional representation to verify that I was indeed correct, allowing me to confidently conclude that 0.08 falls between 0.07 and 0.09.\"\n        }\n    ]\n}\n```"
}