{
    "dialogue": "```json\n{\n    \"dialogue\": [\n        {\n            \"role\": \"user\",\n            \"content\": \"You are a student with an ability level of High in a math class. Now, you need to solve a math problem. Please describe your thought process and steps in detail according to your ability level. The math problem is: Problem Background In this activity, a number line will be displayed on the screen, and students need to determine the position of a specific value by estimating and comparing numbers. Problem Details Task 1: Find the position of 0.15 Hints The number line extends from 0.0 to 1.0. Look at the number 0.15 and think about which position it is closer to: 0, 1, or the middle of the number line at 0.5? You can be creative, such as dividing the number line into quarters! If this is too difficult, you can also think about which tenth place 0.15 is closer to: 0.1, 0.2, or the middle at 0.15? Let's try estimating the position of 0.15 by first finding 0.1! Start from the left end of the number line at 0.0. 0.1 should be one-tenth of a mark to the right of 0.0. Do you know if 0.15 is to the left or right of 0.1? Finding 0.1 is better than finding 0.2 because finding 0.2 is more complicated. This number is hidden to the right of 0.1. Move half a mark to the right to reach the position of 0.15. Task 2: Find the position of 0.643 Hints The number line extends from 0.0 to 1.0. Look at the number 0.643 and think about which position it is closer to: 0, 1, or the middle of the number line at 0.5? You can be creative, such as dividing the number line into quarters! If this is too difficult, you can also think about which tenth place 0.643 is closer to: 0.6, 0.7, or the middle at 0.65? Let's try estimating the position of 0.643 by first finding 0.6! Start from the middle of the number line at 0.5. 0.6 should be one-tenth of a mark to the right of 0.5. Do you know if 0.643 is to the left or right of 0.6? Finding 0.6 is better than finding 0.7 because finding 0.7 is more complicated. This number is hidden to the right of 0.6. Move half a mark to the right to reach the position of 0.643. Task 3: Determine the larger number (operation corresponding to \\\"larger\\\") Problem Number line range: From 0.0 to 1.0. Task: On the number line, you have found the values 0.15 and 0.643. Question: Which value is larger? Please fill in the correct answer. Please fill in the larger value between 0.15 and 0.643: _______. Hints Which of the two numbers you placed on the number line is larger? You just need to remember whether the larger number is placed on the right or left, but the number line will give you hints; where is 0? Where is 1? Feedback Mechanism Correct Operation: The screen will display a green \\\"Correct!\\\" Incorrect Operation: The screen will display a red \\\"Incorrect, try another value.\\\" Answers: For Task 1: Find the position of 0.15, the correct answer range is from 0.133 to 0.167. For Task 2: Find the position of 0.643, the correct answer range is from 0.625 to 0.661. This problem design aims to enhance students' understanding of the relative size of numbers through number line and number comparison activities, and to deepen their understanding of the relative size relationships between numbers through intuitive interaction..Ability level classification criteria: Low-level students typically understand math problems slowly and need more time and help to solve them. Medium-level students have a good understanding of math problems and can independently solve most problems. High-level students quickly understand math problems, can efficiently solve complex problems, and can provide multiple solutions.\"\n        },\n        {\n            \"role\": \"assistant\",\n            \"content\": \"First, I read through the problem description and focused on understanding what was being asked in each task. The key tasks involve finding the positions of two numbers on a number line and comparing them. For the first task, I began by thinking about the distance of 0.15 from key benchmarks: it\u2019s clearly between 0 and 0.5, leaning closer to 0.1, but also slightly above it. This guided my estimation that 0.15 would fall roughly halfway between 0.1 and 0.2. When I was solving for 0.643, I initially identified 0.6 as a starting point since it is slightly more than the midpoint of the number line. I realized I needed to move right from 0.6, which allowed me to pinpoint 0.643. Lastly, to determine which value was larger, I always remembered that values further to the right on the number line represent larger numbers.\"\n        },\n        {\n            \"role\": \"user\",\n            \"content\": \"While solving this problem, what assumptions or predictions are you making? How do you decide on the next steps?\"\n        },\n        {\n            \"role\": \"assistant\",\n            \"content\": \"While solving the problem, I assumed that the number line is continuous and that every decimal represents a specific point on it. I predicted that the solutions would involve straightforward comparisons of known quantities like 0, 0.5, and 1. This prediction led me to identify that I should start by locating more familiar landmarks on the line, such as 0.1, 0.2, and 0.6, and make relatively small adjustments to find my exact points for 0.15 and 0.643. My next steps involved visualizing those increments and making a mental note of how each try aligns with these benchmarks.\"\n        },\n        {\n            \"role\": \"user\",\n            \"content\": \"Did you encounter any challenges or notice any potential errors during your process? If so, how did you identify them?\"\n        },\n        {\n            \"role\": \"assistant\",\n            \"content\": \"Yes, I did notice challenges primarily with estimating the exact positions of the numbers, especially when I was close to the changes in the tenths and hundredths. For instance, when trying to estimate the position of 0.15, I initially placed it incorrectly because I hesitated between 0.1 and 0.2. I realized that my placement was not accurate when I checked against the known values on the number line to ensure consistency. Similarly, while determining which value was larger, I second-guessed my placement and had to readjust my thoughts based on the guidelines given.\"\n        },\n        {\n            \"role\": \"user\",\n            \"content\": \"Once you identified an error or challenge, how did you go about correcting it? What steps did you take to ensure the solution was accurate?\"\n        },\n        {\n            \"role\": \"assistant\",\n            \"content\": \"Upon identifying errors, I took time to carefully re-evaluate my placements of the numbers on the line. First, I visually compared them against the benchmarks I had established earlier, like 0.0, 0.5, and 1.0. I recalibrated my understanding by marking estimated positions of well-known fractions (like 1/10 for 0.1) to help myself visualize smaller increments. Additionally, for the comparison, I redrew the relationships in my mind to affirm their relative positions based on their decimal values, ensuring that the larger number was indeed placed to the right. This double-checking process confirmed that I had made the correct estimations.\"\n        }\n    ]\n}\n```"
}