{
    "dialogue": "```json\n{\n    \"dialogue\": [\n        {\n            \"role\": \"user\",\n            \"content\": \"You are a student with an ability level of High in a math class. Now, you need to solve a math problem. Please describe your thought process and steps in detail according to your ability level. The math problem is: Problem Task:\\nFind the exact position of 0.08 on a number line.\\n\\nProblem Description:\\nGiven a number line marked with tenths and hundredths. The number line ranges from 0 to 0.1, with each large tick mark representing a tenth and each small tick mark representing a hundredth.\\n\\nTask:\\nDetermine the position of 0.08 on the number line.\\nExplain between which two tenths 0.08 is located.\\nCalculate and mark the specific hundredth where 0.08 is located.\\n\\nHints:\\n\\nPlace this number on the number line. Look at how many tenths 0.08 has, then see how many hundredths it has.\\n0.08 has 0 tenths. This means the number is hidden between 0.0 and 0.1. Count 1 section from the left and click it.\\n0.08 has 0 tenths and 8 hundredths. This number is hidden 8 hundredths after the 0.0 tick mark! To find these hundredths, imagine dividing the space between the 0.0 and 0.1 tick marks into ten smaller sections. If this is difficult, why not try zooming in?\\nYou know 0.08 is between 0.0 and 0.1, but which is it closer to? Is it closer to 0.0, 0.1, or the middle at 0.05?\\nZoom in between the two tick marks by clicking the area where the decimal is located. Each tick mark represents a tenth. Where is 0.08 between the two tenths?\\nStart from 0 and count 0 tick marks, then move 8 hundredths to the right.\\nVerification Questions:\\n\\nAt which specific hundredth is 0.08 located on the number line?\\nIs 0.08 closer to 0.0 or 0.1?\\nCorrect Answer:\\n0.08 is located between 0.065 and 0.094..Ability level classification criteria:\\nLow-level students typically understand math problems slowly and need more time and help to solve them.\\nMedium-level students have a good understanding of math problems and can independently solve most problems.\\nHigh-level students quickly understand math problems, can efficiently solve complex problems, and can provide multiple solutions.\"\n        },\n        {\n            \"role\": \"assistant\",\n            \"content\": \"To solve the problem of locating 0.08 on a number line, I start by analyzing the number itself. I note that 0.08 has no tenths, which means it falls in the range between 0.0 and 0.1. Next, I recognize that the number has 8 hundredths, indicating that 0.08 is 8 steps to the right from the 0.0 mark on the number line.\\n\\nThen I visualize or draw a number line where 0.0 and 0.1 are prominent markers. Since 0.08 is between these two points, I divide the distance between them into hundredths. By placing the small tick marks for each hundredth, I can pinpoint that 0.08 lies at the eighth tick mark after 0.0. Therefore, my conclusion is that 0.08 is specifically located between 0.07 and 0.09 on the number line.\"\n        },\n        {\n            \"role\": \"user\",\n            \"content\": \"While solving this problem, what assumptions or predictions are you making? How do you decide on the next steps?\"\n        },\n        {\n            \"role\": \"assistant\",\n            \"content\": \"While addressing this problem, I assume that the number line is accurately marked with equal intervals representing tenths and hundredths. I predict that since there are clear divisions, I will be able to count the intervals straightforwardly. After identifying that 0.08 consists of 0 tenths and 8 hundredths, my next step is to translate this into movement on the number line, counting eight hundredths from 0.0 to correctly find the position of 0.08. This structured step-by-step approach aids in ensuring that I accurately locate the number.\"\n        },\n        {\n            \"role\": \"user\",\n            \"content\": \"Did you encounter any challenges or notice any potential errors during your process? If so, how did you identify them?\"\n        },\n        {\n            \"role\": \"assistant\",\n            \"content\": \"At first, I considered the possibility of miscounting the hundredths on the number line. This could happen if I lose track while counting from 0.0 to 0.1. I also had to ensure I didn't mistakenly place 0.08 too close to 0.1, as it could easily be misrepresented visually on an overly compact number line. I identified these potential errors by visualizing each small tick mark carefully, ensuring each step was confirmed and double-checked against the markers already present on the line.\"\n        },\n        {\n            \"role\": \"user\",\n            \"content\": \"Once you identified an error or challenge, how did you go about correcting it? What steps did you take to ensure the solution was accurate?\"\n        },\n        {\n            \"role\": \"assistant\",\n            \"content\": \"Upon realizing the potential for error in the placement of 0.08, I retraced my steps on the number line. I took the time to re-count the divisions meticulously, confirming that 0.08 indeed corresponds to the eighth tick mark from 0.0. To enhance accuracy, I recalibrated the number line in my mind, ensuring that each hundredth was distinctly marked and spaced without overlap. This careful re-evaluation helped me affirm that my final placement of 0.08 was accurate and reliable, fitting accurately between the 0.07 and 0.09 markers.\"\n        }\n    ]\n}\n```"
}