{
    "dialogue": "```json\n{\n    \"dialogue\": [\n        {\n            \"role\": \"user\",\n            \"content\": \"You are a student with an ability level of High in a math class. Now, you need to solve a math problem. Please describe your thought process and steps in detail according to your ability level. The math problem is: Problem Background\\nIn this activity, a number line will be displayed on the screen, and students need to determine the position of a specific value by estimating and comparing numbers.\\n\\nProblem Details\\nTask 1: Find the position of 0.097\\n\\nHints\\nThe number line extends from 0.0 to 1.0.\\nThink about which number 0.097 is closer to: 0, 1, or the middle of the number line at 0.5? You can be creative, such as dividing the number line into quarters!\\nIf this is too difficult, you can also think about which tenth place 0.097 is closer to: 0, 0.1, or the middle at 0.05?\\nNote that this number is very close to 0.1. Therefore, once you estimate the position of 0.1, it's already a good estimate! Then move slightly to the left to reach the position of 0.097.\\nLet's try estimating the position of 0.097 by first finding 0.1! Start from the left end of the number line at 0.0. 0.1 should be one-tenth of a mark to the right of 0.0. Do you know if 0.097 is to the left or right of 0.1? Should you move left or right?\\nTask 2: Find the position of 0.9\\n\\nHints\\nThe number line extends from 0.0 to 1.0.\\nLook at the number 0.9 and think about which position it is closer to: 0, 1, or the middle of the number line at 0.5? You can be creative, such as dividing the number line into quarters!\\n0.9 is very close to 1, which is the right end of the number line.\\nHow would you estimate the position of 0.9 starting from 1? Should you move left or right? How much should you move?\\nTo find the position of 0.9, first reach the right end of the number line at 1, then move one-tenth of a mark to the left to reach the position of 0.9!\\nTask 3: Compare the sizes of 0.097 and 0.9\\n\\nProblem\\nNumber line range: From 0.0 to 1.0.\\nTask: On the number line, you have found the values 0.097 and 0.9.\\nQuestion: Which value is larger? Please fill in the correct answer.\\n\\nPlease fill in the larger value between 0.097 and 0.9: _______.\\n\\nHints\\nWhich of the two numbers you placed on the number line is larger?\\nYou just need to remember whether the larger number is placed on the right or left, but the number line will give you hints; where is 0? Where is 1?\\nFeedback Mechanism\\nCorrect Operation: The screen will display a green \\\"Correct!\\\"\\nIncorrect Operation: The screen will display a red \\\"Incorrect, try another value.\\\"\\nAnswers:\\nTask 1 (Find the position of 0.097): The correct answer range is from 0.079 to 0.1.\\nTask 2 (Find the position of 0.9): The correct answer range is from 0.882 to 0.918.\\n\\nThis problem design aims to enhance students' understanding of the relative size of numbers through number line and number comparison activities, and to deepen their understanding of the relative size relationships between numbers through intuitive interaction..Ability level classification criteria:\\nLow-level students typically understand math problems slowly and need more time and help to solve them.\"\n        },\n        {\n            \"role\": \"assistant\",\n            \"content\": \"To solve the problem, I first visualize the number line extending from 0.0 to 1.0. For Task 1, I estimate that 0.097 is closer to 0.1, which is just a bit to the right of 0.0. I know that 0.1 is one-tenth of the way from 0.0, so I mark that position on the number line. Since 0.097 is smaller than 0.1, I expect to position it slightly to the left of 0.1. I consider the suggested range of 0.079 to 0.1 and confirm that 0.097 falls within this range. For Task 2, I determine that 0.9 is very close to 1.0, so I move to the right end of the number line at 1.0, then shift one-tenth of a mark to the left to pinpoint 0.9. Lastly, for Task 3, I compare 0.097 and 0.9 by recalling that numbers further to the right on the number line represent larger values. Thus, I conclude that 0.9 is larger.\"\n        },\n        {\n            \"role\": \"user\",\n            \"content\": \"While solving this problem, what assumptions or predictions are you making? How do you decide on the next steps?\"\n        },\n        {\n            \"role\": \"assistant\",\n            \"content\": \"While solving the problem, I assumed that the number line is evenly divided and that I can compare numbers based on their relative positions. I predict that since 0.097 is closer to 0.0 than to 1.0, the next step would be to locate the position of 0.1 and then adjust slightly left to find 0.097. Similarly, for 0.9, my assumption is that it is very close to 1.0, so I decide to first go to 1.0 and then move back to 0.9. My next steps are guided by these assumptions and my understanding of the number line.\"\n        },\n        {\n            \"role\": \"user\",\n            \"content\": \"Did you encounter any challenges or notice any potential errors during your process? If so, how did you identify them?\"\n        },\n        {\n            \"role\": \"assistant\",\n            \"content\": \"Throughout the process, I didn't face major challenges due to my familiarity with the concepts. However, I initially found myself second-guessing the exact position of 0.097, as it's quite close to 0.1. I identified this potential error by reevaluating my distance from 0.1 and ensuring that I was indeed moving left for 0.097. I referred back to the hints provided to confirm that my estimates aligned with the suggested ranges.\"\n        },\n        {\n            \"role\": \"user\",\n            \"content\": \"Once you identified an error or challenge, how did you go about correcting it? What steps did you take to ensure the solution was accurate?\"\n        },\n        {\n            \"role\": \"assistant\",\n            \"content\": \"Upon realizing the closeness of 0.097 to 0.1 might lead to confusion, I took a moment to visually reassess the number line. I pinpointed the exact marks for both 0.1 and 0.097, confirming that 0.097 does indeed lie just left of 0.1. To ensure accuracy, I double-checked the narrow range provided for the correct answer and verified that 0.097 was included. This meticulous approach helped solidify my confidence in the answer before concluding.\"\n        }\n    ]\n}\n```"
}