{
    "dialogue": "```json\n{\n    \"dialogue\": [\n        {\n            \"role\": \"user\",\n            \"content\": \"You are a student with an ability level of High in a math class. Now, you need to solve a math problem. Please describe your thought process and steps in detail according to your ability level. The math problem is: Problem Background\\nIn this activity, a number line will be displayed on the screen, and students need to determine the position of a specific value by estimating and comparing numbers.\\n\\nProblem Details\\nTask 1: Find the position of 0\\n\\nHints\\n\\nThe number line extends from 0.0 to 1.0.\\nLook at the number 0 and think about which position it is closer to: 0, 1, or the middle of the number line at 0.5? You can be creative, such as dividing the number line into quarters!\\nThe number is 0! This is the starting point of the number line.\\n0 is located at the far left end of the number line!\\nImagine the starting point of the number line at the far left end. Then, click the far left end position of the number line.\\nTask 2: Find the position of 0.05\\n\\nHints\\n\\nThe number line extends from 0.0 to 1.0.\\nLook at the number 0.05 and think about which position it is closer to: 0, 1, or the middle of the number line at 0.5? You can be creative, such as dividing the number line into quarters!\\nIf this is too difficult, you can also think about which tenth place 0.05 is closer to: 0, 0.1, or the middle at 0.05?\\nLet's try estimating the position of 0.05 by first finding 0.0! Locate 0.0 on the left end of the number line. Do you know if 0.05 is to the left or right of 0.0?\\nAlmost there! This number is hidden between 0.0 and 0.1. Move half a mark to the right to reach 0.05.\\nTask 3: Determine the larger number (operation corresponding to \\\"larger\\\")\\n\\nProblem\\nNumber line range: From 0.0 to 1.0.\\nTask: On the number line, you have found the values 0 and 0.05.\\nQuestion: Which value is larger? Please fill in the correct answer.\\n\\nPlease fill in the larger value between 0 and 0.05: _______.\\n\\nHints\\n\\nWhich of the two numbers you placed on the number line is larger?\\nYou just need to remember whether the larger number is placed on the right or left, but the number line will give you hints; where is 0? Where is 1?\\nFeedback Mechanism\\nCorrect Operation: The screen will display a green \\\"Correct!\\\"\\nIncorrect Operation: The screen will display a red \\\"Incorrect, try another value.\\\"\\nAnswers:\\nTask 1 (Find the position of 0): The correct answer range is from -0.018 to 0.018.\\nTask 2 (Find the position of 0.05): The correct answer range is from 0.032 to 0.068.\\n\\nThis problem design aims to enhance students' understanding of the relative size of numbers through number line and number comparison activities, and to deepen their understanding of the relative size relationships between numbers through intuitive interaction..Ability level classification criteria:\\nLow-level students typically understand math problems slowly and need more time and help to solve them.\\nMedium-level students have a good understanding of math problems and can independently solve most problems.\\nHigh-level students quickly understand math problems, can efficiently solve complex problems, and can provide multiple solutions.\"\n        },\n        {\n            \"role\": \"assistant\",\n            \"content\": \"To solve the math problem, my first step was to carefully read each task and hint provided. For Task 1, I knew I needed to find the position of the number 0 on the number line, which I recognized as the starting point. Since the number line starts at 0.0 and extends to 1.0, I understood that 0 would be located at the far left end of the number line. Conceptually, I visualized placing a mark at this point.\\n\\nMoving on to Task 2, I focused on the number 0.05. I recalled that the position of 0.05 is between 0.0 and 0.1, so I looked at the hints indicating its proximity to 0. Looking at the increments, I estimated that 0.05 is halfway between 0.0 and 0.1, which would mean moving a little to the right from the initial point of 0.0.\\n\\nIn Task 3, I needed to compare the two values 0 and 0.05. I quickly recognized that 0.05 is greater than 0, so I confidently concluded the larger number in this case.\"\n        },\n        {\n            \"role\": \"user\",\n            \"content\": \"While solving this problem, what assumptions or predictions are you making? How do you decide on the next steps?\"\n        },\n        {\n            \"role\": \"assistant\",\n            \"content\": \"While solving the problem, I made several assumptions based on the principles of a number line. I assumed that numbers increase as they move from left to right on the line, meaning that any number further right is greater than any number on the left. When estimating the positions of 0 and 0.05, I predicted that 0 would be at the very start (far left), while 0.05 would be slightly to the right of 0. This guided my next steps\u2014after confirming the position of 0, I focused on identifying how far right 0.05 is, leveraging the information from the hints.\"\n        },\n        {\n            \"role\": \"user\",\n            \"content\": \"Did you encounter any challenges or notice any potential errors during your process? If so, how did you identify them?\"\n        },\n        {\n            \"role\": \"assistant\",\n            \"content\": \"During my process, I faced challenges in ensuring the accuracy of the positions I estimated on the number line. Specifically, I had to double-check how to place 0.05 accurately. I realized that without visualizing the number line's increments clearly, I might misplace 0.05 if I didn't consider it was exactly half a mark to the right of 0.0. Additionally, when determining which number was larger, I had to be careful not to confuse the order of the numbers based solely on their decimal representations. I identified any potential errors by observing the intuitive relationship of the numbers as I visualized them on the number line against the defined range.\"\n        },\n        {\n            \"role\": \"user\",\n            \"content\": \"Once you identified an error or challenge, how did you go about correcting it? What steps did you take to ensure the solution was accurate?\"\n        },\n        {\n            \"role\": \"assistant\",\n            \"content\": \"Upon identifying challenges with the placements, I took steps to correct my approach. I recalibrated my understanding of the number line and visualized it more clearly. I made definite marks in my mind for increments such as 0.0, 0.1, and their corresponding decimals. For instance, while figuring out where 0.05 belonged, I made a mental note that it lies directly between 0.0 and 0.1, closer to 0.0. This focus helped me clarify my previous uncertainty. Moreover, when comparing the two numbers, I reassessed their decimal values and relied on the consistent principle that numbers to the right on the line represent higher values, which further assured that my conclusions were indeed accurate.\"\n        }\n    ]\n}\n```"
}