{
    "dialogue": "```json\n{\n    \"dialogue\": [\n        {\n            \"role\": \"user\",\n            \"content\": \"You are a student with an ability level of High in a math class. Now, you need to solve a math problem. Please describe your thought process and steps in detail according to your ability level. The math problem is: Problem Background\\nIn this activity, a number line will be displayed on the screen, and students need to determine the position of a specific value by estimating and comparing numbers.\\n\\nProblem Details\\nTask 1: Find the position of 0.349\\n\\nHints\\n\\nThe number line extends from 0.0 to 1.0.\\nLook at the number 0.349 and think about which position it is closer to: 0, 1, or the middle of the number line at 0.5? You can be creative, such as dividing the number line into quarters!\\nIf this is too difficult, you can also think about which tenth place 0.349 is closer to: 0.3, 0.4, or the middle at 0.35?\\nLet's try estimating the position of 0.349 by first finding 0.3! Finding 0.3 is somewhat difficult, but do you know that one-third of the number line is 0.333? This is very close to 0.349! Imagine the number line is divided into three large, imaginary parts, then count one large, imaginary part to the right from 0.0 to reach 0.333.\\nAlmost there! This number is to the right of 0.333, which is one-third of the number line. Move less than 0.02, which is less than a full mark, to the right to reach 0.349.\\nTask 2: Find the position of 0.893\\n\\nHints\\n\\nThe number line extends from 0.0 to 1.0.\\nLook at the number 0.893 and think about which position it is closer to: 0, 1, or the middle of the number line at 0.5? You can be creative, such as dividing the number line into quarters!\\nIf this is too difficult, you can also think about which tenth place 0.893 is closer to: 0.8, 0.9, or the middle at 0.85?\\nLet's try estimating the position of 0.893 by first finding 0.9! Finding 0.9 is somewhat difficult, but do you know that nine-tenths of the number line is 0.9? This is very close to 0.893! Imagine the number line is divided into ten parts, then count nine large, imaginary parts to the right from 0.0.\\nAlmost there! This number is to the left of 0.9, which is nine-tenths of the number line. Move less than a full mark to the left to reach 0.893.\\nTask 3: Determine the larger number (operation corresponding to 'larger')\\n\\nProblem\\nNumber line range: From 0.0 to 1.0.\\nTask: On the number line, you have found the values 0.349 and 0.893.\\nQuestion: Which value is larger? Please fill in the correct answer.\\n\\nPlease fill in the larger value between 0.349 and 0.893: _______.\\n\\nHints\\n\\nWhich of the two numbers you placed on the number line is larger?\\nYou just need to remember whether the larger number is placed on the right or left, but the number line will give you hints; where is 0? Where is 1?\\nFeedback Mechanism\\nCorrect Operation: The screen will display a green 'Correct!'\\nIncorrect Operation: The screen will display a red 'Incorrect, try another value.'\\nAnswers:\\nTask 1 (Find the position of 0.349): The correct answer range is from 0.331 to 0.367.\\nTask 2 (Find the position of 0.893): The correct answer range is from 0.875 to 0.91.\\n\\nThis problem design aims to enhance students' understanding of the relative size of numbers through number line and number comparison activities, and to deepen their understanding of the relative size relationships between numbers through intuitive interaction.\"\n        },\n        {\n            \"role\": \"assistant\",\n            \"content\": \"To begin solving the problem, I first identify the number line and its range from 0.0 to 1.0. For Task 1, 0.349 seems to be between 0.3 and 0.4. To find its position accurately, I divide the number line into smaller segments. It helps to visualize the number line by marking 0.3, 0.4, and the middle at 0.35. I estimate that 0.349 is very close to 0.333, which is one-third of the distance from 0.0 to 1.0. I conclude that 0.349 is slightly to the right of 0.333 but before reaching 0.4. Moving less than 0.02 from 0.333 gets me to 0.349.\\n\\nFor Task 2, I again analyze where 0.893 lies on the same number line. 0.893 is close to 0.9, and I realize that 0.9 is situated towards the right end of the number line. I estimate that 0.893 is just a bit to the left of 0.9. This systematic approach of estimating positions on the number line allows me to determine their locations accurately.\"\n        },\n        {\n            \"role\": \"user\",\n            \"content\": \"While solving this problem, what assumptions or predictions are you making? How do you decide on the next steps?\"\n        },\n        {\n            \"role\": \"assistant\",\n            \"content\": \"The assumptions I make involve believing that the number line accurately represents the values between 0 and 1, and that my estimations can be visually determined based on the segments I create. I predict that by breaking down the number line into quarters or tenths, I can more easily identify where each number lies. For the next steps, I choose to visually estimate the position of each number, confirming my assumptions by moving from known values (like 0.3, 0.333) to unknown ones (like 0.349) based on how close they are to each other on the line.\"\n        },\n        {\n            \"role\": \"user\",\n            \"content\": \"Did you encounter any challenges or notice any potential errors during your process? If so, how did you identify them?\"\n        },\n        {\n            \"role\": \"assistant\",\n            \"content\": \"During my problem-solving process, I initially found the placement of 0.349 to be tricky because it is close to 0.333 and 0.35. The challenge was in having to ensure that my estimation was correctly placed between those two values. I identified this potential error by closely examining my rough placements on the number line\u2014making sure I wasn't too far off. It was important to check whether I was consistently using the same scale for all estimations, especially when confirming that 0.893 was indeed to the left of 0.9.\"\n        },\n        {\n            \"role\": \"user\",\n            \"content\": \"Once you identified an error or challenge, how did you go about correcting it? What steps did you take to ensure the solution was accurate?\"\n        },\n        {\n            \"role\": \"assistant\",\n            \"content\": \"To correct any potential misplacements or estimations, I reviewed my number line visualization step by step. I went back to my references, like the marked points and segments between 0.3, 0.333, and 0.4, and reevaluated where 0.349 fits in that scale. I then recalibrated my thought process by double-checking the positions I marked to make sure I hadn\u2019t accidentally overlooked any numbers or segments. It was crucial to ensure that my estimation process was consistent and based on the same logic across both tasks to maintain accuracy in identifying larger values on the number line.\"\n        }\n    ]\n}\n```"
}