{
    "dialogue": "```json\n{\n    \"dialogue\": [\n        {\n            \"role\": \"user\",\n            \"content\": \"You are a student with an ability level of High in a math class. Now, you need to solve a math problem. Please describe your thought process and steps in detail according to your ability level. The math problem is: Problem Background\\nIn this activity, a number line will be displayed on the screen, and students need to determine the position of a specific value by estimating and comparing numbers.\\n\\nProblem Details\\nTask 1: Find the position of 0.5\\n\\nHints\\n\\nThe number line extends from 0.0 to 1.0.\\nLook at the number 0.5 and think about which position it is closer to: 0, 1, or the middle of the number line at 0.5? You can be creative, such as dividing the number line into quarters!\\nThe number is 0.5! This is half of 1. Where would you find 0.5 on the number line?\\n0.5 is located in the middle of the number line!\\nImagine the number line is divided into two halves. Then, click the middle position of the number line.\\nTask 2: Find the position of 0.275\\n\\nHints\\n\\nThe number line extends from 0.0 to 1.0.\\nLook at the number 0.275 and think about which position it is closer to: 0, 1, or the middle of the number line at 0.5? You can be creative, such as dividing the number line into quarters!\\nIf this is too difficult, you can also think about which quartile or tenth place 0.275 is closer to: 0.2, 0.3, or the middle at 0.25?\\nDo you know that one-quarter of the number line is 0.25? This is very close to 0.275! Imagine the number line is divided into four parts, then count one large, imaginary section to the right from 0.0, which is 0.25.\\nAlmost there! This number is hidden to the right of 0.25, which is one-quarter of the number line. Move less than half a mark to the right to reach 0.275.\\nTask 3: Determine the larger number (operation corresponding to \\\"larger\\\")\\n\\nProblem\\nNumber line range: From 0.0 to 1.0.\\nTask: On the number line, you have found the values 0.5 and 0.275.\\nQuestion: Which value is larger? Please fill in the correct answer.\\n\\nPlease fill in the larger value between 0.5 and 0.275: _______.\\n\\nHints\\n\\nWhich of the two numbers you placed on the number line is larger?\\nYou just need to remember whether the larger number is placed on the right or left, but the number line will give you hints; where is 0? Where is 1?\\nFeedback Mechanism\\nCorrect Operation: The screen will display a green \\\"Correct!\\\"\\nIncorrect Operation: The screen will display a red \\\"Incorrect, try another value.\\\"\\nAnswers:\\nTask 1 (Find the position of 0.5): The correct answer range is from 0.482 to 0.518.\\nTask 2 (Find the position of 0.275): The correct answer range is from 0.257 to 0.293.\\n\\nThis problem design aims to enhance students' understanding of the relative size of numbers through number line and number comparison activities, and to deepen their understanding of the relative size relationships between numbers through intuitive interaction..Ability level classification criteria:\\nLow-level students typically understand math problems slowly and need more time and help to solve them.\\nMedium-level students have a good understanding of math problems and can independently solve most problems.\\nHigh-level students quickly understand math problems, can efficiently solve complex problems, and can provide multiple solutions.\"\n        },\n        {\n            \"role\": \"assistant\",\n            \"content\": \"First, I carefully analyzed the problem and understood that I need to find specific positions of the numbers on the number line and compare them. For task 1, I identified that 0.5 is exactly in the middle of the number line that spans from 0.0 to 1.0. I visualized the number line and marked the mid-point clearly, confirming that my understanding of 0.5's place is accurate. \\n\\nMoving to task 2, I considered the position of 0.275. This time, I recognized it is slightly more than a quarter of the way from 0.0 to 0.5, so I imagined dividing the line into quarters and saw that 0.25 is directly to the left of it, making it clear where 0.275 could be placed. \\n\\nLastly, for task 3, I needed to compare the two identified positions, 0.5 and 0.275. I deduced that since 0.5 is further to the right on the number line, it is the larger value.\"\n        },\n        {\n            \"role\": \"user\",\n            \"content\": \"While solving this problem, what assumptions or predictions are you making? How do you decide on the next steps?\"\n        },\n        {\n            \"role\": \"assistant\",\n            \"content\": \"While solving these tasks, I assumed that the numbers are accurately represented on a linear scale. I predicted that the clues would help guide my placement of the numbers, specifically relying on the established milestones (like 0.0, 0.25, and 0.5) to estimate the positions effectively. When considering the next steps, I would first locate the obvious anchors on the number line, such as 0.0 and 1.0, and then position the numbers relative to those key values, allowing me to make informed estimates for numbers in between.\"\n        },\n        {\n            \"role\": \"user\",\n            \"content\": \"Did you encounter any challenges or notice any potential errors during your process? If so, how did you identify them?\"\n        },\n        {\n            \"role\": \"assistant\",\n            \"content\": \"Yes, I noticed some initial challenges in placing the numbers correctly, especially when shifting from 0.25 to 0.275. I found myself confused about how close 0.275 was to the quarter mark. I identified errors when I input values that didn\u2019t align with my intuitive understanding of the number placements on the line. For instance, if I visualized them too far apart, I would revisit my thought process and reconsider how the numbers should relate to one another.\"\n        },\n        {\n            \"role\": \"user\",\n            \"content\": \"Once you identified an error or challenge, how did you go about correcting it? What steps did you take to ensure the solution was accurate?\"\n        },\n        {\n            \"role\": \"assistant\",\n            \"content\": \"Once I realized an error, I took the time to reassess each number's placement carefully. I might recalibrate by visualizing the number line again, making sure to account for the smaller divisions between the quarters and tenths. I could also jot down the fractions if necessary, ensuring I was working with solid numerical values rather than mere visual assessments. By marking key positions more clearly, like 0.0, 0.25, and 0.5, I strengthened my estimation processes, allowing for a more accurate placement of 0.275 and a reliable comparison of the two numbers.\"\n        }\n    ]\n}\n```"
}