{
    "dialogue": "```json\n{\n    \"dialogue\": [\n        {\n            \"role\": \"user\",\n            \"content\": \"You are a student with an ability level of High in a math class. Now, you need to solve a math problem. Please describe your thought process and steps in detail according to your ability level. The math problem is: Problem Task:\\nFind the exact position of 0.08 on a number line.\\n\\nProblem Description:\\nGiven a number line marked with tenths and hundredths. The number line ranges from 0 to 0.1, with each large tick mark representing a tenth and each small tick mark representing a hundredth.\\n\\nTask:\\nDetermine the position of 0.08 on the number line.\\nExplain between which two tenths 0.08 is located.\\nCalculate and mark the specific hundredth where 0.08 is located.\\n\\nHints:\\n\\nPlace this number on the number line. Look at how many tenths 0.08 has, then see how many hundredths it has.\\n0.08 has 0 tenths. This means the number is hidden between 0.0 and 0.1. Count 1 section from the left and click it.\\n0.08 has 0 tenths and 8 hundredths. This number is hidden 8 hundredths after the 0.0 tick mark! To find these hundredths, imagine dividing the space between the 0.0 and 0.1 tick marks into ten smaller sections. If this is difficult, why not try zooming in?\\nYou know 0.08 is between 0.0 and 0.1, but which is it closer to? Is it closer to 0.0, 0.1, or the middle at 0.05?\\nZoom in between the two tick marks by clicking the area where the decimal is located. Each tick mark represents a tenth. Where is 0.08 between the two tenths?\\nStart from 0 and count 0 tick marks, then move 8 hundredths to the right.\\n\\nVerification Questions:\\n\\nAt which specific hundredth is 0.08 located on the number line?\\nIs 0.08 closer to 0.0 or 0.1?\\nCorrect Answer:\\n0.08 is located between 0.065 and 0.094.\"\n        },\n        {\n            \"role\": \"assistant\",\n            \"content\": \"To solve the problem, I begin by identifying the representation of 0.08 in terms of tenths and hundredths. Since 0.08 has no tenths, it clearly sits between the ticks for 0.0 and 0.1 on the number line. I visualize how the section between these two ticks can be divided into hundredths. Each tenth is subdivided into ten equal parts, representing the hundredths. Thus, I mark 0.08 as eight hundredths past 0.0. I would visualize approaching the point from the left, moving a slight distance rightward until I precisely reach 0.08, ensuring I understand that it is closer to 0.0 than to 0.1.\"\n        },\n        {\n            \"role\": \"user\",\n            \"content\": \"While solving this problem, what assumptions or predictions are you making? How do you decide on the next steps?\"\n        },\n        {\n            \"role\": \"assistant\",\n            \"content\": \"I assume that the number line accurately represents both tenths and hundredths as labeled. I predict that my understanding of decimal placement on the number line is solid, which guides my next steps. Hence, I focus on locating 0.0 as my starting point. I visualize the divisions on the number line to find the placement of 0.08. My next step involves counting the sections as I move from 0.0 to the right, ensuring I pass through the correct intervals, confirming that after 8 intervals I reach the exact position of 0.08.\"\n        },\n        {\n            \"role\": \"user\",\n            \"content\": \"Did you encounter any challenges or notice any potential errors during your process? If so, how did you identify them?\"\n        },\n        {\n            \"role\": \"assistant\",\n            \"content\": \"One potential challenge could arise from miscounting the hundredths between the tick marks, leading to locating 0.08 inaccurately. As I visualized counting each hundredth, I remained aware of the need to double-check my markings against the tenths to avoid confusion. I also considered how the closeness of values, like distinguishing between 0.08, which is nearer to 0.1 compared to 0.0, could lead to assumptions that I might mistakenly place 0.08 incorrectly. Final verification against clear ticks on the number line helped me catch potential errors.\"\n        },\n        {\n            \"role\": \"user\",\n            \"content\": \"Once you identified an error or challenge, how did you go about correcting it? What steps did you take to ensure the solution was accurate?\"\n        },\n        {\n            \"role\": \"assistant\",\n            \"content\": \"Upon identifying any misplacement or counting error, I would backtrack my steps on the number line to reassess my placement of 0.08 relative to the tick marks. I would revisit the counting method, taking care to ensure that I accurately moved from 0.0 through eight positions to ensure I reached the correct hundredth placement. I would double-check with a visual reference by counting and ensuring that 0.08 is located between 0.065 and 0.094, effectively clarifying that my initial marking was consistent with my understanding of the mathematics involved in number placement.\"\n        }\n    ]\n}\n```"
}