{
    "dialogue": "```json\n{\n    \"dialogue\": [\n        {\n            \"role\": \"user\",\n            \"content\": \"You are a student with an ability level of High in a math class. Now, you need to solve a math problem. Please describe your thought process and steps in detail according to your ability level. The math problem is: Problem Background In this activity, a number line will be displayed on the screen, and students need to determine the position of a specific value by estimating and comparing numbers. Problem Details Task 1: Find the position of 0.08 Hints The number line extends from 0.0 to 1.0. Look at the number 0.08 and think about which position it is closer to: 0, 1, or the middle of the number line at 0.5? You can be creative, such as dividing the number line into quarters! If this is too difficult, you can also think about which tenth place 0.08 is closer to: 0, 0.1, or the middle at 0.05? Let's try estimating the position of 0.08 by first finding 0.1! Start from the left end of the number line at 0.0. 0.1 should be one-tenth of a mark to the right of 0.0. Do you know if 0.08 is to the left or right of 0.1? Almost there! This number is hidden to the left of 0.1. Move less than half a mark to the left to reach the position of 0.08. Task 2: Find the position of 0.018 Hints The number line extends from 0.0 to 1.0. Look at the number 0.018 and think about which position it is closer to: 0, 1, or the middle of the number line at 0.5? You can be creative, such as dividing the number line into quarters! If this is too difficult, you can also think about which tenth place 0.018 is closer to: 0, 0.1, or the middle at 0.05? Let's try estimating the position of 0.018 by first finding 0.0! Locate the left end of the number line at 0.0. Do you know if 0.018 is to the left or right of 0.0? Almost there! This number is hidden to the right of 0.0. Move a little bit to the right to reach the position of 0.018. Task 3: Determine the larger number (operation corresponding to \\\"larger\\\") Problem Number line range: From 0.0 to 1.0. Task: On the number line, you have found the values 0.08 and 0.018. Question: Which value is larger? Please fill in the correct answer. Please fill in the larger value between 0.08 and 0.018: _______. Hints Which of the two numbers you placed on the number line is larger? You just need to remember whether the larger number is placed on the right or left, but the number line will give you hints; where is 0? Where is 1? Feedback Mechanism Correct Operation: The screen will display a green \\\"Correct!\\\" Incorrect Operation: The screen will display a red \\\"Incorrect, try another value.\\\" Answers: Task 1 (Find the position of 0.08): The correct answer range is from 0.062 to 0.098. Task 2 (Find the position of 0.018): The correct answer range is from 0.0 to 0.032. This problem design aims to enhance students' understanding of the relative size of numbers through number line and number comparison activities, and to deepen their understanding of the relative size relationships between numbers through intuitive interaction..Ability level classification criteria: Low-level students typically understand math problems slowly and need more time and help to solve them. Medium-level students have a good understanding of math problems and can independently solve most problems. High-level students quickly understand math problems, can efficiently solve complex problems, and can provide multiple solutions.\"\n        },\n        {\n            \"role\": \"assistant\",\n            \"content\": \"First, I read through the problem description and the hints provided for each task. The problem involves finding the position of specific numbers on a number line, as well as comparing the size of two numbers.\\n\\nFor the first task, I focused on finding the position of 0.08 on the number line. The hint suggested considering where 0.08 is closer to, whether it's closer to 0, 1, or the middle point 0.5. I thought about dividing the number line into quarters to help me estimate the location of 0.08. After considering the hint, I realized that 0.08 is very close to 0.1 but slightly to the left. This guided my next steps, which involved estimating the precise location by moving less than half a mark to the left from 0.1.\\n\\nFor the second task, I approached finding the position of 0.018 in a similar manner. I located 0.0 and noted that 0.018 is a small value, so it would be just a bit to the right of 0.0. My understanding of the number line helped me visualize this placement seamlessly.\\n\\nIn the third task, I compared the two numbers found, 0.08 and 0.018. Knowing that numbers placed further to the right are larger, I was confident that 0.08 is greater than 0.018, making it easier to answer accurately.\"\n        },\n        {\n            \"role\": \"user\",\n            \"content\": \"While solving this problem, what assumptions or predictions are you making? How do you decide on the next steps?\"\n        },\n        {\n            \"role\": \"assistant\",\n            \"content\": \"While solving this problem, I made certain assumptions and predictions about number relationships. I assumed that the number line behaves consistently, meaning that larger values are always positioned to the right and smaller values to the left. For example, I predicted that since 0.08 is more than 0.05 but less than 0.1, it would be a small move to the left of 0.1. This assumption informed my decisions about the next steps, where I chose to estimate its position based on known reference points like 0, 0.5, and 1. Additionally, using the benchmark of tenths and hundredths helped in making precise estimations, guiding me as I plotted each number along the line.\"\n        },\n        {\n            \"role\": \"user\",\n            \"content\": \"Did you encounter any challenges or notice any potential errors during your process? If so, how did you identify them?\"\n        },\n        {\n            \"role\": \"assistant\",\n            \"content\": \"Yes, I encountered some challenges when estimating the distances between the points on the number line. Initially, I was unsure of the exact placement of 0.08 relative to 0.1, as it caused me to misjudge the scale briefly. Additionally, while working with 0.018, I hesitated about whether it was too close to 0.0 or 0.1. I identified these errors by rechecking my placements against my knowledge of the decimal system. By visualizing the values' distances and confirming that they aligned with my understanding of their relative sizes, I corrected my initial assumptions and placed the numbers accurately on the number line.\"\n        },\n        {\n            \"role\": \"user\",\n            \"content\": \"Once you identified an error or challenge, how did you go about correcting it? What steps did you take to ensure the solution was accurate?\"\n        },\n        {\n            \"role\": \"assistant\",\n            \"content\": \"Once I identified an error or challenge, I took several corrective measures. First, I went back to reread the hints provided for each task to ensure I correctly interpreted the information regarding the placements. Next, I recalibrated my understanding of the number line and its intervals, ensuring benchmarks like 0.0, 0.5, and 1.0 were clear in my mind. For example, when dealing with 0.08 and 0.018, I re-evaluated their placements by breaking them down into hundredths, which made it easier to discern their relative positions accurately. Finally, I made sure to double-check my estimated positions against the number line, confirming that every decision made reflected the correct understanding of decimal values, thereby securing accurate and confident solutions.\"\n        }\n    ]\n}\n```"
}