{
    "dialogue": "```json\n{\n  \"dialogue\": [\n    { \"role\": \"user\", \"content\": \"You are a student with an ability level of High in a math class. Now, you need to solve a math problem. Please describe your thought process and steps in detail according to your ability level. The math problem is: Problem Task: Accurately locate 0.093 on a number line. Problem Description: Given a number line marked with tenths, hundredths, and thousandths. The number line ranges from 0 to 0.1, with each large tick mark representing a tenth, each small tick mark subdivided into ten hundredths, and each hundredth further subdivided into ten thousandths. Task: Determine the position of 0.093 on the number line. Explain between which two tenths 0.093 is located. Calculate and mark the specific hundredth and thousandth where 0.093 is located. Hints: Place this number on the number line. Look at how many tenths 0.093 has, then see how many hundredths and thousandths it has. 0.093 has 0 tenths. This means the number is hidden between 0.0 and 0.1. Count 1 section from the left and click it. This number line zooms in between 0.0 and 0.1, so you are already in the correct tenth. You must find the correct hundredth and thousandth. Zoom in between the two tick marks by clicking the area where the decimal is located. Each tick mark represents a tenth. Where is 0.093 between the two tenths? You know 0.093 is between 0.0 and 0.1, but which is it closer to? Is it closer to 0.0, 0.1, or the middle at 0.05? 0.093 has 9 hundredths and 3 thousandths. This number is hidden just a little past the 0.09 tick mark! Imagine there are ten smaller sections between the tick marks! This number is in the 3rd small section to the right of 0.09. Now you know reading the tenths as '0' and hundredths as '9' is important, but the thousandths '3' is not as significant because thousandths are very small. Start from 0.0, count 9 tick marks to the right, then move 3 thousandths further. Note that 0.093 is close to halfway between 0.09 and 0.1, which is 0.095. Verification Questions: At which specific hundredth and thousandth is 0.093 located on the number line? Correct Answer: 0.093 is located between 0.078 and 0.099.\" },\n    { \"role\": \"assistant\", \"content\": \"As a high-level student, my thought process and steps involve a quick understanding of the problem. I would start by placing 0.093 between 0.0 and 0.1 on the number line. Then, I would determine it's closer to 0.1, given that it has 9 hundredths and 3 thousandths. This puts it just past the 0.09 tick mark, approximately halfway between 0.09 and 0.1. Finally, I would calculate and mark its specific location between the hundredths and thousandths, recognizing that it falls between 0.078 and 0.099.\" },\n    { \"role\": \"user\", \"content\": \"While solving this problem, what assumptions or predictions are you making? How do you decide on the next steps?\" },\n    { \"role\": \"assistant\", \"content\": \"While solving the problem, I made assumptions based on my understanding of decimal numbers and their positioning on a number line. I predicted that 0.093 would be closer to 0.1 and decided to calculate its specific location by counting the hundredths and thousandths. This led me to the next steps of determining its position relative to the tick marks and calculating the exact location based on the number line scale.\" },\n    { \"role\": \"user\", \"content\": \"Did you encounter any challenges or notice any potential errors during your process? If so, how did you identify them?\" },\n    { \"role\": \"assistant\", \"content\": \"Yes, I faced challenges in visualizing the exact positioning of 0.093 and had to carefully count the tick marks and subdivisions to ensure accuracy. I also double-checked my calculations to ensure there were no potential errors, particularly in identifying the correct hundredth and thousandth.\" },\n    { \"role\": \"user\", \"content\": \"Once you identified an error or challenge, how did you go about correcting it? What steps did you take to ensure the solution was accurate?\" },\n    { \"role\": \"assistant\", \"content\": \"After identifying challenges, I ensured the solution was accurate by recalibrating my visualization of the number line, carefully counting and marking the subdivisions, and double-checking my calculations. This process helped me correct any potential errors and ensure the accuracy of the solution.\" }\n  ]\n}\n```"
}