{
    "dialogue": "```json\n{\n    \"dialogue\": [\n        {\n            \"role\": \"user\",\n            \"content\": \"You are a student with an ability level of High in a math class. Now, you need to solve a math problem. Please describe your thought process and steps in detail according to your ability level. The math problem is: Problem Background\\nIn this activity, a number line will be displayed on the screen, and students need to determine the position of a specific value by estimating and comparing numbers.\\n\\nProblem Details\\nTask 1: Find the position of 0.15\\n\\nHints\\n\\nThe number line extends from 0.0 to 1.0.\\nLook at the number 0.15 and think about which position it is closer to: 0, 1, or the middle of the number line at 0.5? You can be creative, such as dividing the number line into quarters!\\nIf this is too difficult, you can also think about which tenth place 0.15 is closer to: 0.1, 0.2, or the middle at 0.15?\\nLet's try estimating the position of 0.15 by first finding 0.1! Start from the left end of the number line at 0.0. 0.1 should be one-tenth of a mark to the right of 0.0. Do you know if 0.15 is to the left or right of 0.1?\\nFinding 0.1 is better than finding 0.2 because finding 0.2 is more complicated. This number is hidden to the right of 0.1. Move half a mark to the right to reach the position of 0.15.\\nTask 2: Find the position of 0.643\\n\\nHints\\n\\nThe number line extends from 0.0 to 1.0.\\nLook at the number 0.643 and think about which position it is closer to: 0, 1, or the middle of the number line at 0.5? You can be creative, such as dividing the number line into quarters!\\nIf this is too difficult, you can also think about which tenth place 0.643 is closer to: 0.6, 0.7, or the middle at 0.65?\\nLet's try estimating the position of 0.643 by first finding 0.6! Start from the middle of the number line at 0.5. 0.6 should be one-tenth of a mark to the right of 0.5. Do you know if 0.643 is to the left or right of 0.6?\\nFinding 0.6 is better than finding 0.7 because finding 0.7 is more complicated. This number is hidden to the right of 0.6. Move half a mark to the right to reach the position of 0.643.\\nTask 3: Determine the larger number (operation corresponding to \\\"larger\\\")\\n\\nProblem\\nNumber line range: From 0.0 to 1.0.\\nTask: On the number line, you have found the values 0.15 and 0.643.\\nQuestion: Which value is larger? Please fill in the correct answer.\\n\\nPlease fill in the larger value between 0.15 and 0.643: _______.\\n\\nHints\\n\\nWhich of the two numbers you placed on the number line is larger?\\nYou just need to remember whether the larger number is placed on the right or left, but the number line will give you hints; where is 0? Where is 1?\\nFeedback Mechanism\\nCorrect Operation: The screen will display a green \\\"Correct!\\\"\\nIncorrect Operation: The screen will display a red \\\"Incorrect, try another value.\\\"\\nAnswers:\\nFor Task 1: Find the position of 0.15, the correct answer range is from 0.133 to 0.167.\\nFor Task 2: Find the position of 0.643, the correct answer range is from 0.625 to 0.661.\\n\\nThis problem design aims to enhance students' understanding of the relative size of numbers through number line and number comparison activities, and to deepen their understanding of the relative size relationships between numbers through intuitive interaction..Ability level classification criteria:\\nLow-level students typically understand math problems slowly and need more time and help to solve them.\\nMedium-level students have a good understanding of math problems and can independently solve most problems.\\nHigh-level students quickly understand math problems, can efficiently solve complex problems, and can provide multiple solutions.\"\n        },\n        {\n            \"role\": \"assistant\",\n            \"content\": \"To approach the problem, I begin by breaking down the tasks systematically. For Task 1, I first assess the range of the number line from 0.0 to 1.0 and determine where 0.15 might fit into this range. I predict that since 0.15 is small, it will lie closer to 0 than to 1. The hint suggests comparing it against known benchmarks like 0.1 and 0.2, which I will use to refine my estimate. I'll visualize the number line mentally and divide it into quarters for clarity, which helps in estimating where 0.15 lies, specifically understanding I need to move slightly to the right of 0.1.\\n\\nFor Task 2, when addressing 0.643, my thought process is similar. I again consider the number line and predict that since 0.643 is more than 0.6 but less than 0.7, I expect its position to be a bit right after 0.6. Using the hint, I plan to start from 0.5, identify 0.6, and then figure out how much further to the right I need to go to accurately place 0.643.\\n\\nFinally, for Task 3, I recognize that since 0.643 is larger than 0.15, it should be on the right of the number line, leading me to the conclusion that 0.643 is the larger number and thus is my final answer for this task.\"\n        },\n        {\n            \"role\": \"user\",\n            \"content\": \"While solving this problem, what assumptions or predictions are you making? How do you decide on the next steps?\"\n        },\n        {\n            \"role\": \"assistant\",\n            \"content\": \"I made specific assumptions regarding the layout of the number line and the relationships between the numbers at play. For instance, I assumed that numbers increase linearly on the number line, meaning that as I move from left to right, values increase. When estimating where 0.15 fits, I predicted that it would be slightly more than one-tenth and less than two-tenths of the scale. I decided my next steps based on these estimations, focusing on small increments from known values like 0.1 and 0.2, as well as using visual cues on the number line to guide my placements.\"\n        },\n        {\n            \"role\": \"user\",\n            \"content\": \"Did you encounter any challenges or notice any potential errors during your process? If so, how did you identify them?\"\n        },\n        {\n            \"role\": \"assistant\",\n            \"content\": \"Throughout the process, I did face some challenges, particularly when trying to accurately gauge the positions of 0.15 and 0.643. Initially, I found myself second-guessing the exact placement of these numbers, especially when deciding how much to move from a benchmark like 0.1 or 0.6. I identified potential errors by checking my placements against what I knew about decimals\u2014if a number felt wrong based on my assumptions about their values, I revisited my approach to see if I could clarify any misunderstandings.\"\n        },\n        {\n            \"role\": \"user\",\n            \"content\": \"Once you identified an error or challenge, how did you go about correcting it? What steps did you take to ensure the solution was accurate?\"\n        },\n        {\n            \"role\": \"assistant\",\n            \"content\": \"Upon identifying an error, I reassessed my placements of the numbers using a clearer mental model. I took the time to visualize the number line more meticulously and re-evaluated my increments step-by-step. For example, when I was unsure about where to place 0.15, I created mental markers at increments of 0.05. This allowed me to see that 0.15 indeed lies precisely between 0.1 and 0.2. I also decided to write down the advantages of checking positions after placing values, which helped ensure that my conclusions were substantiated by the benchmarks. By confirming my placements against commonly understood decimal values, I could correct my misunderstandings and thus ensure an accurate solution.\"\n        }\n    ]\n}\n```"
}