{
    "dialogue": "```json\n{\n    \"dialogue\": [\n        {\n            \"role\": \"user\",\n            \"content\": \"You are a student with an ability level of High in a math class. Now, you need to solve a math problem. Please describe your thought process and steps in detail according to your ability level. The math problem is: Problem Task: Accurately locate 0.093 on a number line.\\n\\nProblem Description: Given a number line marked with tenths, hundredths, and thousandths. The number line ranges from 0 to 0.1, with each large tick mark representing a tenth, each small tick mark subdivided into ten hundredths, and each hundredth further subdivided into ten thousandths.\\n\\nTask: Determine the position of 0.093 on the number line. Explain between which two tenths 0.093 is located. Calculate and mark the specific hundredth and thousandth where 0.093 is located.\\n\\nHints: Place this number on the number line. Look at how many tenths 0.093 has, then see how many hundredths and thousandths it has. 0.093 has 0 tenths. This means the number is hidden between 0.0 and 0.1. Count 1 section from the left and click it. This number line zooms in between 0.0 and 0.1, so you are already in the correct tenth. You must find the correct hundredth and thousandth. Zoom in between the two tick marks by clicking the area where the decimal is located. Each tick mark represents a tenth. Where is 0.093 between the two tenths? You know 0.093 is between 0.0 and 0.1, but which is it closer to? Is it closer to 0.0, 0.1, or the middle at 0.05? 0.093 has 9 hundredths and 3 thousandths. This number is hidden just a little past the 0.09 tick mark! Imagine there are ten smaller sections between the tick marks! This number is in the 3rd small section to the right of 0.09. Now you know reading the tenths as \u201c0\u201d and hundredths as \u201c9\u201d is important, but the thousandths \u201c3\u201d is not as significant because thousandths are very small. Start from 0.0, count 9 tick marks to the right, then move 3 thousandths further. Note that 0.093 is close to halfway between 0.09 and 0.1, which is 0.095.\\n\\nVerification Questions: At which specific hundredth and thousandth is 0.093 located on the number line? Correct Answer: 0.093 is located between 0.078 and 0.099..\\nAbility level classification criteria: Low-level students typically understand math problems slowly and need more time and help to solve them. Medium-level students have a good understanding of math problems and can independently solve most problems. High-level students quickly understand math problems, can efficiently solve complex problems, and can provide multiple solutions.\"\n        },\n        {\n            \"role\": \"assistant\",\n            \"content\": \"To locate 0.093 on the number line, I first consider the overall range of the number line, which is from 0 to 0.1. Since 0.093 has no tenths (0), it is between 0.0 and 0.1. Next, I break down the decimal into hundredths and thousandths. The number 0.093 translates to 9 hundredths and 3 thousandths. On the number line, the 0.09 mark indicates where the number is found. Therefore, I can visualize this as being slightly beyond 0.09, specifically in the third small section between 0.09 and 0.1, because each small section represents a thousandth.\"\n        },\n        {\n            \"role\": \"user\",\n            \"content\": \"While solving this problem, what assumptions or predictions are you making? How do you decide on the next steps?\"\n        },\n        {\n            \"role\": \"assistant\",\n            \"content\": \"One assumption I'm making is that the subdivisions on the number line are marked accurately and that I can rely on visualizing the sections between the tenths. I predict that locating the 0.093 will require careful counting, as I have to be precise with the hundredths and thousandths. My next steps involve identifying the 0.09 mark clearly on the number line, counting nine hundredths, and then moving three additional small sections to the right to pinpoint 0.093.\"\n        },\n        {\n            \"role\": \"user\",\n            \"content\": \"Did you encounter any challenges or notice any potential errors during your process? If so, how did you identify them?\"\n        },\n        {\n            \"role\": \"assistant\",\n            \"content\": \"I didn't encounter significant challenges while interpreting the number line, but I had to be cautious to avoid miscounting the tick marks, especially when distinguishing between hundredths and thousandths. I realized that if I misunderstood the placement of the marks, it could lead to an incorrect location for 0.093. I identified potential errors by double-checking my counting as I moved from 0.0 towards 0.1, ensuring I did not skip any tick marks.\"\n        },\n        {\n            \"role\": \"user\",\n            \"content\": \"Once you identified an error or challenge, how did you go about correcting it? What steps did you take to ensure the solution was accurate?\"\n        },\n        {\n            \"role\": \"assistant\",\n            \"content\": \"If I had identified an error during the process, I would first refer back to the initial criteria provided in the hints. I would count the number of hundredths visually on the number line and confirm that I counted 9 accurate sections before moving an additional 3 small sections for the thousandths. Moreover, I would review the count by starting from 0.0 again to ensure accuracy. This systematic approach of recounting would help me validate if 0.093 is placed correctly on the number line.\"\n        }\n    ]\n}\n```"
}