{
    "dialogue": "```json\n{\n    \"dialogue\": [\n        {\n            \"role\": \"user\",\n            \"content\": \"You are a student with an ability level of High in a math class. Now, you need to solve a math problem. Please describe your thought process and steps in detail according to your ability level. The math problem is: Problem Background In this activity, a number line will be displayed on the screen, and students need to determine the position of a specific value by estimating and comparing numbers. Problem Details Task 1: Find the position of 0.478 Hints The number line extends from 0.0 to 1.0. Look at the number 0.478 and think about which position it is closer to: 0, 1, or the middle of the number line at 0.5? You can be creative, such as dividing the number line into quarters! If this is too difficult, you can also think about which tenth place 0.478 is closer to: 0.4, 0.5, or the middle at 0.45? Let's try estimating the position of 0.478 by first finding 0.5! First, find the middle of the number line at 0.5. Do you know if 0.478 is to the left or right of 0.5? Almost there! This number is hidden to the left of 0.5. Move less than half a mark to the left to reach the position of 0.478. Task 2: Find the position of 0.6 Hints The number line extends from 0.0 to 1.0. Look at the number 0.6 and think about which position it is closer to: 0, 1, or the middle of the number line at 0.5? You can be creative, such as dividing the number line into quarters! 0.6 is very close to 0.5, which is the middle of the number line. How would you estimate the position of 0.6 starting from 0.5? Should you move left or right? How much should you move? To find the position of 0.6, first reach the middle of the number line at 0.5, then move one-tenth of a mark to the right to reach the position of 0.6! Task 3: Compare the sizes of 0.478 and 0.6 Problem Number line range: From 0.0 to 1.0. Task: On the number line, you have found the values 0.478 and 0.6. Question: Which value is larger? Please fill in the correct answer. Please fill in the larger value between 0.478 and 0.6: _______. Hints Which of the two numbers you placed on the number line is larger? You just need to remember whether the larger number is placed on the right or left, but the number line will give you hints; where is 0? Where is 1? Feedback Mechanism Correct Operation: The screen will display a green \\\"Correct!\\\" Incorrect Operation: The screen will display a red \\\"Incorrect, try another value.\\\" Answers: Task 1 (Find the position of 0.478): The correct answer range is from 0.46 to 0.496. Task 2 (Find the position of 0.6): The correct answer range is from 0.582 to 0.618. This problem design aims to enhance students' understanding of the relative size of numbers through number line and number comparison activities, and to deepen their understanding of the relative size relationships between numbers through intuitive interaction..Ability level classification criteria: Low-level students typically understand math problems slowly and need more time and help to solve them. Medium-level students have a good understanding of math problems and can independently solve most problems. High-level students quickly understand math problems, can efficiently solve complex problems, and can provide multiple solutions.\"\n        },\n        {\n            \"role\": \"assistant\",\n            \"content\": \"To solve this problem, I first recognize that the number line ranges from 0.0 to 1.0. I consider where 0.478 might be situated in relation to key points: 0, 0.5, and 1.0. Since 0.478 is less than 0.5, I know it's on the left side of the middle mark. This prompts me to think that it should be close to 0.5 without crossing it. I can further break down the number line into quarters (0.0, 0.25, 0.5, 0.75, 1.0) as a way to estimate. Thus, I position 0.478 slightly left of halfway between 0.4 and 0.5 on the number line.\"\n        },\n        {\n            \"role\": \"user\",\n            \"content\": \"While solving this problem, what assumptions or predictions are you making? How do you decide on the next steps?\"\n        },\n        {\n            \"role\": \"assistant\",\n            \"content\": \"My assumptions include that I need to visualize the number line accurately and that numbers closer together will be easier to compare. I predict that since 0.478 is less than 0.5, it will definitely be less than 0.6, which I will later compare. After estimating the position of 0.478, I decide to find 0.6 next by starting from the middle point of 0.5 and moving right, which is logically the next step since it\u2019s the next number I need to locate.\"\n        },\n        {\n            \"role\": \"user\",\n            \"content\": \"Did you encounter any challenges or notice any potential errors during your process? If so, how did you identify them?\"\n        },\n        {\n            \"role\": \"assistant\",\n            \"content\": \"One challenge I encountered was ensuring that I didn\u2019t misplace 0.478 too close to 0.5 or 0.6. I had to double-check my estimated marks on the number line to avoid confusion. Additionally, when moving from 0.5 to find 0.6, I had to be precise about the distance I moved to the right to accurately represent the value without overshooting.\"\n        },\n        {\n            \"role\": \"user\",\n            \"content\": \"Once you identified an error or challenge, how did you go about correcting it? What steps did you take to ensure the solution was accurate?\"\n        },\n        {\n            \"role\": \"assistant\",\n            \"content\": \"To correct any errors, I visually recalibrated my estimation of the number line by drawing or imagining smaller subdivisions between points. For instance, I divided the segment between 0.4 and 0.5 further to reassess where 0.478 would fit, ensuring it was closer to 0.5 but not touching it. For 0.6, I returned to the mark of 0.5 and carefully counted the increments to ensure my movement was precise. This careful attention to distances helped solidify the accuracy of my approximations on the number line.\"\n        }\n    ]\n}\n```"
}