{
    "dialogue": "```json\n{\n    \"dialogue\": [\n        {\n            \"role\": \"user\",\n            \"content\": \"You are a student with an ability level of High in a math class. Now, you need to solve a math problem. Please describe your thought process and steps in detail according to your ability level. The math problem is: Problem Background\\nIn this activity, a number line will be displayed on the screen, and students need to determine the position of a specific value by estimating and comparing numbers.\\n\\nProblem Details\\nTask 1: Find the position of 0.72\\n\\nHints\\n\\nThe number line extends from 0.0 to 1.0.\\nLook at the number 0.72 and think about which position it is closer to: 0, 1, or the middle of the number line at 0.5? You can be creative, such as dividing the number line into quarters!\\nIf this is too difficult, you can also think about which tenth place 0.72 is closer to: 0.7, 0.8, or the middle at 0.75?\\nFinding 0.7 is tricky, but do you know that the three-quarter position of the number line is 0.75? This is very close to 0.72! Imagine the number line is divided into four parts, then count three large, imaginary sections to the right from 0.0.\\nAlmost there! This number is hidden to the left of 0.75, which is three-quarters of the number line. Move less than half a mark to the left to reach 0.72.\\nTask 2: Find the position of 0.084\\n\\nHints\\n\\nThe number line extends from 0.0 to 1.0.\\nLook at the number 0.084 and think about which position it is closer to: 0, 1, or the middle of the number line at 0.5? You can be creative, such as dividing the number line into quarters!\\nIf this is too difficult, you can also think about which tenth place 0.084 is closer to: 0, 0.1, or the middle at 0.05?\\nLet's try estimating the position of 0.084 by first finding 0.1! Finding 0.1 is somewhat difficult, but do you know that one-tenth of the number line is 0.1? This is very close to 0.084! Imagine the number line is divided into ten parts, then count one large, imaginary section to the right from 0.0.\\nAlmost there! This number is hidden to the left of 0.1, which is one-tenth of the number line. Move less than a full mark to the left to reach 0.084.\\nTask 3: Determine the larger number (operation corresponding to \\\"larger\\\")\\n\\nProblem\\nNumber line range: From 0.0 to 1.0.\\nTask: On the number line, you have found the values 0.72 and 0.084.\\nQuestion: Which value is larger? Please fill in the correct answer.\\n\\nPlease fill in the larger value between 0.72 and 0.084: _______.\\n\\nHints\\n\\nWhich of the two numbers you placed on the number line is larger?\\nYou just need to remember whether the larger number is placed on the right or left, but the number line will give you hints; where is 0? Where is 1?\\nFeedback Mechanism\\nCorrect Operation: The screen will display a green \\\"Correct!\\\"\\nIncorrect Operation: The screen will display a red \\\"Incorrect, try another value.\\\"\\nAnswers:\\nTask 1 (Find the position of 0.72): The correct answer range is from 0.702 to 0.738.\\nTask 2 (Find the position of 0.084): The correct answer range is from 0.066 to 0.102.\\n\\nThis problem design aims to enhance students' understanding of the relative size of numbers through number line and number comparison activities, and to deepen their understanding of the relative size relationships between numbers through intuitive interaction..Ability level classification criteria:\\nLow-level students typically understand math problems slowly and need more time and help to solve them.\\nMedium-level students have a good understanding of math problems and can independently solve most problems.\\nHigh-level students quickly understand math problems, can efficiently solve complex problems, and can provide multiple solutions.\"\n        },\n        {\n            \"role\": \"assistant\",\n            \"content\": \"To solve the problem, I began by reviewing the tasks at hand. For Task 1, I had to find the position of 0.72 on a number line from 0.0 to 1.0. I noted that 0.72 is a bit more than three-quarters of the distance from 0 to 1. Since the middle of the number line is 0.5, I realized it's closer to 0.75. In my mind, I estimated that moving less than half a mark to the left from 0.75 would give me a good idea of where 0.72 lies. So, I visualized the number line as four sections, which helped me pinpoint 0.72 in its approximate range.\\n\\nFor Task 2, the value of 0.084 needed to be placed on the same number line. Given the hints, I thought of how 0.084 was nearly 0.1, which is one-tenth of the number line. Using the same method, I understood that it\u2019s slightly less than that, so I made a mental note to position it just to the left of 0.1 before finalizing my answer.\\n\\nMoving to Task 3, I compared the numbers 0.72 and 0.084. From my previous placements, I could easily see 0.72 is larger because it's further to the right on the number line.\"\n        },\n        {\n            \"role\": \"user\",\n            \"content\": \"While solving this problem, what assumptions or predictions are you making? How do you decide on the next steps?\"\n        },\n        {\n            \"role\": \"assistant\",\n            \"content\": \"While contemplating the problem, I made a couple of assumptions. Firstly, I assumed that my understanding of the number line as a linear continuum is accurate, meaning that numbers increase as you move right and decrease as you move left. In this way, I predicted that 0.72 would be positioned closer to 1 and larger than 0.084. This understanding led me to quickly decide my next steps: to identify reference points on the number line such as 0.5, 0.75, and 1.0 to help with proper positioning. For instance, knowing where 0.75 is allowed me to easily estimate where 0.72 lies. Moreover, for 0.084, I assumed it would be significantly closer to 0 than 0.1, guiding my visual estimation towards that area of the number line.\"\n        },\n        {\n            \"role\": \"user\",\n            \"content\": \"Did you encounter any challenges or notice any potential errors during your process? If so, how did you identify them?\"\n        },\n        {\n            \"role\": \"assistant\",\n            \"content\": \"Throughout the problem-solving process, I faced some challenges, particularly in estimating the first few decimal placements accurately. While visualizing where to position 0.72, I initially confused it with 0.7's position, which caused me to hesitate in making the exact mark. For 0.084, I found it tricky to gauge how far it should be on the number line due to its smaller value. I identified these potential errors by double-checking my placements visually against the benchmarks I had established. By ensuring every number's relative position made logical sense, I could correct myself when I felt uncertain about my estimates.\"\n        },\n        {\n            \"role\": \"user\",\n            \"content\": \"Once you identified an error or challenge, how did you go about correcting it? What steps did you take to ensure the solution was accurate?\"\n        },\n        {\n            \"role\": \"assistant\",\n            \"content\": \"When I recognized any misplacements or estimated inaccuracies, I took several steps to correct them. First, I revisited the benchmarks; I made sure to clearly visualize the division of the number line at 0.0, 0.5, 0.75, and 1.0. For instance, to better understand where 0.72 lies, I used fractional increments to visualize the distance between benchmarks. This helped clarify the exact placement within the range 0.702 to 0.738. Likewise, when estimating 0.084, I counted the increments from 0.0 to 0.1 and looked carefully to see its approximation. To ensure my final answers were accurate, I recalibrated each step of the way by asking if my numbers logically fit their respective segments. Through this methodical review process, I was able to arrive at the right conclusions.\"\n        }\n    ]\n}\n```"
}