{
    "dialogue": "```json\n{\n    \"dialogue\": [\n        {\n            \"role\": \"user\",\n            \"content\": \"You are a student with an ability level of High in a math class. Now, you need to solve a math problem. Please describe your thought process and steps in detail according to your ability level. The math problem is: Problem Background\\nIn this activity, a number line will be displayed on the screen, and students need to determine the position of a specific value by estimating and comparing numbers.\\n\\nProblem Details\\nTask 1: Find the position of 0.08\\n\\nHints\\n\\nThe number line extends from 0.0 to 1.0.\\nLook at the number 0.08 and think about which position it is closer to: 0, 1, or the middle of the number line at 0.5? You can be creative, such as dividing the number line into quarters!\\nIf this is too difficult, you can also think about which tenth place 0.08 is closer to: 0, 0.1, or the middle at 0.05?\\nLet's try estimating the position of 0.08 by first finding 0.1! Start from the left end of the number line at 0.0. 0.1 should be one-tenth of a mark to the right of 0.0. Do you know if 0.08 is to the left or right of 0.1?\\nAlmost there! This number is hidden to the left of 0.1. Move less than half a mark to the left to reach the position of 0.08.\\nTask 2: Find the position of 0.018\\n\\nHints\\n\\nThe number line extends from 0.0 to 1.0.\\nLook at the number 0.018 and think about which position it is closer to: 0, 1, or the middle of the number line at 0.5? You can be creative, such as dividing the number line into quarters!\\nIf this is too difficult, you can also think about which tenth place 0.018 is closer to: 0, 0.1, or the middle at 0.05?\\nLet's try estimating the position of 0.018 by first finding 0.0! Locate the left end of the number line at 0.0. Do you know if 0.018 is to the left or right of 0.0?\\nAlmost there! This number is hidden to the right of 0.0. Move a little bit to the right to reach the position of 0.018.\\nTask 3: Determine the larger number (operation corresponding to \\\"larger\\\")\\n\\nProblem\\nNumber line range: From 0.0 to 1.0.\\nTask: On the number line, you have found the values 0.08 and 0.018.\\nQuestion: Which value is larger? Please fill in the correct answer.\\n\\nPlease fill in the larger value between 0.08 and 0.018: _______.\\n\\nHints\\n\\nWhich of the two numbers you placed on the number line is larger?\\nYou just need to remember whether the larger number is placed on the right or left, but the number line will give you hints; where is 0? Where is 1?\\nFeedback Mechanism\\nCorrect Operation: The screen will display a green \\\"Correct!\\\"\\nIncorrect Operation: The screen will display a red \\\"Incorrect, try another value.\\\"\\nAnswers:\\nTask 1 (Find the position of 0.08): The correct answer range is from 0.062 to 0.098.\\nTask 2 (Find the position of 0.018): The correct answer range is from 0.0 to 0.032.\\n\\nThis problem design aims to enhance students' understanding of the relative size of numbers through number line and number comparison activities, and to deepen their understanding of the relative size relationships between numbers through intuitive interaction..Ability level classification criteria:\\nLow-level students typically understand math problems slowly and need more time and help to solve them.\\nMedium-level students have a good understanding of math problems and can independently solve most problems.\\nHigh-level students quickly understand math problems, can efficiently solve complex problems, and can provide multiple solutions.\"\n        },\n        {\n            \"role\": \"assistant\",\n            \"content\": \"As a high-level student, I start by closely examining the number line and identifying key reference points: 0.0, 0.5, and 1.0. I know that 0.08 is a small number, so I make an initial estimate that it will be closer to 0 than to 1. I realize it must also be slightly more than 0.05, the middle point between 0 and 0.1. To narrow my estimation for 0.08, I visualize dividing the number line into smaller parts, each representing two hundredths (0.02). This allows me to locate that 0.08 is four marks to the right of 0.0 and about two marks to the left of 0.1. I conclude that the position of 0.08 is roughly between 0.06 and 0.10, close but less than 0.1.\"\n        },\n        {\n            \"role\": \"user\",\n            \"content\": \"While solving this problem, what assumptions or predictions are you making? How do you decide on the next steps?\"\n        },\n        {\n            \"role\": \"assistant\",\n            \"content\": \"I assume that the number line is accurately represented, and I consider that all values are evenly spaced. I predict that 0.08 will be positioned accurately according to its decimal value relative to the anchor points on the number line. Based on my estimation for 0.08, my next step is to precisely mark this point, then compare its position to that of 0.018 to determine which number is larger. If my initial estimate feels uncertain, I also predict that visualizing the placement of both numbers can clarify the larger value.\"\n        },\n        {\n            \"role\": \"user\",\n            \"content\": \"Did you encounter any challenges or notice any potential errors during your process? If so, how did you identify them?\"\n        },\n        {\n            \"role\": \"assistant\",\n            \"content\": \"A challenge was ensuring that the markings on the number line were clear and precise, especially since 0.018 is quite small. I noticed potential errors in my placement when estimating the position of 0.018, as it could easily blend in with the visuals of 0.0. I identified this by double-checking my marks and confirming that 0.018 is indeed less than 0.1, verifying that I was starting correctly from 0.0.\"\n        },\n        {\n            \"role\": \"user\",\n            \"content\": \"Once you identified an error or challenge, how did you go about correcting it? What steps did you take to ensure the solution was accurate?\"\n        },\n        {\n            \"role\": \"assistant\",\n            \"content\": \"Upon identifying the challenge with 0.018's placement, I recalibrated my approach by focusing on smaller increments. I moved back to 0.0 and visualized the distance to 0.018 by marking points at 0.01 and 0.02. This breakdown helped solidify my understanding of its relative position. Additionally, I compared it with the other number, 0.08, to reinforce that 0.018 is indeed less than 0.08. By systematically checking the distances on the number line for both values, I ensured that my final placements were accurate.\"\n        }\n    ]\n}\n```"
}