{
    "dialogue": "```json\n{\n    \"dialogue\": [\n        {\n            \"role\": \"user\",\n            \"content\": \"You are a student with an ability level of High in a math class. Now, you need to solve a math problem. Please describe your thought process and steps in detail according to your ability level. The math problem is: Problem Task: Accurately locate 0.093 on a number line.\"\n        },\n        {\n            \"role\": \"assistant\",\n            \"content\": \"To solve this problem, I started by understanding that 0.093 is a decimal value that falls between 0.0 and 0.1, as it does not have any tenths, meaning I will be looking in the hundredths section. Specifically, 0.093 consists of 0 tenths, 9 hundredths, and 3 thousandths. I visualized the number line from 0.0 to 0.1 and recognized that there are 10 subdivisions within each tenth. I knew that 0.093 would be just after the 0.09 mark. I then counted 9 ticks for the hundredths, and to determine the 3 thousandths, I looked for the third small tick after the 0.09 mark. Knowing that 0.093 is located very close to halfway between 0.09 and 0.1, I confirmed I was accurately marking it close to the 0.095 mark.\"\n        },\n        {\n            \"role\": \"user\",\n            \"content\": \"While solving this problem, what assumptions or predictions are you making? How do you decide on the next steps?\"\n        },\n        {\n            \"role\": \"assistant\",\n            \"content\": \"I assumed that the number line was divided uniformly and that each section represented a clear fraction of the whole number. I predicted that since 0.093 has more hundredths than tenths, I would focus heavily on the section between 0.0 and 0.1. My next step was to visualize the hundredths between 0.0 and 0.1, recognizing that once I located 0.09, I would only need to identify how far 0.093 extends past that point in terms of thousandths. This guided me to zoom in on that area for further refinement of the exact position.\"\n        },\n        {\n            \"role\": \"user\",\n            \"content\": \"Did you encounter any challenges or notice any potential errors during your process? If so, how did you identify them?\"\n        },\n        {\n            \"role\": \"assistant\",\n            \"content\": \"One challenge I experienced was ensuring the small subdivisions between the hundredths were accurately represented. Initially, I hesitated in counting the small ticks correctly and almost misidentified the position of 0.093 as too close to 0.1. I identified this potential error by thinking critically about where the ticks were and double-checking that I was indeed focusing on the small increments beyond the 0.09 mark. Additionally, I realized that the importance of the thousandths was minor compared to the hundredths, which helped me refocus my attention on the broader number.\"\n        },\n        {\n            \"role\": \"user\",\n            \"content\": \"Once you identified an error or challenge, how did you go about correcting it? What steps did you take to ensure the solution was accurate?\"\n        },\n        {\n            \"role\": \"assistant\",\n            \"content\": \"Once I recognized the mistake, I retraced my steps back to the number line and recalibrated my estimation. I took a moment to reassess where 0.09 was located and focused on each subsequent small tick. To ensure the solution was accurate, I counted each hundredth and then confirmed that I was indeed looking for the third small subdivision after the 0.09 tick mark to pinpoint 0.093 easily. This systematic approach of visualizing and counting step-by-step helped to avoid any further errors and validated that my solution was accurate.\"\n        }\n    ]\n}\n```"
}