{
    "dialogue": "```json\n{\n    \"dialogue\": [\n        {\n            \"role\": \"user\",\n            \"content\": \"You are a student with an ability level of High in a math class. Now, you need to solve a math problem. Please describe your thought process and steps in detail according to your ability level. The math problem is: Problem Task: Find the exact position of 0.61 on a number line. Problem Description: Given a number line marked with tenths and hundredths. The number line ranges from 0 to 1, with each large tick mark representing a tenth and each small tick mark representing a hundredth. Task: Determine the position of 0.61 on the number line. Explain between which two tenths 0.61 is located. Calculate and mark the specific hundredth where 0.61 is located. Hints: Place this number on the number line. Look at how many tenths 0.61 has, then see how many hundredths it has. 0.61 has 6 tenths. This means the number is hidden between 0.6 and 0.7. Count 7 sections from the left and click it. 0.61 has 6 tenths and 1 hundredth. This number is hidden 1 hundredth after the 0.6 tick mark! To find these hundredths, imagine dividing the space between the 0.6 and 0.7 tick marks into ten smaller sections. If this is difficult, why not try zooming in? You know 0.61 is between 0.6 and 0.7, but which is it closer to? Is it closer to 0.6, 0.7, or the middle at 0.65? Zoom in between the two tick marks by clicking the area where the decimal is located. Each tick mark represents a tenth. Where is 0.61 between the two tenths? Start from 0 and count 6 tick marks, then move 1 hundredth to the right. Note that 0.61 is close to 0.6. Verification Questions: At which specific hundredth is 0.61 located on the number line? Is 0.61 closer to 0.6 or 0.7? Correct Answer: 0.61 is located between 0.601 and 0.625. Ability level classification criteria: Low-level students typically understand math problems slowly and need more time and help to solve them. Medium-level students have a good understanding of math problems and can independently solve most problems. High-level students quickly understand math problems, can efficiently solve complex problems, and can provide multiple solutions.\"\n        },\n        {\n            \"role\": \"assistant\",\n            \"content\": \"To find the exact position of 0.61 on the number line, I start by identifying that 0.61 is made up of 6 tenths and 1 hundredth. I note that the number falls between the two tenths of 0.6 and 0.7. I visualize the number line and count the large tick marks, which represent tenths, from 0.0 upwards until I reach 0.6. Then, since 0.61 is slightly more than 0.6, I count one small tick mark to the right to land on the precise value of 0.61. This would be located just past the 0.6 tick mark, representing the first hundredth. I understand 0.61 as being specifically between the marks of 0.601 to 0.625 when accounting for the divisions into hundredths. Therefore, my conclusion is that 0.61 is just after 0.6 but before 0.625.\"\n        },\n        {\n            \"role\": \"user\",\n            \"content\": \"While solving this problem, what assumptions or predictions are you making? How do you decide on the next steps?\"\n        },\n        {\n            \"role\": \"assistant\",\n            \"content\": \"I assume that the number line is accurately marked and that I can rely on the tick marks representing consistent values. Since I know how decimal values work, I predict that my method of counting tenths first, followed by counting the smaller divisions for the hundredths, will lead to the correct answer. I decide to first locate the relevant tenths and, based on that finding, cross-reference with the hundredths for more precision. I also trust my ability to visualize the number line, helping me estimate and effectively narrow down the precise point of 0.61.\"\n        },\n        {\n            \"role\": \"user\",\n            \"content\": \"Did you encounter any challenges or notice any potential errors during your process? If so, how did you identify them?\"\n        },\n        {\n            \"role\": \"assistant\",\n            \"content\": \"I did not face major challenges, but I had to ensure that my counting was precise as the difference between the tenths and hundredths could easily lead to a mistake if I miscounted or overlooked a small tick mark. I double-checked my counting from 0.6 to 0.61 to ensure I did not miss anything. If I had randomly estimated or skipped a count, I would have recognized the error if the position I identified didn\u2019t align with the expectations set by the problem instructions. The importance of careful, systematic counting helps prevent such potential errors.\"\n        },\n        {\n            \"role\": \"user\",\n            \"content\": \"Once you identified an error or challenge, how did you go about correcting it? What steps did you take to ensure the solution was accurate?\"\n        },\n        {\n            \"role\": \"assistant\",\n            \"content\": \"In case I had identified an error, I would take a moment to retrace my steps. I would check each tick mark I counted to ensure I had not skipped or misidentified any. I would also re-evaluate if I had an accurate understanding of the divisions between tenths and hundredths. After thoroughly verifying my counts, I would confirm again that my place on the number line accurately represented 0.61. To further ensure the solution's accuracy, I might sketch out the number line and physically mark where I counted to check the visual aspect against my calculations. This methodical verification reinforces my confidence in the final answer.\"\n        }\n    ]\n}\n```"
}