{
    "dialogue": "```json\n{\n    \"dialogue\": [\n        {\n            \"role\": \"user\",\n            \"content\": \"You are a student with an ability level of High in a math class. Now, you need to solve a math problem. Please describe your thought process and steps in detail according to your ability level. The math problem is: Problem Task:\\nFind the exact position of 0.08 on a number line.\\n\\nProblem Description:\\nGiven a number line marked with tenths and hundredths. The number line ranges from 0 to 0.1, with each large tick mark representing a tenth and each small tick mark representing a hundredth.\\n\\nTask:\\nDetermine the position of 0.08 on the number line.\\nExplain between which two tenths 0.08 is located.\\nCalculate and mark the specific hundredth where 0.08 is located.\\n\\nHints:\\n\\nPlace this number on the number line. Look at how many tenths 0.08 has, then see how many hundredths it has.\\n0.08 has 0 tenths. This means the number is hidden between 0.0 and 0.1. Count 1 section from the left and click it.\\n0.08 has 0 tenths and 8 hundredths. This number is hidden 8 hundredths after the 0.0 tick mark! To find these hundredths, imagine dividing the space between the 0.0 and 0.1 tick marks into ten smaller sections. If this is difficult, why not try zooming in?\\nYou know 0.08 is between 0.0 and 0.1, but which is it closer to? Is it closer to 0.0, 0.1, or the middle at 0.05?\\nZoom in between the two tick marks by clicking the area where the decimal is located. Each tick mark represents a tenth. Where is 0.08 between the two tenths?\\nStart from 0 and count 0 tick marks, then move 8 hundredths to the right.\\n\\nVerification Questions:\\n\\nAt which specific hundredth is 0.08 located on the number line?\\nIs 0.08 closer to 0.0 or 0.1?\\nCorrect Answer:\\n0.08 is located between 0.065 and 0.094..Ability level classification criteria:\\nLow-level students typically understand math problems slowly and need more time and help to solve them.\\nMedium-level students have a good understanding of math problems and can independently solve most problems.\\nHigh-level students quickly understand math problems, can efficiently solve complex problems, and can provide multiple solutions.\"\n        },\n        {\n            \"role\": \"assistant\",\n            \"content\": \"To find the position of 0.08 on the number line, I start by understanding that the number line ranges from 0.0 to 0.1. I note that 0.08 has 0 tenths, meaning it lies between 0.0 and 0.1.\\n\\nI look at the hundredths and identify that 0.08 can be broken down into 8 hundredths, indicating that I need to move 8 small increments (each representing a hundredth) to the right from 0.0. This places 0.08 eight ticks past 0.0 on the number line. \\n\\nTo visualize this more clearly, I can see that 0.08 is closer to 0.1, specifically, it is between the tick marks for 0.07 and 0.09. I can mark this on my number line accurately to ensure I identify its precise location.\"\n        },\n        {\n            \"role\": \"user\",\n            \"content\": \"While solving this problem, what assumptions or predictions are you making? How do you decide on the next steps?\"\n        },\n        {\n            \"role\": \"assistant\",\n            \"content\": \"While solving this problem, I assumed that I had a clear understanding of how the number line works, notably that each tick mark represents a specific value in tenths or hundredths. I predicted that since 0.08 is close to 0.1, I would find it by counting the increments from 0.0. My next steps were determined by systematically identifying the number of hundredths, which is a straightforward division of the distance between the tick marks. This logical approach helped guide me toward placing 0.08 correctly between 0.07 and 0.09 on the number line.\"\n        },\n        {\n            \"role\": \"user\",\n            \"content\": \"Did you encounter any challenges or notice any potential errors during your process? If so, how did you identify them?\"\n        },\n        {\n            \"role\": \"assistant\",\n            \"content\": \"I noticed a potential challenge in accurately visualizing the placement of 0.08 on the number line, particularly amidst the tenths and hundredths. Initially, I hesitated about counting the small ticks correctly, which could lead to placing 0.08 incorrectly. I identified this challenge by double-checking my counting against the visual markers on the number line: if I miscounted and placed 0.08 closer to 0.1 or 0.07 incorrectly, it would indicate a misunderstanding of the value's position.\"\n        },\n        {\n            \"role\": \"user\",\n            \"content\": \"Once you identified an error or challenge, how did you go about correcting it? What steps did you take to ensure the solution was accurate?\"\n        },\n        {\n            \"role\": \"assistant\",\n            \"content\": \"Upon identifying the challenge in placing 0.08, I took several corrective steps. First, I reviewed the increments on the number line visually, ensuring that I clearly understood the space each hundredth represented. I recalibrated by counting backward from 0.1 to verify how many ticks would take me back to 0.08. This double-checking confirmed that I was indeed moving 8 ticks from 0.0, ensuring accuracy. Then, I reassured myself by comparing the placements of 0.07 and 0.09 visually, which provided a frame of reference for confirming my position for 0.08 accurately.\"\n        }\n    ]\n}\n```"
}