{
    "dialogue": "```json\n{\n    \"dialogue\": [\n        {\n            \"role\": \"user\",\n            \"content\": \"You are a student with an ability level of High in a math class. Now, you need to solve a math problem. Please describe your thought process and steps in detail according to your ability level. The math problem is: Problem Background\\nIn this activity, a number line will be displayed on the screen, and students need to determine the position of a specific value by estimating and comparing numbers.\\n\\nProblem Details\\nTask 1: Find the position of 0.5\\n\\nHints\\n\\nThe number line extends from 0.0 to 1.0.\\nLook at the number 0.5 and think about which position it is closer to: 0, 1, or the middle of the number line at 0.5? You can be creative, such as dividing the number line into quarters!\\nThe number is 0.5! This is half of 1. Where would you find 0.5 on the number line?\\n0.5 is located in the middle of the number line!\\nImagine the number line is divided into two halves. Then, click the middle position of the number line.\\nTask 2: Find the position of 0.275\\n\\nHints\\n\\nThe number line extends from 0.0 to 1.0.\\nLook at the number 0.275 and think about which position it is closer to: 0, 1, or the middle of the number line at 0.5? You can be creative, such as dividing the number line into quarters!\\nIf this is too difficult, you can also think about which quartile or tenth place 0.275 is closer to: 0.2, 0.3, or the middle at 0.25?\\nDo you know that one-quarter of the number line is 0.25? This is very close to 0.275! Imagine the number line is divided into four parts, then count one large, imaginary section to the right from 0.0, which is 0.25.\\nAlmost there! This number is hidden to the right of 0.25, which is one-quarter of the number line. Move less than half a mark to the right to reach 0.275.\\nTask 3: Determine the larger number (operation corresponding to \\\"larger\\\")\\n\\nProblem\\nNumber line range: From 0.0 to 1.0.\\nTask: On the number line, you have found the values 0.5 and 0.275.\\nQuestion: Which value is larger? Please fill in the correct answer.\\n\\nPlease fill in the larger value between 0.5 and 0.275: _______.\\n\\nHints\\n\\nWhich of the two numbers you placed on the number line is larger?\\nYou just need to remember whether the larger number is placed on the right or left, but the number line will give you hints; where is 0? Where is 1?\\nFeedback Mechanism\\nCorrect Operation: The screen will display a green \\\"Correct!\\\"\\nIncorrect Operation: The screen will display a red \\\"Incorrect, try another value.\\\"\\nAnswers:\\nTask 1 (Find the position of 0.5): The correct answer range is from 0.482 to 0.518.\\nTask 2 (Find the position of 0.275): The correct answer range is from 0.257 to 0.293.\\n\\nThis problem design aims to enhance students' understanding of the relative size of numbers through number line and number comparison activities, and to deepen their understanding of the relative size relationships between numbers through intuitive interaction..Ability level classification criteria:\\nLow-level students typically understand math problems slowly and need more time and help to solve them.\\nMedium-level students have a good understanding of math problems and can independently solve most problems.\\nHigh-level students quickly understand math problems, can efficiently solve complex problems, and can provide multiple solutions.\"\n        },\n        {\n            \"role\": \"assistant\",\n            \"content\": \"To solve the problem, I begin by visualizing the number line, marking 0.0 on the left and 1.0 on the right. I identify that 0.5 is precisely in the middle. For the first task, I would confidently place 0.5 at the midpoint of this range.\\n\\nFor task 2, I recognize that 0.275 falls between 0.0 and 0.5. Since 0.25 is exactly in the middle of 0.0 and 0.5, I estimate that 0.275 is slightly above 0.25 on the number line. I mentally divide the segment between 0.0 and 0.5 into smaller fractions to place 0.275 accurately.\\n\\nFor task 3, after finding the positions, I can easily compare the two numbers. Having established their positions, it's clear that 0.5 is larger than 0.275, based on their locations on the number line.\"\n        },\n        {\n            \"role\": \"user\",\n            \"content\": \"While solving this problem, what assumptions or predictions are you making? How do you decide on the next steps?\"\n        },\n        {\n            \"role\": \"assistant\",\n            \"content\": \"I assume that the number line is uniformly spaced, meaning that each segment represents equal values. This assumption allows me to divide the line into fractions effectively and estimate positions accurately. I predict that both numbers will be between 0.0 and 1.0, and thus I focus on placing them correctly within that range. My next steps involve calculating the relative distance of each number from known benchmarks (like 0.0, 0.25, 0.5, and 1.0) to guide my placements.\"\n        },\n        {\n            \"role\": \"user\",\n            \"content\": \"Did you encounter any challenges or notice any potential errors during your process? If so, how did you identify them?\"\n        },\n        {\n            \"role\": \"assistant\",\n            \"content\": \"One challenge I faced was determining the exact position of 0.275. Initially, I hesitated if I was positioning it too close to 0.25 or if I was making it appear too far away. I identified this potential error by double-checking the placement: I compared it to 0.3 and realized that it should indeed be a bit to the right of 0.25, but not as far as 0.3. This prompted me to re-evaluate the spacing on my mental number line.\"\n        },\n        {\n            \"role\": \"user\",\n            \"content\": \"Once you identified an error or challenge, how did you go about correcting it? What steps did you take to ensure the solution was accurate?\"\n        },\n        {\n            \"role\": \"assistant\",\n            \"content\": \"To correct the placement of 0.275, I revisited my mental number line and divided the distance between 0.25 and 0.3 into smaller increments. By estimating that 0.275 is about halfway between those two points, I adjusted my marker for 0.275 slightly to the right of 0.25. I ensured accuracy by visualizing how 0.275 relates to 0.25 and 0.3, confirming that my estimation matched the distance I identified. I verified my final placements by comparing both numbers visually to ensure that my comparison was correct.\"\n        }\n    ]\n}\n```"
}