{
    "dialogue": "```json\n{\n    \"dialogue\": [\n        {\n            \"role\": \"user\",\n            \"content\": \"You are a student with an ability level of High in a math class. Now, you need to solve a math problem. Please describe your thought process and steps in detail according to your ability level. The math problem is: Problem Background\\nIn this activity, a number line will be displayed on the screen, and students need to determine the position of a specific value by estimating and comparing numbers.\\n\\nProblem Details\\nTask 1: Find the position of 0.097\\n\\nHints\\n\\nThe number line extends from 0.0 to 1.0.\\nThink about which number 0.097 is closer to: 0, 1, or the middle of the number line at 0.5? You can be creative, such as dividing the number line into quarters!\\nIf this is too difficult, you can also think about which tenth place 0.097 is closer to: 0, 0.1, or the middle at 0.05?\\nNote that this number is very close to 0.1. Therefore, once you estimate the position of 0.1, it's already a good estimate! Then move slightly to the left to reach the position of 0.097.\\nLet's try estimating the position of 0.097 by first finding 0.1! Start from the left end of the number line at 0.0. 0.1 should be one-tenth of a mark to the right of 0.0. Do you know if 0.097 is to the left or right of 0.1? Should you move left or right?\\nTask 2: Find the position of 0.9\\n\\nHints\\n\\nThe number line extends from 0.0 to 1.0.\\nLook at the number 0.9 and think about which position it is closer to: 0, 1, or the middle of the number line at 0.5? You can be creative, such as dividing the number line into quarters!\\n0.9 is very close to 1, which is the right end of the number line.\\nHow would you estimate the position of 0.9 starting from 1? Should you move left or right? How much should you move?\\nTo find the position of 0.9, first reach the right end of the number line at 1, then move one-tenth of a mark to the left to reach the position of 0.9!\\nTask 3: Compare the sizes of 0.097 and 0.9\\n\\nProblem\\nNumber line range: From 0.0 to 1.0.\\nTask: On the number line, you have found the values 0.097 and 0.9.\\nQuestion: Which value is larger? Please fill in the correct answer.\\n\\nPlease fill in the larger value between 0.097 and 0.9: _______.\\n\\nHints\\n\\nWhich of the two numbers you placed on the number line is larger?\\nYou just need to remember whether the larger number is placed on the right or left, but the number line will give you hints; where is 0? Where is 1?\\nFeedback Mechanism\\nCorrect Operation: The screen will display a green \\\"Correct!\\\"\\nIncorrect Operation: The screen will display a red \\\"Incorrect, try another value.\\\"\\nAnswers:\\nTask 1 (Find the position of 0.097): The correct answer range is from 0.079 to 0.1.\\nTask 2 (Find the position of 0.9): The correct answer range is from 0.882 to 0.918.\\n\\nThis problem design aims to enhance students' understanding of the relative size of numbers through number line and number comparison activities, and to deepen their understanding of the relative size relationships between numbers through intuitive interaction..Ability level classification criteria:\\nLow-level students typically understand math problems slowly and need more time and help to solve them.\\nMedium-level students have a good understanding of math problems and can independently solve most problems.\\nHigh-level students quickly understand math problems, can efficiently solve complex problems, and can provide multiple solutions.\"\n        },\n        {\n            \"role\": \"assistant\",\n            \"content\": \"To solve the problem, I first visualize the number line extending from 0.0 to 1.0. For Task 1, I recognize that 0.097 is slightly less than 0.1, so I start by locating 0.1, which is one tick mark to the right of 0.0. Next, I consider that 0.097 is closer to 0.1 than to 0.0, so I estimate its position just slightly to the left of 0.1, placing it in the correct range of approximately 0.079 to 0.1. For Task 2, I use a similar approach by reaching 1.0 first from the left; since 0.9 is very close to 1.0, I need to move one-tenth of a mark to the left, confirming that 0.9 can be found between 0.882 and 0.918 on the number line. Lastly, in Task 3, I clearly see that 0.9 is larger than 0.097 because it is located to the right of 0.097 on the number line.\"\n        },\n        {\n            \"role\": \"user\",\n            \"content\": \"While solving this problem, what assumptions or predictions are you making? How do you decide on the next steps?\"\n        },\n        {\n            \"role\": \"assistant\",\n            \"content\": \"I assume that the number line is uniformly divided and that I can accurately judge the relative positions of numbers based on their decimal values. My next steps are based on two predictions: one, that each tenth on the number line can approximate the overall positions of the numbers; and two, that 0.097 is closer to 0.1 rather than 0, which I confirm by visually comparing their locations. This process helps me decide to first locate easy reference points, like 0.0 and 0.1, before narrowing down to the specific value of 0.097, ensuring I can estimate its position more effectively.\"\n        },\n        {\n            \"role\": \"user\",\n            \"content\": \"Did you encounter any challenges or notice any potential errors during your process? If so, how did you identify them?\"\n        },\n        {\n            \"role\": \"assistant\",\n            \"content\": \"I did encounter a potential challenge when estimating the position of 0.097. Initially, I might have incorrectly located it closer to 0.0 instead of realizing it is much nearer to 0.1. I identified this error by double-checking the values' decimal places. I recalled that 0.1 is 10% of the whole and significantly larger than 0.0, helping me confirm that my initial placement of 0.097 must be close to 0.1.\"\n        },\n        {\n            \"role\": \"user\",\n            \"content\": \"Once you identified an error or challenge, how did you go about correcting it? What steps did you take to ensure the solution was accurate?\"\n        },\n        {\n            \"role\": \"assistant\",\n            \"content\": \"To correct my initial placement of 0.097, I revisited the reference points on the number line, specifically comparing 0.097 and 0.1. I imagined or sketched the number line again, carefully measuring out the distance between each tick mark. By validating my thought process\u2014realizing that 0.097 is indeed less than 0.1 but still significantly larger than 0.0\u2014I adjusted its location accordingly. To ensure the solution was accurate, I double-checked the intervals and focused on the values' proximity, reinforcing my final estimation of 0.097's position on the number line.\"\n        }\n    ]\n}\n```"
}