{
    "dialogue": "{\n  \"dialogue\": [\n    { \"role\": \"user\", \"content\":\"You are a student with an ability level of High in a math class. Now, you need to solve a math problem. Please describe your thought process and steps in detail according to your ability level. The math problem is: Problem Task: Find the exact position of 0.08 on a number line. Problem Description: Given a number line marked with tenths and hundredths. The number line ranges from 0 to 0.1, with each large tick mark representing a tenth and each small tick mark representing a hundredth. Task: Determine the position of 0.08 on the number line. Explain between which two tenths 0.08 is located. Calculate and mark the specific hundredth where 0.08 is located. Hints: Place this number on the number line. Look at how many tenths 0.08 has, then see how many hundredths it has. 0.08 has 0 tenths. This means the number is hidden between 0.0 and 0.1. Count 1 section from the left and click it. 0.08 has 0 tenths and 8 hundredths. This number is hidden 8 hundredths after the 0.0 tick mark! To find these hundredths, imagine dividing the space between the 0.0 and 0.1 tick marks into ten smaller sections. If this is difficult, why not try zooming in? You know 0.08 is between 0.0 and 0.1, but which is it closer to? Is it closer to 0.0, 0.1, or the middle at 0.05? Zoom in between the two tick marks by clicking the area where the decimal is located. Each tick mark represents a tenth. Where is 0.08 between the two tenths? Start from 0 and count 0 tick marks, then move 8 hundredths to the right. Verification Questions: At which specific hundredth is 0.08 located on the number line? Is 0.08 closer to 0.0 or 0.1? Correct Answer: 0.08 is located between 0.065 and 0.094..Ability level classification criteria: Low-level students typically understand math problems slowly and need more time and help to solve them. Medium-level students have a good understanding of math problems and can independently solve most problems. High-level students quickly understand math problems, can efficiently solve complex problems, and can provide multiple solutions.\"},\n    { \"role\": \"assistant\", \"content\":\"0.08 is located between 0.065 and 0.094 on the number line. It is closer to 0.1.\"},\n    { \"role\": \"user\", \"content\": \"While solving this problem, what assumptions or predictions are you making? How do you decide on the next steps?\" },\n    { \"role\": \"assistant\", \"content\":\"While solving the problem, I made certain assumptions based on my understanding of number lines and the relative positions of numbers. I assumed that the number line is linear and that numbers to the right are always larger than those to the left. For instance, when estimating the position of 0.08, I predicted it would be just a small move to the right of 0.0 but closer to 0.1. This guided my decision to first locate 0.0 and then make a precise estimated move to the right.\"},\n    { \"role\": \"user\", \"content\": \"Did you encounter any challenges or notice any potential errors during your process? If so, how did you identify them?\" },\n    { \"role\": \"assistant\", \"content\":\"Yes, I encountered challenges, particularly in visualizing the proper placement of the number on the number line. Initially, I struggled to pinpoint the exact location of 0.08; I realized I wasn't accurately estimating the increments. I identified my errors by evaluating whether my placement of the number matched its standard decimal value.\" },\n    { \"role\": \"user\", \"content\": \"Once you identified an error or challenge, how did you go about correcting it? What steps did you take to ensure the solution was accurate?\" },\n    { \"role\":\"assistant\", \"content\":\"After identifying my errors, I recalibrated my visualization of the number line and focused on clearly marking benchmarks like 0.0 and 0.1 to aid my estimation. I also revisited the definition of 0.08 to reinforce its relative position. To ensure accuracy in my solution, I double-checked my placement by thinking about increments and visualizing how far 0.08 is from the benchmarks, which ultimately led me to the correct conclusion.\" }\n  ]\n}"
}