{
    "dialogue": "```json\n{\n    \"dialogue\": [\n        {\n            \"role\": \"user\",\n            \"content\": \"You are a student with an ability level of High in a math class. Now, you need to solve a math problem. Please describe your thought process and steps in detail according to your ability level. The math problem is: Problem Task:\\nFind the exact position of 0.61 on a number line.\\n\\nProblem Description:\\nGiven a number line marked with tenths and hundredths. The number line ranges from 0 to 1, with each large tick mark representing a tenth and each small tick mark representing a hundredth.\\n\\nTask:\\nDetermine the position of 0.61 on the number line.\\nExplain between which two tenths 0.61 is located.\\nCalculate and mark the specific hundredth where 0.61 is located.\\n\\nHints:\\nPlace this number on the number line. Look at how many tenths 0.61 has, then see how many hundredths it has.\\n0.61 has 6 tenths. This means the number is hidden between 0.6 and 0.7. Count 7 sections from the left and click it.\\n0.61 has 6 tenths and 1 hundredth. This number is hidden 1 hundredth after the 0.6 tick mark! To find these hundredths, imagine dividing the space between the 0.6 and 0.7 tick marks into ten smaller sections. If this is difficult, why not try zooming in?\\nYou know 0.61 is between 0.6 and 0.7, but which is it closer to? Is it closer to 0.6, 0.7, or the middle at 0.65?\\nZoom in between the two tick marks by clicking the area where the decimal is located. Each tick mark represents a tenth. Where is 0.61 between the two tenths?\\nStart from 0 and count 6 tick marks, then move 1 hundredth to the right. Note that 0.61 is close to 0.6.\\nVerification Questions:\\nAt which specific hundredth is 0.61 located on the number line?\\nIs 0.61 closer to 0.6 or 0.7?\\nCorrect Answer:\\n0.61 is located between 0.601 and 0.625.\\n\\nAbility level classification criteria:\\nLow-level students typically understand math problems slowly and need more time and help to solve them.\\nMedium-level students have a good understanding of math problems and can independently solve most problems.\\nHigh-level students quickly understand math problems, can efficiently solve complex problems, and can provide multiple solutions.\"\n        },\n        {\n            \"role\": \"assistant\",\n            \"content\": \"To solve the problem, I first recognize that 0.61 is a decimal that will be found between two tenths on the number line. I notice from the hint that 0.61 has 6 tenths, which means its placement is between 0.6 and 0.7. I visualize the number line and acknowledge that every large tick mark represents a tenth, while small tick marks (which I will need to count) represent hundredths.\\n\\nNext, I will locate the 0.6 tick mark and identify that I need to go just a bit past that mark to locate 0.61. I count 6 tenths to the right of 0, landing on 0.6, and then I count one more small tick mark to reach 0.61. I confirm that my final placement for 0.61 is one hundredth past the 0.6 tick and thus corresponds to a position just after the 0.6 mark on the number line.\"\n        },\n        {\n            \"role\": \"user\",\n            \"content\": \"While solving this problem, what assumptions or predictions are you making? How do you decide on the next steps?\"\n        },\n        {\n            \"role\": \"assistant\",\n            \"content\": \"While solving this problem, I assumed that the number line is accurately marked with appropriate increments of tenths and hundredths. I also predicted that the hints provided were precisely guiding me toward the correct identification of 0.61's position. Based on these assumptions, my next steps involved counting from 0 to reach 0.6 and continuing to identify the small increments needed to determine where 0.61 lies. I ensured that my counting was precise, especially when gauging the small tick marks, as that would give me the specific placement of 0.61.\"\n        },\n        {\n            \"role\": \"user\",\n            \"content\": \"Did you encounter any challenges or notice any potential errors during your process? If so, how did you identify them?\"\n        },\n        {\n            \"role\": \"assistant\",\n            \"content\": \"I didn't encounter significant challenges in locating 0.61, but I was careful to avoid common errors, such as miscounting the small tick marks. A potential error could have been underestimating the space between the tenths and accidentally placing it too close to 0.6. I verified my position by ensuring that 0.61 is indeed one hundredth after 0.6, which involves careful attention to the progression of the increments as I counted them.\"\n        },\n        {\n            \"role\": \"user\",\n            \"content\": \"Once you identified an error or challenge, how did you go about correcting it? What steps did you take to ensure the solution was accurate?\"\n        },\n        {\n            \"role\": \"assistant\",\n            \"content\": \"In this case, since I did not encounter any major errors, I relied on my careful counting and visualization strategies to double-check my work. If I had made an error, I would have gone back to recount the tick marks, ensuring I was moving accurately between 0.6 and 0.7. I might have reviewed increments and ensured that I measured meticulously against the ticks\u2014if I had mistakenly placed 0.61 too far from 0.6 or too close to 0.7, I would have retraced my steps and re-evaluated my initial assumptions. I would confirm that 0.61 is indeed placed closer to 0.6 and that my division into hundredths was clear and accurate.\"\n        }\n    ]\n}\n```"
}