{
    "dialogue": "```json\n{\n    \"dialogue\": [\n        {\n            \"role\": \"user\",\n            \"content\": \"You are a student with an ability level of High in a math class. Now, you need to solve a math problem. Please describe your thought process and steps in detail according to your ability level. The math problem is: Problem Task:\\nFind the exact position of 0.08 on a number line.\\n\\nProblem Description:\\nGiven a number line marked with tenths and hundredths. The number line ranges from 0 to 0.1, with each large tick mark representing a tenth and each small tick mark representing a hundredth.\\n\\nTask:\\nDetermine the position of 0.08 on the number line.\\nExplain between which two tenths 0.08 is located.\\nCalculate and mark the specific hundredth where 0.08 is located.\\n\\nHints:\\n\\nPlace this number on the number line. Look at how many tenths 0.08 has, then see how many hundredths it has.\\n0.08 has 0 tenths. This means the number is hidden between 0.0 and 0.1. Count 1 section from the left and click it.\\n0.08 has 0 tenths and 8 hundredths. This number is hidden 8 hundredths after the 0.0 tick mark! To find these hundredths, imagine dividing the space between the 0.0 and 0.1 tick marks into ten smaller sections. If this is difficult, why not try zooming in?\\nYou know 0.08 is between 0.0 and 0.1, but which is it closer to? Is it closer to 0.0, 0.1, or the middle at 0.05?\\nZoom in between the two tick marks by clicking the area where the decimal is located. Each tick mark represents a tenth. Where is 0.08 between the two tenths?\\nStart from 0 and count 0 tick marks, then move 8 hundredths to the right.\\n\\nVerification Questions:\\n\\nAt which specific hundredth is 0.08 located on the number line?\\nIs 0.08 closer to 0.0 or 0.1?\\nCorrect Answer:\\n0.08 is located between 0.065 and 0.094..Ability level classification criteria:\\nLow-level students typically understand math problems slowly and need more time and help to solve them.\\nMedium-level students have a good understanding of math problems and can independently solve most problems.\\nHigh-level students quickly understand math problems, can efficiently solve complex problems, and can provide multiple solutions.\"\n        },\n        {\n            \"role\": \"assistant\",\n            \"content\": \"To solve the problem of locating 0.08 on a number line, I follow a systematic approach. First, I recognize that the number 0.08 has no tenths, which means it lies between the tenths 0.0 and 0.1. Given that each tenth has ten hundredths, I know that 0.08 is located 8 parts to the right of 0.0. I will visualize the number line divided into tenths and focus on the hundredths within this context.\\n\\nI mark the large tick marks at 0.0 and 0.1, and in the space between, I'll identify the hundredths. I can mark 0.01, 0.02, 0.03, 0.04, 0.05, 0.06, 0.07, and finally reach 0.08, which occupies the 8th small tick mark after 0.0. This analysis places 0.08 clearly within the range of 0.0 to 0.1, closer to 0.0.\"\n        },\n        {\n            \"role\": \"user\",\n            \"content\": \"While solving this problem, what assumptions or predictions are you making? How do you decide on the next steps?\"\n        },\n        {\n            \"role\": \"assistant\",\n            \"content\": \"While addressing this problem, I assume that the number line is accurately marked with evenly spaced tick marks for both tenths and hundredths. My prediction is that I need to accurately visualize the segments between the tick marks to determine the precise position of 0.08. After identifying that 0.08 lies between tenths 0.0 and 0.1, and knowing it has 8 hundredths, my next step is to count eight small ticks from 0.0. This gives me clarity on how far I need to move right from the starting point while maintaining an eye on the hundredths scale.\"\n        },\n        {\n            \"role\": \"user\",\n            \"content\": \"Did you encounter any challenges or notice any potential errors during your process? If so, how did you identify them?\"\n        },\n        {\n            \"role\": \"assistant\",\n            \"content\": \"As I worked through the problem, one challenge that arose was ensuring I was counting the hundredths accurately. Initially, I had to be careful not to confuse the placement of 0.08 with other nearby hundredths, like 0.07 and 0.09. I identified this potential error by consciously checking each small tick mark as I counted from 0.0 to ensure that my positioning was precise. I took my time to confirm that my mental count matched the visual representation on the number line.\"\n        },\n        {\n            \"role\": \"user\",\n            \"content\": \"Once you identified an error or challenge, how did you go about correcting it? What steps did you take to ensure the solution was accurate?\"\n        },\n        {\n            \"role\": \"assistant\",\n            \"content\": \"Upon recognizing the challenge in counting accurately, I practiced a few additional checks. I retraced my steps by counting each tick mark carefully, moving slowly from 0.0 to 0.1. I also used my finger to physically point to each mark as I went, allowing me to focus on each step and avoid miscounting. To ensure accuracy, I verified that my final count reached the 8th tick mark for 0.08 and rechecked that this placement fell between 0.065 and 0.094, as previously indicated. This gave me confidence that my solution was correct.\"\n        }\n    ]\n}\n```"
}