{
    "dialogue": "```json\n{\n    \"dialogue\": [\n        {\n            \"role\": \"user\",\n            \"content\": \"You are a student with an ability level of High in a math class. Now, you need to solve a math problem. Please describe your thought process and steps in detail according to your ability level. The math problem is: Problem Task:\\nFind the exact position of 0.61 on a number line.\\n\\nProblem Description:\\nGiven a number line marked with tenths and hundredths. The number line ranges from 0 to 1, with each large tick mark representing a tenth and each small tick mark representing a hundredth.\\n\\nTask:\\nDetermine the position of 0.61 on the number line.\\nExplain between which two tenths 0.61 is located.\\nCalculate and mark the specific hundredth where 0.61 is located.\\n\\nHints:\\n\\nPlace this number on the number line. Look at how many tenths 0.61 has, then see how many hundredths it has.\\n0.61 has 6 tenths. This means the number is hidden between 0.6 and 0.7. Count 7 sections from the left and click it.\\n0.61 has 6 tenths and 1 hundredth. This number is hidden 1 hundredth after the 0.6 tick mark! To find these hundredths, imagine dividing the space between the 0.6 and 0.7 tick marks into ten smaller sections. If this is difficult, why not try zooming in?\\nYou know 0.61 is between 0.6 and 0.7, but which is it closer to? Is it closer to 0.6, 0.7, or the middle at 0.65?\\nZoom in between the two tick marks by clicking the area where the decimal is located. Each tick mark represents a tenth. Where is 0.61 between the two tenths?\\nStart from 0 and count 6 tick marks, then move 1 hundredth to the right. Note that 0.61 is close to 0.6.\\nVerification Questions:\\n\\nAt which specific hundredth is 0.61 located on the number line?\\nIs 0.61 closer to 0.6 or 0.7?\\nCorrect Answer:\\n0.61 is located between 0.601 and 0.625..Ability level classification criteria:\\nLow-level students typically understand math problems slowly and need more time and help to solve them.\\nMedium-level students have a good understanding of math problems and can independently solve most problems.\\nHigh-level students quickly understand math problems, can efficiently solve complex problems, and can provide multiple solutions.\"\n        },\n        {\n            \"role\": \"assistant\",\n            \"content\": \"To find the position of 0.61 on the number line, I start by identifying that the number line is divided into tenths and further into hundredths. I recognize that 0.61 has 6 tenths, which means it falls between 0.6 and 0.7 on the number line.\\n\\nNext, I note that 0.61 has 1 hundredth. Since 0.6 is the tick mark representing 0.6 and the tick mark for 0.7 is the next tenth, the specific place for 0.61 should be right after 0.6. Therefore, to accurately find this position, I visualize the space between 0.6 and 0.7 divided into ten equal parts, where each part is one hundredth. This means I need to mark the 1st part after the 0.6 tick mark, which corresponds to 0.61.\"\n        },\n        {\n            \"role\": \"user\",\n            \"content\": \"While solving this problem, what assumptions or predictions are you making? How do you decide on the next steps?\"\n        },\n        {\n            \"role\": \"assistant\",\n            \"content\": \"While solving this problem, I assume that I can accurately interpret the number line and that each division, from tenths to hundredths, is evenly spaced. I predict that the specific position of 0.61 can be easily identified by counting from the known tick mark of 0.6. My next steps involve counting out the hundredths between the two tenth marks and then verifying that 0.61 is consistent with the hints provided, ensuring I can visualize the divisions well enough to find this exact location.\"\n        },\n        {\n            \"role\": \"user\",\n            \"content\": \"Did you encounter any challenges or notice any potential errors during your process? If so, how did you identify them?\"\n        },\n        {\n            \"role\": \"assistant\",\n            \"content\": \"I did not encounter significant challenges, but I initially had to ensure I understood the placement of hundredths relative to the tenths on the number line. I identified a potential error in thinking that I could mark 0.61 without visualizing how those divisions look between the two tenths. This required me to concentrate on the hints that suggested zooming in or imagining how the space divides to further clarify my understanding.\"\n        },\n        {\n            \"role\": \"user\",\n            \"content\": \"Once you identified an error or challenge, how did you go about correcting it? What steps did you take to ensure the solution was accurate?\"\n        },\n        {\n            \"role\": \"assistant\",\n            \"content\": \"To address the challenge of visualizing the divisions, I took a moment to mentally or visually break down the distance between 0.6 and 0.7 into ten equal parts. By doing this, I was able to clearly see where 0.61 lies\u2014just one part after the 0.6 mark. I double-checked my markings against the problem statements to ensure accuracy. Additionally, I reassured myself by going through the hints, confirming that my solution aligns with both the hints and my understanding of the divisions on the number line.\"\n        }\n    ]\n}\n```"
}