{
    "dialogue": "```json\n{\n    \"dialogue\": [\n        {\n            \"role\": \"user\",\n            \"content\": \"You are a student with an ability level of High in a math class. Now, you need to solve a math problem. Please describe your thought process and steps in detail according to your ability level. The math problem is: Problem Background\\nIn this activity, a number line will be displayed on the screen, and students need to determine the position of a specific value by estimating and comparing numbers.\\n\\nProblem Details\\nTask 1: Find the position of 0.097\\n\\nHints\\n\\nThe number line extends from 0.0 to 1.0.\\nThink about which number 0.097 is closer to: 0, 1, or the middle of the number line at 0.5? You can be creative, such as dividing the number line into quarters!\\nIf this is too difficult, you can also think about which tenth place 0.097 is closer to: 0, 0.1, or the middle at 0.05?\\nNote that this number is very close to 0.1. Therefore, once you estimate the position of 0.1, it's already a good estimate! Then move slightly to the left to reach the position of 0.097.\\nLet's try estimating the position of 0.097 by first finding 0.1! Start from the left end of the number line at 0.0. 0.1 should be one-tenth of a mark to the right of 0.0. Do you know if 0.097 is to the left or right of 0.1? Should you move left or right?\\nTask 2: Find the position of 0.9\\n\\nHints\\n\\nThe number line extends from 0.0 to 1.0.\\nLook at the number 0.9 and think about which position it is closer to: 0, 1, or the middle of the number line at 0.5? You can be creative, such as dividing the number line into quarters!\\n0.9 is very close to 1, which is the right end of the number line.\\nHow would you estimate the position of 0.9 starting from 1? Should you move left or right? How much should you move?\\nTo find the position of 0.9, first reach the right end of the number line at 1, then move one-tenth of a mark to the left to reach the position of 0.9!\\nTask 3: Compare the sizes of 0.097 and 0.9\\n\\nProblem\\nNumber line range: From 0.0 to 1.0.\\nTask: On the number line, you have found the values 0.097 and 0.9.\\nQuestion: Which value is larger? Please fill in the correct answer.\\n\\nPlease fill in the larger value between 0.097 and 0.9: _______.\\n\\nHints\\n\\nWhich of the two numbers you placed on the number line is larger?\\nYou just need to remember whether the larger number is placed on the right or left, but the number line will give you hints; where is 0? Where is 1?\\nFeedback Mechanism\\nCorrect Operation: The screen will display a green \\\"Correct!\\\"\\nIncorrect Operation: The screen will display a red \\\"Incorrect, try another value.\\\"\\nAnswers:\\nTask 1 (Find the position of 0.097): The correct answer range is from 0.079 to 0.1.\\nTask 2 (Find the position of 0.9): The correct answer range is from 0.882 to 0.918.\\n\\nThis problem design aims to enhance students' understanding of the relative size of numbers through number line and number comparison activities, and to deepen their understanding of the relative size relationships between numbers through intuitive interaction..Ability level classification criteria:\\nLow-level students typically understand math problems slowly and need more time and help to solve them.\\nMedium-level students have a good understanding of math problems and can independently solve most problems.\\nHigh-level students quickly understand math problems, can efficiently solve complex problems, and can provide multiple solutions.\"\n        },\n        {\n            \"role\": \"assistant\",\n            \"content\": \"As I begin to solve the problem, my first assumption is that 0.097 is closer to 0.1 rather than 0.0 or 0.5. Since the task asks for its position on the number line, I can visualize the segments between these numbers and determine the estimated range. I predict that 0.097 will be just slightly to the left of 0.1, considering that it's only 0.003 less. For my next step, I would measure the distance from 0.0 to 0.1 and then find 0.097 a fraction closer to 0.1 on the number line.\"\n        },\n        {\n            \"role\": \"user\",\n            \"content\": \"While solving this problem, what assumptions or predictions are you making? How do you decide on the next steps?\"\n        },\n        {\n            \"role\": \"assistant\",\n            \"content\": \"After analyzing my thought process, I realize that I assumed the number line is linear and uniform, meaning the distance between each decimal value is equal. I also assumed that understanding the size of decimal numbers involves comparing them directly based on their numerical values. To decide on my next steps, I considered the relative position of each number on the line. I planned to start from the left for 0.097 and move toward 0.1, which helps me confirm its position visually.\"\n        },\n        {\n            \"role\": \"user\",\n            \"content\": \"Did you encounter any challenges or notice any potential errors during your process? If so, how did you identify them?\"\n        },\n        {\n            \"role\": \"assistant\",\n            \"content\": \"While solving, I recognized a potential challenge in accurately estimating the position of 0.097. At first, I was unsure if I was placing it too far left from 0.1. I identified this challenge by double-checking its distance from 0.1. Since I knew from my initial assessment that it was only a small difference, I needed to ensure that I represented it correctly on the number line.\"\n        },\n        {\n            \"role\": \"user\",\n            \"content\": \"Once you identified an error or challenge, how did you go about correcting it? What steps did you take to ensure the solution was accurate?\"\n        },\n        {\n            \"role\": \"assistant\",\n            \"content\": \"To correct the potential error, I recalibrated my estimation by retracing the steps I took to position both 0.097 and 0.1 on the number line. I carefully marked where 0.1 was, then visually subtracted a small distance to accurately find the spot for 0.097. To ensure the solution was accurate, I compared both numbers in relation to 0.0 and 1.0, confirming that 0.097 indeed lies to the left of 0.1. Additionally, after finding both positions, I reviewed the entire number line to ensure no other mistakes were overlooked.\"\n        }\n    ]\n}\n```"
}