{
    "dialogue": "```json\n{\n    \"dialogue\": [\n        {\n            \"role\": \"user\",\n            \"content\": \"You are a student with an ability level of High in a math class. Now, you need to solve a math problem. Please describe your thought process and steps in detail according to your ability level. The math problem is: Problem Background\\nIn this activity, a number line will be displayed on the screen, and students need to determine the position of a specific value by estimating and comparing numbers.\\n\\nProblem Details\\nTask 1: Find the position of 0.72\\n\\nHints\\n\\nThe number line extends from 0.0 to 1.0.\\nLook at the number 0.72 and think about which position it is closer to: 0, 1, or the middle of the number line at 0.5? You can be creative, such as dividing the number line into quarters!\\nIf this is too difficult, you can also think about which tenth place 0.72 is closer to: 0.7, 0.8, or the middle at 0.75?\\nFinding 0.7 is tricky, but do you know that the three-quarter position of the number line is 0.75? This is very close to 0.72! Imagine the number line is divided into four parts, then count three large, imaginary sections to the right from 0.0.\\nAlmost there! This number is hidden to the left of 0.75, which is three-quarters of the number line. Move less than half a mark to the left to reach 0.72.\\nTask 2: Find the position of 0.084\\n\\nHints\\n\\nThe number line extends from 0.0 to 1.0.\\nLook at the number 0.084 and think about which position it is closer to: 0, 1, or the middle of the number line at 0.5? You can be creative, such as dividing the number line into quarters!\\nIf this is too difficult, you can also think about which tenth place 0.084 is closer to: 0, 0.1, or the middle at 0.05?\\nLet's try estimating the position of 0.084 by first finding 0.1! Finding 0.1 is somewhat difficult, but do you know that one-tenth of the number line is 0.1? This is very close to 0.084! Imagine the number line is divided into ten parts, then count one large, imaginary section to the right from 0.0.\\nAlmost there! This number is hidden to the left of 0.1, which is one-tenth of the number line. Move less than a full mark to the left to reach 0.084.\\nTask 3: Determine the larger number (operation corresponding to \\\"larger\\\")\\n\\nProblem\\nNumber line range: From 0.0 to 1.0.\\nTask: On the number line, you have found the values 0.72 and 0.084.\\nQuestion: Which value is larger? Please fill in the correct answer.\\n\\nPlease fill in the larger value between 0.72 and 0.084: _______.\\n\\nHints\\n\\nWhich of the two numbers you placed on the number line is larger?\\nYou just need to remember whether the larger number is placed on the right or left, but the number line will give you hints; where is 0? Where is 1?\\nFeedback Mechanism\\nCorrect Operation: The screen will display a green \\\"Correct!\\\"\\nIncorrect Operation: The screen will display a red \\\"Incorrect, try another value.\\\"\\nAnswers:\\nTask 1 (Find the position of 0.72): The correct answer range is from 0.702 to 0.738.\\nTask 2 (Find the position of 0.084): The correct answer range is from 0.066 to 0.102.\\n\\nThis problem design aims to enhance students' understanding of the relative size of numbers through number line and number comparison activities, and to deepen their understanding of the relative size relationships between numbers through intuitive interaction.\\nAbility level classification criteria:\\nLow-level students typically understand math problems slowly and need more time and help to solve them.\\nMedium-level students have a good understanding of math problems and can independently solve most problems.\\nHigh-level students quickly understand math problems, can efficiently solve complex problems, and can provide multiple solutions.\"\n        },\n        {\n            \"role\": \"assistant\",\n            \"content\": \"In approaching this math problem, my thought process begins with visualizing the number line and identifying the key reference points: 0.0, 0.5, and 1.0. When looking for the position of 0.72, I estimate that it's more than halfway between 0 and 1 since 0.5 is in the middle. Given 0.72 is very close to 0.75, I can deduce that it will be just a little left of the halfway mark between 0.7 and 0.8. I consider also dividing the number line into quarters to help pinpoint its exact position relative to these values. For 0.084, I realize it's much closer to 0 than 1, leaning towards where 0.1 is, yet still a fraction away from it. This structured approach aids me in making accurate placements for both numbers.\"\n        },\n        {\n            \"role\": \"user\",\n            \"content\": \"While solving this problem, what assumptions or predictions are you making? How do you decide on the next steps?\"\n        },\n        {\n            \"role\": \"assistant\",\n            \"content\": \"I assume that I can accurately estimate the positions of the numbers given their decimal values. I predict that both numbers will be clearly placed on the number line relative to each other, with 0.72 being larger than 0.084. My next steps involve marking possible positions on the number line based on the values, specifically focusing on where they lie in relation to the tenths and hundredths for precision. I\u2019ll then analyze their placements to determine which is larger, ensuring to reevaluate if the visual placements seem unclear.\"\n        },\n        {\n            \"role\": \"user\",\n            \"content\": \"Did you encounter any challenges or notice any potential errors during your process? If so, how did you identify them?\"\n        },\n        {\n            \"role\": \"assistant\",\n            \"content\": \"One challenge I faced was ensuring I didn't confuse the decimal placements, particularly for 0.084, which can be easy to misplace since it\u2019s very close to both 0 and 0.1. Additionally, correctly estimating the position of 0.72 in relation to 0.75 required careful consideration. I identified these challenges by double-checking each position I marked on the number line against the reference values. If a number seemed misaligned or unclear, I would go back to visualize it again or recount the placements.\"\n        },\n        {\n            \"role\": \"user\",\n            \"content\": \"Once you identified an error or challenge, how did you go about correcting it? What steps did you take to ensure the solution was accurate?\"\n        },\n        {\n            \"role\": \"assistant\",\n            \"content\": \"To correct any misplacement, I first reassessed the values relative to their nearest reference points. For example, for 0.084, I would explicitly compare it with 0.0 and 0.1, clearly visualizing the space it occupies on the number line. Once I confirmed its nearest tenths, I carefully moved it left of 0.1. For 0.72, I'd recheck its proximity to 0.7 and 0.75, ensuring its position was accurate by visualizing the divisions of the number line once more. I would also verify my conclusions about larger or smaller values by comparing both numbers again, ensuring that my solution holds consistently against the placements.\"\n        }\n    ]\n}\n```"
}