{
    "dialogue": "```json\n{\n    \"dialogue\": [\n        {\n            \"role\": \"user\",\n            \"content\": \"You are a student with an ability level of High in a math class. Now, you need to solve a math problem. Please describe your thought process and steps in detail according to your ability level. The math problem is: Problem Background In this activity, a number line will be displayed on the screen, and students need to determine the position of a specific value by estimating and comparing numbers. Problem Details Task 1: Find the position of 0.349 Hints The number line extends from 0.0 to 1.0. Look at the number 0.349 and think about which position it is closer to: 0, 1, or the middle of the number line at 0.5? You can be creative, such as dividing the number line into quarters! If this is too difficult, you can also think about which tenth place 0.349 is closer to: 0.3, 0.4, or the middle at 0.35? Let's try estimating the position of 0.349 by first finding 0.3! Finding 0.3 is somewhat difficult, but do you know that one-third of the number line is 0.333? This is very close to 0.349! Imagine the number line is divided into three large, imaginary parts, then count one large, imaginary part to the right from 0.0 to reach 0.333. Almost there! This number is to the right of 0.333, which is one-third of the number line. Move less than 0.02, which is less than a full mark, to the right to reach 0.349. Task 2: Find the position of 0.893 Hints The number line extends from 0.0 to 1.0. Look at the number 0.893 and think about which position it is closer to: 0, 1, or the middle of the number line at 0.5? You can be creative, such as dividing the number line into quarters! If this is too difficult, you can also think about which tenth place 0.893 is closer to: 0.8, 0.9, or the middle at 0.85? Let's try estimating the position of 0.893 by first finding 0.9! Finding 0.9 is somewhat difficult, but do you know that nine-tenths of the number line is 0.9? This is very close to 0.893! Imagine the number line is divided into ten parts, then count nine large, imaginary parts to the right from 0.0. Almost there! This number is to the left of 0.9, which is nine-tenths of the number line. Move less than a full mark to the left to reach 0.893. Task 3: Determine the larger number (operation corresponding to \\\"larger\\\") Problem Number line range: From 0.0 to 1.0. Task: On the number line, you have found the values 0.349 and 0.893. Question: Which value is larger? Please fill in the correct answer. Please fill in the larger value between 0.349 and 0.893: _______. Hints Which of the two numbers you placed on the number line is larger? You just need to remember whether the larger number is placed on the right or left, but the number line will give you hints; where is 0? Where is 1? Feedback Mechanism Correct Operation: The screen will display a green \\\"Correct!\\\" Incorrect Operation: The screen will display a red \\\"Incorrect, try another value.\\\" Answers: Task 1 (Find the position of 0.349): The correct answer range is from 0.331 to 0.367. Task 2 (Find the position of 0.893): The correct answer range is from 0.875 to 0.91. This problem design aims to enhance students' understanding of the relative size of numbers through number line and number comparison activities, and to deepen their understanding of the relative size relationships between numbers through intuitive interaction.\"\n        },\n        {\n            \"role\": \"assistant\",\n            \"content\": \"To solve the problem of finding the position of 0.349 on the number line, I first visualize the number line extending from 0.0 to 1.0. I concentrate on 0.349 and estimate its proximity to 0, 1, and the midpoint of 0.5. Since 0.349 is closer to 0.3 than to 0.5 or 0.4, I know it will be on the left side of the midpoint. I can break the number line into smaller intervals for better precision, perhaps into tenths or even hundredths to narrow it down further. This helps me strategize my movements as I get closer to pinpointing 0.349's exact location.\"\n        },\n        {\n            \"role\": \"user\",\n            \"content\": \"While solving this problem, what assumptions or predictions are you making? How do you decide on the next steps?\"\n        },\n        {\n            \"role\": \"assistant\",\n            \"content\": \"I assume that I can estimate the placements based on the segments of the number line. I predict that 0.349 will be closest to the quarter between 0.3 and 0.4. This guides my next step to focus on identifying the location of 0.3 first, followed by recognizing the proximity of 0.349 in relation to both 0.3 and 0.4. I adjust my approach as I determine how close or far the mark is compared to these values.\"\n        },\n        {\n            \"role\": \"user\",\n            \"content\": \"Did you encounter any challenges or notice any potential errors during your process? If so, how did you identify them?\"\n        },\n        {\n            \"role\": \"assistant\",\n            \"content\": \"One challenge I faced was estimating the difference between 0.333 and 0.349. Initially, I was unsure if I needed to move a minimal distance or if it would be a larger step than I thought. To identify this, I compared the decimal points and assessed how far 0.333 was from 0.349 visually along the number line. Recognizing that I needed to evaluate the tenth and hundredth places helped clarify my path.\"\n        },\n        {\n            \"role\": \"user\",\n            \"content\": \"Once you identified an error or challenge, how did you go about correcting it? What steps did you take to ensure the solution was accurate?\"\n        },\n        {\n            \"role\": \"assistant\",\n            \"content\": \"Once I realized the estimate of moving from 0.333 to 0.349 was smaller than I initially thought, I recalibrated my approach. I measured that the difference was less than 0.02, so I refined my approximation by counting smaller increments on the number line. I used careful observations to ensure that I was accurately estimating the position without overshooting or underestimating by referring back to known fractions and the decimal places. This made sure my solution was precise.\"\n        }\n    ]\n}\n```"
}