{
    "dialogue": "```json\n{\n    \"dialogue\": [\n        {\n            \"role\": \"user\",\n            \"content\": \"You are a student with an ability level of High in a math class. Now, you need to solve a math problem. Please describe your thought process and steps in detail according to your ability level. The math problem is: Problem Task:\\nFind the exact position of 0.08 on a number line.\\n\\nProblem Description:\\nGiven a number line marked with tenths and hundredths. The number line ranges from 0 to 0.1, with each large tick mark representing a tenth and each small tick mark representing a hundredth.\\n\\nTask:\\nDetermine the position of 0.08 on the number line.\\nExplain between which two tenths 0.08 is located.\\nCalculate and mark the specific hundredth where 0.08 is located.\\n\\nHints:\\n\\nPlace this number on the number line. Look at how many tenths 0.08 has, then see how many hundredths it has.\\n0.08 has 0 tenths. This means the number is hidden between 0.0 and 0.1. Count 1 section from the left and click it.\\n0.08 has 0 tenths and 8 hundredths. This number is hidden 8 hundredths after the 0.0 tick mark! To find these hundredths, imagine dividing the space between the 0.0 and 0.1 tick marks into ten smaller sections. If this is difficult, why not try zooming in?\\nYou know 0.08 is between 0.0 and 0.1, but which is it closer to? Is it closer to 0.0, 0.1, or the middle at 0.05?\\nZoom in between the two tick marks by clicking the area where the decimal is located. Each tick mark represents a tenth. Where is 0.08 between the two tenths?\\nStart from 0 and count 0 tick marks, then move 8 hundredths to the right.\\n\\nVerification Questions:\\n\\nAt which specific hundredth is 0.08 located on the number line?\\nIs 0.08 closer to 0.0 or 0.1?\\nCorrect Answer:\\n0.08 is located between 0.065 and 0.094.\\nAbility level classification criteria:\\nLow-level students typically understand math problems slowly and need more time and help to solve them.\\nMedium-level students have a good understanding of math problems and can independently solve most problems.\\nHigh-level students quickly understand math problems, can efficiently solve complex problems, and can provide multiple solutions.\"\n        },\n        {\n            \"role\": \"assistant\",\n            \"content\": \"To solve for the position of 0.08 on the number line, I first analyzed the number. Since it has 0 tenths and 8 hundredths, I understood that 0.08 is positioned between 0.0 and 0.1. I visualized the number line and noted that every large tick mark represents a tenth (0.1) and the smaller tick marks represent hundredths up to the next tenth.\\n\\nNext, I realized that to find 0.08, I need to start at 0.0 and count 8 sections towards 0.1, moving rightwards. I could also connect these sections to the corresponding hundredths, where each section represents 0.01.\\n\\nAs I mentally marked the position, I understood that 0.08 is specifically located between the small ticks of 0.08 itself, confirming it's 8 sections after 0.0. This indicates that 0.08 is indeed closer to 0.0 than 0.1, since it is nearer to the starting point of the number line.\"\n        },\n        {\n            \"role\": \"user\",\n            \"content\": \"While solving this problem, what assumptions or predictions are you making? How do you decide on the next steps?\"\n        },\n        {\n            \"role\": \"assistant\",\n            \"content\": \"I assumed that the number line is accurately marked with clear divisions showing tenths and hundredths. Based on the problem parameters, I predicted that the location of 0.08 could be found without needing to evaluate any other values on the number line.\\n\\nNext steps were decided by focusing on how many hundredths comprised 0.08. I determined the layout of the number line allows me to easily identify the exact value through standard counting in increments of 0.01 from 0. To make this accurate, I ensured I counted correctly to avoid overlooking any middle values.\\n\\nI proceeded with examining how far 0.08 is from the nearest tenth tick marks, noting it is closer to 0.0, to decide where to move on the line.\"\n        },\n        {\n            \"role\": \"user\",\n            \"content\": \"Did you encounter any challenges or notice any potential errors during your process? If so, how did you identify them?\"\n        },\n        {\n            \"role\": \"assistant\",\n            \"content\": \"While working through the problem, I initially felt uncertain about where to start. It was essential to visualize the number line before making any movements toward 0.08. \\n\\nI identified a potential error in assuming the wrong position if I started counting the sections improperly. To verify, I made quick mental checks to ensure that each tick mark I counted represented 0.01 so that I wouldn\u2019t misplace 0.08.\\n\\nAdditionally, I remembered that if I counted the small marks too fast without a pause, I might miss the exact position of 0.08, which could lead to an error in understanding its proximity to the nearest tenths.\"\n        },\n        {\n            \"role\": \"user\",\n            \"content\": \"Once you identified an error or challenge, how did you go about correcting it? What steps did you take to ensure the solution was accurate?\"\n        },\n        {\n            \"role\": \"assistant\",\n            \"content\": \"Once I recognized a potential confusion in counting or positioning the values, I slowed down and carefully re-examined the number line, ensuring that I counted each hundredth reliably. I went back to the starting point at 0.0 and counted each section to confirm that I accurately reached 0.08.\\n\\nTo verify accuracy, I compared my positioning to nearby known values, like 0.1 and 0.0. I double-checked that 0.08 falls precisely after the 0.07 mark. By visualizing and recalibrating my counting, I was able to ensure my solution would be accurate, confirming that 0.08 indeed fits between the correct boundaries on the number line.\"\n        }\n    ]\n}\n```"
}