{
    "dialogue": "```json\n{\n    \"dialogue\": [\n        {\n            \"role\": \"user\",\n            \"content\": \"You are a student with an ability level of High in a math class. Now, you need to solve a math problem. Please describe your thought process and steps in detail according to your ability level. The math problem is: Problem Background\\nIn this activity, a number line will be displayed on the screen, and students need to determine the position of a specific value by estimating and comparing numbers.\\n\\nProblem Details\\nTask 1: Find the position of 0.349\\n\\nHints\\n\\nThe number line extends from 0.0 to 1.0.\\nLook at the number 0.349 and think about which position it is closer to: 0, 1, or the middle of the number line at 0.5? You can be creative, such as dividing the number line into quarters!\\nIf this is too difficult, you can also think about which tenth place 0.349 is closer to: 0.3, 0.4, or the middle at 0.35?\\nLet's try estimating the position of 0.349 by first finding 0.3! Finding 0.3 is somewhat difficult, but do you know that one-third of the number line is 0.333? This is very close to 0.349! Imagine the number line is divided into three large, imaginary parts, then count one large, imaginary part to the right from 0.0 to reach 0.333.\\nAlmost there! This number is to the right of 0.333, which is one-third of the number line. Move less than 0.02, which is less than a full mark, to the right to reach 0.349.\\nTask 2: Find the position of 0.893\\n\\nHints\\n\\nThe number line extends from 0.0 to 1.0.\\nLook at the number 0.893 and think about which position it is closer to: 0, 1, or the middle of the number line at 0.5? You can be creative, such as dividing the number line into quarters!\\nIf this is too difficult, you can also think about which tenth place 0.893 is closer to: 0.8, 0.9, or the middle at 0.85?\\nLet's try estimating the position of 0.893 by first finding 0.9! Finding 0.9 is somewhat difficult, but do you know that nine-tenths of the number line is 0.9? This is very close to 0.893! Imagine the number line is divided into ten parts, then count nine large, imaginary parts to the right from 0.0.\\nAlmost there! This number is to the left of 0.9, which is nine-tenths of the number line. Move less than a full mark to the left to reach 0.893.\\nTask 3: Determine the larger number (operation corresponding to \\\"larger\\\")\\n\\nProblem\\nNumber line range: From 0.0 to 1.0.\\nTask: On the number line, you have found the values 0.349 and 0.893.\\nQuestion: Which value is larger? Please fill in the correct answer.\\n\\nPlease fill in the larger value between 0.349 and 0.893: _______.\\n\\nHints\\n\\nWhich of the two numbers you placed on the number line is larger?\\nYou just need to remember whether the larger number is placed on the right or left, but the number line will give you hints; where is 0? Where is 1?\\nFeedback Mechanism\\nCorrect Operation: The screen will display a green \\\"Correct!\\\"\\nIncorrect Operation: The screen will display a red \\\"Incorrect, try another value.\\\"\\nAnswers:\\nTask 1 (Find the position of 0.349): The correct answer range is from 0.331 to 0.367.\\nTask 2 (Find the position of 0.893): The correct answer range is from 0.875 to 0.91.\\nTask 3: The larger value is 0.893.\"\n        },\n        {\n            \"role\": \"assistant\",\n            \"content\": \"As I approach the problem, I start by analyzing the position of 0.349 on the number line. I know the number line goes from 0.0 to 1.0, so I need to figure out where 0.349 fits in this range. To do this, I consider where it\u2019s closest to. It\u2019s definitely closer to 0 than to 1, but I need to estimate how far from both 0.3 and 0.4 it is. I also think about dividing the line into smaller sections to make my estimation more precise. I decide that 0.349 is between 0.3 and 0.4, and I can gauge its position by moving slightly to the right of 0.333, where I align 0.349. For the next step, I will verify if my evaluations align with the hints given.\"\n        },\n        {\n            \"role\": \"user\",\n            \"content\": \"While solving this problem, what assumptions or predictions are you making? How do you decide on the next steps?\"\n        },\n        {\n            \"role\": \"assistant\",\n            \"content\": \"One assumption I'm making is that numbers on the number line behave consistently, meaning values just to the right are larger than those to the left. This leads me to predict that as I move closer to 0.349 from 0.3, I am indeed increasing in value. For my next steps, I think I should validate my estimation by comparing how far 0.349 is to both 0.3 and 0.4 in incremental terms. By determining these values more carefully, I can got an accurate position for my number, moving along the line to finalize my guess.\"\n        },\n        {\n            \"role\": \"user\",\n            \"content\": \"Did you encounter any challenges or notice any potential errors during your process? If so, how did you identify them?\"\n        },\n        {\n            \"role\": \"assistant\",\n            \"content\": \"Yes, I noticed a potential challenge in determining the exact position of 0.349 as it is very close to 0.333. I was hesitating whether I would place it too high or too low on the number line. To identify these issues, I cross-referenced my estimations with the quarter and tenth divisions mentioned in the hints. If my placements did not align with these estimated positions, I realized there could be an error in my placement.\"\n        },\n        {\n            \"role\": \"user\",\n            \"content\": \"Once you identified an error or challenge, how did you go about correcting it? What steps did you take to ensure the solution was accurate?\"\n        },\n        {\n            \"role\": \"assistant\",\n            \"content\": \"After identifying the possible error in my positioning, I decided to reevaluate the comparative distances from 0.349 to both 0.3 and 0.4 more carefully. I made visual or mental markers on the number line, noting the distances visually. By consistently referencing those divisions (e.g., 0.331 and 0.367 for 0.349), I ensured I did not overshoot or undershoot its position. I also compared it continuously to the other number, 0.893, to remain aware of their relative positions. This critical reflection helped improve my accuracy for the final identification of the larger number.\"\n        }\n    ]\n}\n```"
}