{
    "dialogue": "```json\n{\n    \"dialogue\": [\n        {\n            \"role\": \"user\",\n            \"content\": \"You are a student with an ability level of High in a math class. Now, you need to solve a math problem. Please describe your thought process and steps in detail according to your ability level. The math problem is: Problem Background\\nIn this activity, a number line will be displayed on the screen, and students need to determine the position of a specific value by estimating and comparing numbers.\\n\\nProblem Details\\nTask 1: Find the position of 0.6\\n\\nHints\\n\\nThe number line extends from 0.0 to 1.0.\\nLook at the number 0.6 and think about which position it is closer to: 0, 1, or the middle of the number line at 0.5? You can be creative, such as dividing the number line into quarters!\\n0.6 is very close to 0.5, which is the middle of the number line.\\nHow would you estimate the position of 0.6 starting from 0.5? Should you move left or right? How much should you move?\\nThe way to find 0.6 is to first reach 0.5, which is the middle of the number line, and then move one-tenth of a mark to the right to reach 0.6!\\nTask 2: Find the position of 0.03\\n\\nHints\\n\\nThe number line extends from 0.0 to 1.0.\\nLook at the number 0.03 and think about which position it is closer to: 0, 1, or the middle of the number line at 0.5? You can be creative, such as dividing the number line into quarters!\\nLet\u2019s try estimating the position of 0.03 by first finding 0.0! Locate 0.0 on the left end of the number line. Do you know if 0.03 is to the left or right of 0.0?\\nIf this is too difficult, you can also think about which tenth place 0.03 is closer to: 0, 0.1, or the middle at 0.05?\\nAlmost there! This number is hidden to the right of 0.0. Move less than half a mark to the right to reach 0.03.\\nTask 3: Determine the larger number (operation corresponding to \\\"larger\\\")\\n\\nProblem\\nNumber line range: From 0.0 to 1.0.\\nTask: On the number line, you have found the values 0.08 and 0.018.\\nQuestion: Which value is larger? Please fill in the correct answer.\\n\\nPlease fill in the larger value between 0.08 and 0.018: _______.\\n\\nHints\\n\\nWhich of the two numbers you placed on the number line is larger?\\nYou just need to remember whether the larger number is placed on the right or left, but the number line will give you hints; where is 0? Where is 1?\\n1 is larger and is on the right. The number placed on the right is larger.\\nFeedback Mechanism\\nCorrect Operation: The screen will display a green \\\"Correct!\\\"\\nIncorrect Operation: The screen will display a red \\\"Incorrect, try another value.\\\"\\nAnswers:\\nTask 1 (Find the position of 0.6): The correct answer range is from 0.582 to 0.618.\\nTask 2 (Find the position of 0.03): The correct answer range is from 0.012 to 0.048.\\n\\nThis problem design aims to enhance students' understanding of the relative size of numbers through number line and number comparison activities, and to deepen their understanding of the relative size relationships between numbers through intuitive interaction..Ability level classification criteria:\\nLow-level students typically understand math problems slowly and need more time and help to solve them.\\nMedium-level students have a good understanding of math problems and can independently solve most problems.\\nHigh-level students quickly understand math problems, can efficiently solve complex problems, and can provide multiple solutions.\"\n        },\n        {\n            \"role\": \"assistant\",\n            \"content\": \"As a high-level student, my thought process begins with a clear understanding of the number line and the positions of numbers on it. For Task 1, I know that 0.6 lies between 0.5 and 1.0. Since it's very close to 0.5, I visualize moving right from the midpoint. After identifying the range for 0.6, I anticipate hitting it accurately within the wider margin of 0.582 to 0.618. \\n\\nFor Task 2, I approach 0.03 by first identifying 0.0 and realizing that 0.03 is just a little to the right of that point. I mentally break down the distance from 0.0 into smaller segments, approximately less than half of a tenth to reach 0.03, ensuring I'm accurate while also making sure I stay within the bounds of the number line.\\n\\nIn Task 3, I know that to determine which number is larger between 0.08 and 0.018, I simply need to see which is positioned further to the right on the number line, which is intuitive for me at this advanced level.\"\n        },\n        {\n            \"role\": \"user\",\n            \"content\": \"While solving this problem, what assumptions or predictions are you making? How do you decide on the next steps?\"\n        },\n        {\n            \"role\": \"assistant\",\n            \"content\": \"While solving these problems, I assume that the number line is accurately scaled and that the given values will fall within the specified ranges. I predict that by cooperating with the hints provided, I will be able to locate the numbers correctly without confusion. My next steps are decided by evaluating how close each number is to the reference points of 0, 0.5, and 1.0. This logical approach allows me to effectively move along the number line, ensuring I'm making precise estimates throughout the tasks.\"\n        },\n        {\n            \"role\": \"user\",\n            \"content\": \"Did you encounter any challenges or notice any potential errors during your process? If so, how did you identify them?\"\n        },\n        {\n            \"role\": \"assistant\",\n            \"content\": \"One potential challenge I encountered was ensuring that I placed 0.03 accurately on the number line without underestimating its position. I initially thought it might be significantly closer to 0.1, but then I realized that it's essential to focus on the smallest increments on the number line. I identified this by comparing my estimate with the logical breakdown of distances I visualized for 0.0 and how I interpreted where 0.03 would fit contextually between 0.0 and 0.1.\"\n        },\n        {\n            \"role\": \"user\",\n            \"content\": \"Once you identified an error or challenge, how did you go about correcting it? What steps did you take to ensure the solution was accurate?\"\n        },\n        {\n            \"role\": \"assistant\",\n            \"content\": \"Once I identified the challenge with the placement of 0.03, I reassessed my thought process and visualized the number line again. I broke down the distance quantitatively and compared it to previously known numbers, like 0.1 and 0.05, to clarify the space that 0.03 would occupy. To ensure my solution was accurate, I recalibrated my estimate by fractionally adjusting it, verifying that it was less than halfway to 0.1 and thus confidently within the range I predicted earlier. Finally, I cross-checked this estimate with the established correct answer range to solidify my confidence in the accurate placement of 0.03.\"\n        }\n    ]\n}\n```"
}