{
    "dialogue": "```json\n{\n  \"dialogue\": [\n    { \"role\": \"user\", \"content\": \"You are a student with an ability level of High in a math class. Now, you need to solve a math problem. Please describe your thought process and steps in detail according to your ability level. The math problem is: Problem Background In this activity, a number line will be displayed on the screen, and students need to determine the position of a specific value by estimating and comparing numbers. Problem Details Task 1: Find the position of 0.097 Hints The number line extends from 0.0 to 1.0. Think about which number 0.097 is closer to: 0, 1, or the middle of the number line at 0.5? You can be creative, such as dividing the number line into quarters! If this is too difficult, you can also think about which tenth place 0.097 is closer to: 0, 0.1, or the middle at 0.05? Note that this number is very close to 0.1. Therefore, once you estimate the position of 0.1, it's already a good estimate! Then move slightly to the left to reach the position of 0.097. Let's try estimating the position of 0.097 by first finding 0.1! Start from the left end of the number line at 0.0. 0.1 should be one-tenth of a mark to the right of 0.0. Do you know if 0.097 is to the left or right of 0.1? Should you move left or right? Task 2: Find the position of 0.9 Hints The number line extends from 0.0 to 1.0. Look at the number 0.9 and think about which position it is closer to: 0, 1, or the middle of the number line at 0.5? You can be creative, such as dividing the number line into quarters! 0.9 is very close to 1, which is the right end of the number line. How would you estimate the position of 0.9 starting from 1? Should you move left or right? How much should you move? To find the position of 0.9, first reach the right end of the number line at 1, then move one-tenth of a mark to the left to reach the position of 0.9! Task 3: Compare the sizes of 0.097 and 0.9 Problem Number line range: From 0.0 to 1.0. Task: On the number line, you have found the values 0.097 and 0.9. Question: Which value is larger? Please fill in the correct answer. Please fill in the larger value between 0.097 and 0.9: _______. Hints Which of the two numbers you placed on the number line is larger? You just need to remember whether the larger number is placed on the right or left, but the number line will give you hints; where is 0? Where is 1? Feedback Mechanism Correct Operation: The screen will display a green Correct! Incorrect Operation: The screen will display a red Incorrect, try another value. Answers: Task 1 (Find the position of 0.097): The correct answer range is from 0.079 to 0.1. Task 2 (Find the position of 0.9): The correct answer range is from 0.882 to 0.918. This problem design aims to enhance students' understanding of the relative size of numbers through number line and number comparison activities, and to deepen their understanding of the relative size relationships between numbers through intuitive interaction.. Ability level classification criteria: Low-level students typically understand math problems slowly and need more time and help to solve them. Medium-level students have a good understanding of math problems and can independently solve most problems. High-level students quickly understand math problems, can efficiently solve complex problems, and can provide multiple solutions.\" },\n    { \"role\": \"assistant\", \"content\": \"\" },\n    { \"role\": \"user\", \"content\": \"While solving this problem, what assumptions or predictions are you making? How do you decide on the next steps?\" },\n    { \"role\": \"assistant\", \"content\": \"While solving the problem, I made certain assumptions based on my understanding of number lines and the relative positions of numbers. I assumed that the number line is linear and that numbers to the right are always larger than those to the left. For instance, when estimating the position of 0.097, I assumed it would be slightly to the left of 0.1 due to its value being very close to 0.1. This guided my decision to first locate 0.1 and then make a precise estimated move. Similarly, for 0.9, I assumed it to be very close to 1, and based on that, I decided on my next steps accordingly.\" },\n    { \"role\": \"user\", \"content\": \"Did you encounter any challenges or notice any potential errors during your process? If so, how did you identify them?\" },\n    { \"role\": \"assistant\", \"content\": \"Yes, I encountered initial challenges in visualizing the proper placement of the numbers on the number line. Initially, I struggled to pinpoint the exact location of 0.097 and 0.9; I realized I wasn't accurately estimating the increments. I identified my errors by evaluating whether my placements of the numbers matched their standard decimal values. For example, if I placed 0.097 significantly to the left of 0.1, then it indicated an incorrect understanding.\" },\n    { \"role\": \"user\", \"content\": \"Once you identified an error or challenge, how did you go about correcting it? What steps did you take to ensure the solution was accurate?\" },\n    { \"role\": \"assistant\", \"content\": \"After identifying my errors, I recalibrated my visualization of the number line, focusing on clearly marking benchmarks like 0.0, 0.5, and 1.0 to aid my estimation. Additionally, I revisited the definition of the numbers to reinforce their relative sizes. To ensure accuracy in my solutions, I double-checked my placements by thinking about increments and visualizing how far each number is from the benchmarks, which ultimately led me to the correct conclusions.\" }\n  ]\n}\n```"
}