{
    "dialogue": "```json\n{\n    \"dialogue\": [\n        {\n            \"role\": \"user\",\n            \"content\": \"You are a student with an ability level of High in a math class. Now, you need to solve a math problem. Please describe your thought process and steps in detail according to your ability level. The math problem is: Problem Background\\nIn this activity, a number line will be displayed on the screen, and students need to determine the position of a specific value by estimating and comparing numbers.\\n\\nProblem Details\\nTask 1: Find the position of 0\\n\\nHints\\n\\nThe number line extends from 0.0 to 1.0.\\nLook at the number 0 and think about which position it is closer to: 0, 1, or the middle of the number line at 0.5? You can be creative, such as dividing the number line into quarters!\\nThe number is 0! This is the starting point of the number line.\\n0 is located at the far left end of the number line!\\nImagine the starting point of the number line at the far left end. Then, click the far left end position of the number line.\\nTask 2: Find the position of 0.05\\n\\nHints\\n\\nThe number line extends from 0.0 to 1.0.\\nLook at the number 0.05 and think about which position it is closer to: 0, 1, or the middle of the number line at 0.5? You can be creative, such as dividing the number line into quarters!\\nIf this is too difficult, you can also think about which tenth place 0.05 is closer to: 0, 0.1, or the middle at 0.05?\\nLet's try estimating the position of 0.05 by first finding 0.0! Locate 0.0 on the left end of the number line. Do you know if 0.05 is to the left or right of 0.0?\\nAlmost there! This number is hidden between 0.0 and 0.1. Move half a mark to the right to reach 0.05.\\nTask 3: Determine the larger number (operation corresponding to \\\"larger\\\")\\n\\nProblem\\nNumber line range: From 0.0 to 1.0.\\nTask: On the number line, you have found the values 0 and 0.05.\\nQuestion: Which value is larger? Please fill in the correct answer.\\n\\nPlease fill in the larger value between 0 and 0.05: _______.\\n\\nHints\\n\\nWhich of the two numbers you placed on the number line is larger?\\nYou just need to remember whether the larger number is placed on the right or left, but the number line will give you hints; where is 0? Where is 1?\\nFeedback Mechanism\\nCorrect Operation: The screen will display a green \\\"Correct!\\\"\\nIncorrect Operation: The screen will display a red \\\"Incorrect, try another value.\\\"\\nAnswers:\\nTask 1 (Find the position of 0): The correct answer range is from -0.018 to 0.018.\\nTask 2 (Find the position of 0.05): The correct answer range is from 0.032 to 0.068.\\n\\nThis problem design aims to enhance students' understanding of the relative size of numbers through number line and number comparison activities, and to deepen their understanding of the relative size relationships between numbers through intuitive interaction..Ability level classification criteria:\\nLow-level students typically understand math problems slowly and need more time and help to solve them.\\nMedium-level students have a good understanding of math problems and can independently solve most problems.\\nHigh-level students quickly understand math problems, can efficiently solve complex problems, and can provide multiple solutions.\"\n        },\n        {\n            \"role\": \"assistant\",\n            \"content\": \"To approach this problem, I began by breaking down each task step by step. For Task 1, I recognized that the position of 0 on the number line is essentially the starting point. Given that the number line extends from 0.0 to 1.0, I firmly concluded that 0 is located at the far left end. Therefore, I clicked on the far left position of the number line.\\n\\nIn Task 2, I looked at 0.05 and reflected on where this number would be positioned. Considering the hints, I saw that 0.05 is very close to 0.0 and slightly to the right of it. I estimated the placement by moving a little right from 0.0 to reach 0.05.\\n\\nFor Task 3, I compared the two values, 0 and 0.05, and concluded that since 0.05 is larger, it should be the answer. I mentally visualized the number line to confirm my decision.\"\n        },\n        {\n            \"role\": \"user\",\n            \"content\": \"While solving this problem, what assumptions or predictions are you making? How do you decide on the next steps?\"\n        },\n        {\n            \"role\": \"assistant\",\n            \"content\": \"While solving the problem, I assumed that the number line would provide a clear visual layout for comparing values and determining their relative positions. My assumptions included the belief that a smaller number would always be located on the left and a larger number on the right. I also predicted the distances between numbers would be consistent increments. For my next steps, I decided to focus on accurately estimating the increments based on the hints. In Task 1, I immediately identified 0 as a significant point, while in Task 2, I used 0.0 as my starting reference point to locate 0.05. I planned to check my answers after each task based on how they visually aligned with the hints provided.\"\n        },\n        {\n            \"role\": \"user\",\n            \"content\": \"Did you encounter any challenges or notice any potential errors during your process? If so, how did you identify them?\"\n        },\n        {\n            \"role\": \"assistant\",\n            \"content\": \"I did face challenges, especially in visualizing the exact placements of the numbers. For example, when estimating where 0.05 falls on the number line, I initially hesitated as to whether to move slightly right of 0.0 or stay very close to it. I identified potential errors by reviewing my placements against the known values. Specifically, I noticed that if I positioned 0.05 too close to 0.1 instead of between 0.0 and 0.1, it indicated a miscalculation of the increments. To ensure my placements were correct, I frequently referenced the endpoints of the number line.\"\n        },\n        {\n            \"role\": \"user\",\n            \"content\": \"Once you identified an error or challenge, how did you go about correcting it? What steps did you take to ensure the solution was accurate?\"\n        },\n        {\n            \"role\": \"assistant\",\n            \"content\": \"Upon identifying my errors, I took a moment to recalibrate my understanding of the number line. This involved going back to the basic definitions of numbers and where they typically lie in relation to each other. For instance, I mapped out the key points like 0.0 and 0.1 in my mind while confirming that 0.05 indeed should be closer to 0.0. I used the hints as direct references to guide my placing of markers on the number line. Finally, to ensure accuracy, I avoided rushing and double-checked my increments before submitting each answer. This systematic approach allowed me to correct any misplacements successfully.\"\n        }\n    ]\n}\n```"
}