{
    "dialogue": "{\n    \"dialogue\": [\n        {\n            \"role\": \"user\",\n            \"content\": \"You are a student with an ability level of High in a math class. Now, you need to solve a math problem. Please describe your thought process and steps in detail according to your ability level. The math problem is: Problem Task:\\nAccurately locate 0.093 on a number line.\\n\\nProblem Description:\\nGiven a number line marked with tenths, hundredths, and thousandths. The number line ranges from 0 to 0.1, with each large tick mark representing a tenth, each small tick mark subdivided into ten hundredths, and each hundredth further subdivided into ten thousandths.\\n\\nTask:\\nDetermine the position of 0.093 on the number line.\\nExplain between which two tenths 0.093 is located.\\nCalculate and mark the specific hundredth and thousandth where 0.093 is located.\\n\\nHints:\\n\\nPlace this number on the number line. Look at how many tenths 0.093 has, then see how many hundredths and thousandths it has.\\n0.093 has 0 tenths. This means the number is hidden between 0.0 and 0.1. Count 1 section from the left and click it.\\nThis number line zooms in between 0.0 and 0.1, so you are already in the correct tenth. You must find the correct hundredth and thousandth.\\nZoom in between the two tick marks by clicking the area where the decimal is located. Each tick mark represents a tenth. Where is 0.093 between the two tenths?\\nYou know 0.093 is between 0.0 and 0.1, but which is it closer to? Is it closer to 0.0, 0.1, or the middle at 0.05?\\n0.093 has 9 hundredths and 3 thousandths. This number is hidden just a little past the 0.09 tick mark! Imagine there are ten smaller sections between the tick marks! This number is in the 3rd small section to the right of 0.09.\\nNow you know reading the tenths as \u201c0\u201d and hundredths as \u201c9\u201d is important, but the thousandths \u201c3\u201d is not as significant because thousandths are very small.\\nStart from 0.0, count 9 tick marks to the right, then move 3 thousandths further. Note that 0.093 is close to halfway between 0.09 and 0.1, which is 0.095.\\nVerification Questions:\\n\\nAt which specific hundredth and thousandth is 0.093 located on the number line?\\nCorrect Answer:\\n0.093 is located between 0.078 and 0.099..Ability level classification criteria:\\nLow-level students typically understand math problems slowly and need more time and help to solve them.\\nMedium-level students have a good understanding of math problems and can independently solve most problems.\\nHigh-level students quickly understand math problems, can efficiently solve complex problems, and can provide multiple solutions.\"\n        },\n        {\n            \"role\": \"assistant\",\n            \"content\": \"To solve the problem of locating 0.093 on the number line, I start by analyzing the value itself. I recognize that 0.093 has 0 tenths, meaning it lies between 0.0 and 0.1. The next step involves identifying the hundredths. In this case, 0.093 indicates 9 hundredths, which tells me it's very close to the 0.09 mark on the number line. I know that there are smaller subdivisions for thousandths, and since 0.093 also has 3 thousandths, this indicates that it falls slightly past 0.09. \\n\\nI visualize the number line, noting the tick marks representing tenths at 0.0, 0.1, and the small divisions for hundredths. To pinpoint 0.093, I would mark it slightly past the small tick for 0.09 but before reaching 0.1. I can imagine counting to 3 further divisions after 0.09, leading me directly to 0.093.\"\n        },\n        {\n            \"role\": \"user\",\n            \"content\": \"While solving this problem, what assumptions or predictions are you making? How do you decide on the next steps?\"\n        },\n        {\n            \"role\": \"assistant\",\n            \"content\": \"While solving the problem, I assumed that the number line is accurately marked, with clear divisions for tenths and hundredths. My initial prediction was that 0.093 would be located very close to 0.09 based on how the digits relate to tenths and hundredths. Knowing that 0.093 is greater than 0.09 but less than 0.1 guided my next steps: I had to visualize the subdivisions and recognize that since it has 3 thousandths, I should move slightly past 0.09. This assumption led me to count the smaller divisions carefully, ensuring I precisely identified the correct position of 0.093.\"\n        },\n        {\n            \"role\": \"user\",\n            \"content\": \"Did you encounter any challenges or notice any potential errors during your process? If so, how did you identify them?\"\n        },\n        {\n            \"role\": \"assistant\",\n            \"content\": \"During the process, I initially struggled to accurately visualize the placements of these smaller subdivisions on the number line. Specifically, there was a moment when I considered whether I was placing 0.093 correctly in relation to 0.09. I realized this was a potential error when I found myself second-guessing if I had counted the divisions correctly. I identified my challenges by checking my increments against the known values of the tenths and hundredths, ensuring that I wasn't misplacing the fractions along the number line.\"\n        },\n        {\n            \"role\": \"user\",\n            \"content\": \"Once you identified an error or challenge, how did you go about correcting it? What steps did you take to ensure the solution was accurate?\"\n        },\n        {\n            \"role\": \"assistant\",\n            \"content\": \"Once I recognized the potential error in my placement, I took a step back to reassess my approach. I reviewed the tick marks on the number line systematically, starting from 0.0 up to 0.1, confirming where each hundredth is located. I recalibrated my understanding by visually counting the subdivisions between 0.09 and 0.1. To ensure that my solution was accurate, I made sure to confirm that I was counting three thousandths beyond 0.09 carefully. By double-checking both the positions of numbers and the tiny increments, I could confidently conclude that 0.093 is indeed in the third small section after 0.09, ensuring my final answer was precise.\"\n        }\n    ]\n}"
}