{
    "dialogue": "```json\n{\n    \"dialogue\": [\n        {\n            \"role\": \"user\",\n            \"content\": \"You are a student with an ability level of High in a math class. Now, you need to solve a math problem. Please describe your thought process and steps in detail according to your ability level. The math problem is: Problem Background\\nIn this activity, a number line will be displayed on the screen, and students need to determine the position of a specific value by estimating and comparing numbers.\\n\\nProblem Details\\nTask 1: Find the position of 0.478\\n\\nHints\\n\\nThe number line extends from 0.0 to 1.0.\\nLook at the number 0.478 and think about which position it is closer to: 0, 1, or the middle of the number line at 0.5? You can be creative, such as dividing the number line into quarters!\\nIf this is too difficult, you can also think about which tenth place 0.478 is closer to: 0.4, 0.5, or the middle at 0.45?\\nLet's try estimating the position of 0.478 by first finding 0.5! First, find the middle of the number line at 0.5. Do you know if 0.478 is to the left or right of 0.5?\\nAlmost there! This number is hidden to the left of 0.5. Move less than half a mark to the left to reach the position of 0.478.\\nTask 2: Find the position of 0.6\\n\\nHints\\n\\nThe number line extends from 0.0 to 1.0.\\nLook at the number 0.6 and think about which position it is closer to: 0, 1, or the middle of the number line at 0.5? You can be creative, such as dividing the number line into quarters!\\n0.6 is very close to 0.5, which is the middle of the number line.\\nHow would you estimate the position of 0.6 starting from 0.5? Should you move left or right? How much should you move?\\nTo find the position of 0.6, first reach the middle of the number line at 0.5, then move one-tenth of a mark to the right to reach the position of 0.6!\\nTask 3: Compare the sizes of 0.478 and 0.6\\n\\nProblem\\nNumber line range: From 0.0 to 1.0.\\nTask: On the number line, you have found the values 0.478 and 0.6.\\nQuestion: Which value is larger? Please fill in the correct answer.\\n\\nPlease fill in the larger value between 0.478 and 0.6: _______.\\n\\nHints\\n\\nWhich of the two numbers you placed on the number line is larger?\\nYou just need to remember whether the larger number is placed on the right or left, but the number line will give you hints; where is 0? Where is 1?\\nFeedback Mechanism\\nCorrect Operation: The screen will display a green \\\"Correct!\\\"\\nIncorrect Operation: The screen will display a red \\\"Incorrect, try another value.\\\"\\nAnswers:\\nTask 1 (Find the position of 0.478): The correct answer range is from 0.46 to 0.496.\\nTask 2 (Find the position of 0.6): The correct answer range is from 0.582 to 0.618.\\n\\nThis problem design aims to enhance students' understanding of the relative size of numbers through number line and number comparison activities, and to deepen their understanding of the relative size relationships between numbers through intuitive interaction..Ability level classification criteria:\\nLow-level students typically understand math problems slowly and need more time and help to solve them.\\nMedium-level students have a good understanding of math problems and can independently solve most problems.\\nHigh-level students quickly understand math problems, can efficiently solve complex problems, and can provide multiple solutions.\"\n        },\n        {\n            \"role\": \"assistant\",\n            \"content\": \"To solve the problem of finding the position of 0.478 on the number line, I first analyze the given hints. I see that the number line ranges from 0.0 to 1.0. To determine where 0.478 falls, I compare it to key reference points: 0, 0.5, and 1. I recognize that 0.478 is less than 0.5, so it must be between 0.0 and 0.5. I can visualize the number line and gauge that 0.478 is slightly below the halfway mark, which suggests it is close to the middle but definitely on the left side of 0.5. This gives me a narrow range to estimate its position.\"\n        },\n        {\n            \"role\": \"user\",\n            \"content\": \"While solving this problem, what assumptions or predictions are you making? How do you decide on the next steps?\"\n        },\n        {\n            \"role\": \"assistant\",\n            \"content\": \"I assume that the number line is linear and evenly spaced, which allows me to accurately approximate the positions of decimals. Based on this assumption, my next step is to visualize dividing the number line into tenths or quarters, as suggested by the hints. I will focus first on identifying its proximity to 0.4 and 0.5, since those benchmarks will help narrow down the position of 0.478 even further.\"\n        },\n        {\n            \"role\": \"user\",\n            \"content\": \"Did you encounter any challenges or notice any potential errors during your process? If so, how did you identify them?\"\n        },\n        {\n            \"role\": \"assistant\",\n            \"content\": \"A potential challenge I faced was the approximation of where exactly 0.478 lies compared to the nearest tenth. At first, I hesitated between the values of 0.4 and 0.5. I realized I needed to double-check against the hints, particularly the suggestion of moving just left of 0.5, as this indicated my initial mental estimation might need revision.\"\n        },\n        {\n            \"role\": \"user\",\n            \"content\": \"Once you identified an error or challenge, how did you go about correcting it? What steps did you take to ensure the solution was accurate?\"\n        },\n        {\n            \"role\": \"assistant\",\n            \"content\": \"Once I detected the discrepancy, I took a moment to visualize the number line more carefully. I restated the approximate values around 0.478, confirming it should be close to 0.5 but not crossing it. I recalibrated my mental calculation, noting that 0.5 is equidistant between 0.4 and 0.6, which helped me conclude that 0.478 is indeed a little less than halfway to 0.5. After this mental adjustment, I confirmed the range for its position was between 0.46 and 0.496, thus ensuring accuracy in my final answer.\"\n        }\n    ]\n}\n```"
}