{
    "dialogue": "```json\n{\n    \"dialogue\": [\n        {\n            \"role\": \"user\",\n            \"content\": \"You are a student with an ability level of High in a math class. Now, you need to solve a math problem. Please describe your thought process and steps in detail according to your ability level. The math problem is: Problem Task:\\nAccurately locate 0.093 on a number line.\\n\\nProblem Description:\\nGiven a number line marked with tenths, hundredths, and thousandths. The number line ranges from 0 to 0.1, with each large tick mark representing a tenth, each small tick mark subdivided into ten hundredths, and each hundredth further subdivided into ten thousandths.\\n\\nTask:\\nDetermine the position of 0.093 on the number line.\\nExplain between which two tenths 0.093 is located.\\nCalculate and mark the specific hundredth and thousandth where 0.093 is located.\\n\\nHints:\\n\\nPlace this number on the number line. Look at how many tenths 0.093 has, then see how many hundredths and thousandths it has.\\n0.093 has 0 tenths. This means the number is hidden between 0.0 and 0.1. Count 1 section from the left and click it.\\nThis number line zooms in between 0.0 and 0.1, so you are already in the correct tenth. You must find the correct hundredth and thousandth.\\nZoom in between the two tick marks by clicking the area where the decimal is located. Each tick mark represents a tenth. Where is 0.093 between the two tenths?\\nYou know 0.093 is between 0.0 and 0.1, but which is it closer to? Is it closer to 0.0, 0.1, or the middle at 0.05?\\n0.093 has 9 hundredths and 3 thousandths. This number is hidden just a little past the 0.09 tick mark! Imagine there are ten smaller sections between the tick marks! This number is in the 3rd small section to the right of 0.09.\\nNow you know reading the tenths as \u201c0\u201d and hundredths as \u201c9\u201d is important, but the thousandths \u201c3\u201d is not as significant because thousandths are very small.\\nStart from 0.0, count 9 tick marks to the right, then move 3 thousandths further. Note that 0.093 is close to halfway between 0.09 and 0.1, which is 0.095.\\n\\nVerification Questions:\\n\\nAt which specific hundredth and thousandth is 0.093 located on the number line?\\nCorrect Answer:\\n0.093 is located between 0.078 and 0.099..Ability level classification criteria:\\nLow-level students typically understand math problems slowly and need more time and help to solve them.\\nMedium-level students have a good understanding of math problems and can independently solve most problems.\\nHigh-level students quickly understand math problems, can efficiently solve complex problems, and can provide multiple solutions.\"\n        },\n        {\n            \"role\": \"assistant\",\n            \"content\": \"To solve this problem, I started by analyzing the number 0.093. I realized that it has 0 tenths, 9 hundredths, and 3 thousandths. This indicates that it falls between the tenths of 0.0 and 0.1 on the number line. Since it's a high-level math task, I quickly visualized the number line segmented into ten equal parts with each part representing a tenth, each tenth further divided into ten hundredths.\\n\\nNext, I focused on positioning 0.093 by locating 0.09 first. I recognized that 0.093 is slightly beyond the 0.09 mark towards 0.1. Therefore, I counted 9 tick marks from 0.0 to reach 0.09, then proceeded to count 3 smaller divisions within the next smaller section which corresponds to 0.1. Therefore, I would place 0.093 within the 3rd section after the 0.09 mark. Thus, I can accurately locate it on the number line.\"\n        },\n        {\n            \"role\": \"user\",\n            \"content\": \"While solving this problem, what assumptions or predictions are you making? How do you decide on the next steps?\"\n        },\n        {\n            \"role\": \"assistant\",\n            \"content\": \"While solving this problem, I assumed that the number line is evenly marked and accurately reflects the division of tenths, hundredths, and thousandths. My prediction was that locating 0.093 would be easy because it falls logically between the marks of 0.09 and 0.1. \\n\\nAfter identifying that 0.093 has no tenths, I decided my next steps would be to zoom in between the two tenths on the number line and locate the precise sections for the hundredths and thousandths. The hints provided guided these steps and reassured me that counting the small subdivisions accurately would lead me to the correct position.\"\n        },\n        {\n            \"role\": \"user\",\n            \"content\": \"Did you encounter any challenges or notice any potential errors during your process? If so, how did you identify them?\"\n        },\n        {\n            \"role\": \"assistant\",\n            \"content\": \"The primary challenge I faced was ensuring that I accurately counted the subdivisions on the number line, especially since the difference among the hundredths and thousandths can be very subtle. I realized that if I miscounted or skipped a mark, my placement of 0.093 could be incorrect. \\n\\nI identified potential errors by reviewing the tick marks carefully as I counted. When I estimated that 0.093 would be close to the middle of 0.09 and 0.1, I double-checked my counts and confirmed with the provided hints to verify my logic before proceeding.\"\n        },\n        {\n            \"role\": \"user\",\n            \"content\": \"Once you identified an error or challenge, how did you go about correcting it? What steps did you take to ensure the solution was accurate?\"\n        },\n        {\n            \"role\": \"assistant\",\n            \"content\": \"When correcting any potential errors, I went back to the number line and retraced my counting steps carefully to ensure accuracy. I counted each tick mark slowly to really understand where 0.09 ends and where the subdivisions into thousandths begin. \\n\\nAdditionally, I took a moment to visualize how 0.093 relates to the numbers on either side, specifically considering how it sits just beyond 0.09. After confirming my position was accurate, I documented it, ensuring I had noted how it aligns with both the hundredths and the nearest thousandth positions on the number line. This careful verification helped solidify my solution as correct.\"\n        }\n    ]\n}\n```"
}