{
    "dialogue": "```json\n{\n    \"dialogue\": [\n        {\n            \"role\": \"user\",\n            \"content\": \"You are a student with an ability level of High in a math class. Now, you need to solve a math problem. Please describe your thought process and steps in detail according to your ability level. The math problem is: Problem Task:\\nFind the exact position of 0.61 on a number line.\\n\\nProblem Description:\\nGiven a number line marked with tenths and hundredths. The number line ranges from 0 to 1, with each large tick mark representing a tenth and each small tick mark representing a hundredth.\\n\\nTask:\\nDetermine the position of 0.61 on the number line.\\nExplain between which two tenths 0.61 is located.\\nCalculate and mark the specific hundredth where 0.61 is located.\\n\\nHints:\\n\\nPlace this number on the number line. Look at how many tenths 0.61 has, then see how many hundredths it has.\\n0.61 has 6 tenths. This means the number is hidden between 0.6 and 0.7. Count 7 sections from the left and click it.\\n0.61 has 6 tenths and 1 hundredth. This number is hidden 1 hundredth after the 0.6 tick mark! To find these hundredths, imagine dividing the space between the 0.6 and 0.7 tick marks into ten smaller sections. If this is difficult, why not try zooming in?\\nYou know 0.61 is between 0.6 and 0.7, but which is it closer to? Is it closer to 0.6, 0.7, or the middle at 0.65?\\nZoom in between the two tick marks by clicking the area where the decimal is located. Each tick mark represents a tenth. Where is 0.61 between the two tenths?\\nStart from 0 and count 6 tick marks, then move 1 hundredth to the right. Note that 0.61 is close to 0.6.\\nVerification Questions:\\n\\nAt which specific hundredth is 0.61 located on the number line?\\nIs 0.61 closer to 0.6 or 0.7?\\nCorrect Answer:\\n0.61 is located between 0.601 and 0.625..Ability level classification criteria:\\nLow-level students typically understand math problems slowly and need more time and help to solve them.\\nMedium-level students have a good understanding of math problems and can independently solve most problems.\\nHigh-level students quickly understand math problems, can efficiently solve complex problems, and can provide multiple solutions.\"\n        },\n        {\n            \"role\": \"assistant\",\n            \"content\": \"First, I understand that I need to locate 0.61 on a number line that ranges from 0 to 1, where each large tick mark represents a tenth and small tick marks represent hundredths. I recognize that 0.61 has 6 tenths and 1 hundredth, which means it falls between 0.6 and 0.7. To proceed, I visualize the number line, noting that 0.6 is the sixth tick mark and 0.7 is the seventh. To be precise, I identify that 0.61 is positioned slightly to the right of 0.6. I then conceptualize the space between 0.6 and 0.7 as being divided into ten equal parts to locate 0.61 accurately.\"\n        },\n        {\n            \"role\": \"user\",\n            \"content\": \"While solving this problem, what assumptions or predictions are you making? How do you decide on the next steps?\"\n        },\n        {\n            \"role\": \"assistant\",\n            \"content\": \"While solving the problem, I assume that the number line is uniformly divided and linear, which means that I can predict the placement of numbers based on their decimal values. I predict that since 0.61 is closer to 0.6 than to 0.7, it will not require a significant move towards the right. This leads me to my next steps: I plan to identify my position at 0.6 and then move one tick mark to the right for the hundredth place.\"\n        },\n        {\n            \"role\": \"user\",\n            \"content\": \"Did you encounter any challenges or notice any potential errors during your process? If so, how did you identify them?\"\n        },\n        {\n            \"role\": \"assistant\",\n            \"content\": \"Yes, I did encounter challenges in determining the exact placement of 0.61. Initially, I hesitated about how to divide the space between 0.6 and 0.7 accurately. I identified potential errors by checking if my placement felt intuitive with the decimal values; for example, if I placed 0.61 too far from 0.6, I quickly noticed it did not fit naturally with the sequence of tenths and hundredths.\"\n        },\n        {\n            \"role\": \"user\",\n            \"content\": \"Once you identified an error or challenge, how did you go about correcting it? What steps did you take to ensure the solution was accurate?\"\n        },\n        {\n            \"role\": \"assistant\",\n            \"content\": \"After identifying the challenge of accurately positioning 0.61, I recalibrated my understanding of the number line. I clarified the exact locations of 0.6 and 0.7, ensuring I remembered that each small tick corresponds to a hundredth. To ensure accuracy, I visualized dividing the space between 0.6 and 0.7 into equal segments. This made it clear that moving just one small tick mark to the right from 0.6 would lead me to 0.61. I double-checked my placements by mentally reviewing the decimal increments, thereby affirming my solution.\"\n        }\n    ]\n}\n```"
}