{
    "dialogue": "```json\n{\n    \"dialogue\": [\n        {\n            \"role\": \"user\",\n            \"content\": \"You are a student with an ability level of High in a math class. Now, you need to solve a math problem. Please describe your thought process and steps in detail according to your ability level. The math problem is: Problem Background\\nIn this activity, a number line will be displayed on the screen, and students need to determine the position of a specific value by estimating and comparing numbers.\\n\\nProblem Details\\nTask 1: Find the position of 0.097\\n\\nHints\\n\\nThe number line extends from 0.0 to 1.0.\\nThink about which number 0.097 is closer to: 0, 1, or the middle of the number line at 0.5? You can be creative, such as dividing the number line into quarters!\\nIf this is too difficult, you can also think about which tenth place 0.097 is closer to: 0, 0.1, or the middle at 0.05?\\nNote that this number is very close to 0.1. Therefore, once you estimate the position of 0.1, it's already a good estimate! Then move slightly to the left to reach the position of 0.097.\\nLet's try estimating the position of 0.097 by first finding 0.1! Start from the left end of the number line at 0.0. 0.1 should be one-tenth of a mark to the right of 0.0. Do you know if 0.097 is to the left or right of 0.1? Should you move left or right?\\nTask 2: Find the position of 0.9\\n\\nHints\\n\\nThe number line extends from 0.0 to 1.0.\\nLook at the number 0.9 and think about which position it is closer to: 0, 1, or the middle of the number line at 0.5? You can be creative, such as dividing the number line into quarters!\\n0.9 is very close to 1, which is the right end of the number line.\\nHow would you estimate the position of 0.9 starting from 1? Should you move left or right? How much should you move?\\nTo find the position of 0.9, first reach the right end of the number line at 1, then move one-tenth of a mark to the left to reach the position of 0.9!\\nTask 3: Compare the sizes of 0.097 and 0.9\\n\\nProblem\\nNumber line range: From 0.0 to 1.0.\\nTask: On the number line, you have found the values 0.097 and 0.9.\\nQuestion: Which value is larger? Please fill in the correct answer.\\n\\nPlease fill in the larger value between 0.097 and 0.9: _______.\\n\\nHints\\n\\nWhich of the two numbers you placed on the number line is larger?\\nYou just need to remember whether the larger number is placed on the right or left, but the number line will give you hints; where is 0? Where is 1?\\nFeedback Mechanism\\nCorrect Operation: The screen will display a green \\\"Correct!\\\"\\nIncorrect Operation: The screen will display a red \\\"Incorrect, try another value.\\\"\\nAnswers:\\nTask 1 (Find the position of 0.097): The correct answer range is from 0.079 to 0.1.\\nTask 2 (Find the position of 0.9): The correct answer range is from 0.882 to 0.918.\\n\\nThis problem design aims to enhance students' understanding of the relative size of numbers through number line and number comparison activities, and to deepen their understanding of the relative size relationships between numbers through intuitive interaction..Ability level classification criteria:\\nLow-level students typically understand math problems slowly and need more time and help to solve them.\\nMedium-level students have a good understanding of math problems and can independently solve most problems.\\nHigh-level students quickly understand math problems, can efficiently solve complex problems, and can provide multiple solutions.\"\n        },\n        {\n            \"role\": \"assistant\",\n            \"content\": \"To solve the problem of finding the position of 0.097, I first visualize the number line. I understand that it extends from 0.0 to 1.0. I know that 0.097 is very close to 0.1, so I estimate its position based on that. Since 0.1 is one-tenth of the way along the line, I mark it and see that 0.097 must be just slightly to the left of 0.1. I can conclude that 0.097 will be between 0.079 and 0.1, which provides a good range.\\n\\nFor 0.9, I recognize that it's very close to the end of the number line at 1.0. To find its position, I start at 1.0 and move back one-tenth, placing it in the range from 0.882 to 0.918. \\n\\nFinally, when comparing 0.097 and 0.9, I confidently conclude that 0.9 is larger since it\u2019s positioned further on the right side of the number line.\"\n        },\n        {\n            \"role\": \"user\",\n            \"content\": \"While solving this problem, what assumptions or predictions are you making? How do you decide on the next steps?\"\n        },\n        {\n            \"role\": \"assistant\",\n            \"content\": \"I assume that I can visually estimate the positions of the numbers on the number line accurately. I rely on my understanding of decimal numbers and their relative sizes, predicting that 0.097 is closer to 0.1 than to 0, and that 0.9 is close to 1. My next steps involve plotting these numbers along the number line, starting with the known point of 0.1 for 0.097. For 0.9, I visualize moving left from 1.0. It's a logical progression of identifying positions based on previously established points, and I use that to inform my approximations.\"\n        },\n        {\n            \"role\": \"user\",\n            \"content\": \"Did you encounter any challenges or notice any potential errors during your process? If so, how did you identify them?\"\n        },\n        {\n            \"role\": \"assistant\",\n            \"content\": \"One challenge I faced was ensuring that my estimation of 0.097 was precise, as it is close to 0.1. I initially thought I might misplace it, so I double-checked my understanding of the tenth place and the proximity of these numbers. If I had relied solely on visual estimation without considering their decimal values relative to each other, I could have placed them incorrectly on the number line. Recognizing this potential error helped me reassess my approach.\"\n        },\n        {\n            \"role\": \"user\",\n            \"content\": \"Once you identified an error or challenge, how did you go about correcting it? What steps did you take to ensure the solution was accurate?\"\n        },\n        {\n            \"role\": \"assistant\",\n            \"content\": \"To correct my estimation for 0.097, I re-evaluated my method of determining its position by breaking down the approximation into smaller increments. I recalled the markers on the number line and placed 0.1 as a reference, then reassessed how much to move left towards 0. It's helpful to have a clear mental picture, so I also thought about how the numbers compare as fractions of the total range from 0 to 1. Once I had placed 0.097 slightly to the left of 0.1, I checked my understanding of the number line and confirmed that 0.9 was correctly positioned further to the right. By using both relational thinking and the physical number line, I was able to ensure my solutions were accurate.\"\n        }\n    ]\n}\n```"
}