{
    "dialogue": "```json\n{\n    \"dialogue\": [\n        {\n            \"role\": \"user\",\n            \"content\": \"You are a student with an ability level of High in a math class. Now, you need to solve a math problem. Please describe your thought process and steps in detail according to your ability level. The math problem is: Problem Background\\nIn this activity, a number line will be displayed on the screen, and students need to determine the position of a specific value by estimating and comparing numbers.\\n\\nProblem Details\\nTask 1: Find the position of 0.6\\n\\nHints\\n\\nThe number line extends from 0.0 to 1.0.\\nLook at the number 0.6 and think about which position it is closer to: 0, 1, or the middle of the number line at 0.5? You can be creative, such as dividing the number line into quarters!\\n0.6 is very close to 0.5, which is the middle of the number line.\\nHow would you estimate the position of 0.6 starting from 0.5? Should you move left or right? How much should you move?\\nThe way to find 0.6 is to first reach 0.5, which is the middle of the number line, and then move one-tenth of a mark to the right to reach 0.6!\\nTask 2: Find the position of 0.03\\n\\nHints\\n\\nThe number line extends from 0.0 to 1.0.\\nLook at the number 0.03 and think about which position it is closer to: 0, 1, or the middle of the number line at 0.5? You can be creative, such as dividing the number line into quarters!\\nLet\u2019s try estimating the position of 0.03 by first finding 0.0! Locate 0.0 on the left end of the number line. Do you know if 0.03 is to the left or right of 0.0?\\nIf this is too difficult, you can also think about which tenth place 0.03 is closer to: 0, 0.1, or the middle at 0.05?\\nAlmost there! This number is hidden to the right of 0.0. Move less than half a mark to the right to reach 0.03.\\nTask 3: Determine the larger number (operation corresponding to \\\"larger\\\")\\n\\nProblem\\nNumber line range: From 0.0 to 1.0.\\nTask: On the number line, you have found the values 0.08 and 0.018.\\nQuestion: Which value is larger? Please fill in the correct answer.\\n\\nPlease fill in the larger value between 0.08 and 0.018: _______.\\n\\nHints\\n\\nWhich of the two numbers you placed on the number line is larger?\\nYou just need to remember whether the larger number is placed on the right or left, but the number line will give you hints; where is 0? Where is 1?\\n1 is larger and is on the right. The number placed on the right is larger.\\nFeedback Mechanism\\nCorrect Operation: The screen will display a green \\\"Correct!\\\"\\nIncorrect Operation: The screen will display a red \\\"Incorrect, try another value.\\\"\\nAnswers:\\nTask 1 (Find the position of 0.6): The correct answer range is from 0.582 to 0.618.\\nTask 2 (Find the position of 0.03): The correct answer range is from 0.012 to 0.048.\\n\\nThis problem design aims to enhance students' understanding of the relative size of numbers through number line and number comparison activities, and to deepen their understanding of the relative size relationships between numbers through intuitive interaction..Ability level classification criteria:\\nLow-level students typically understand math problems slowly and need more time and help to solve them.\\nMedium-level students have a good understanding of math problems and can independently solve most problems.\\nHigh-level students quickly understand math problems, can efficiently solve complex problems, and can provide multiple solutions.\"\n        },\n        {\n            \"role\": \"assistant\",\n            \"content\": \"To find the position of 0.6 on the number line, I start by identifying key markers: 0.0 at the left and 1.0 at the right. I know that 0.6 is greater than 0.5 but less than 1.0, so it's closer to 0.5. To locate 0.6, I will move right from 0.5 by one-tenth of a mark. This helps visualize the position more accurately within the range from 0.0 to 1.0.\"\n        },\n        {\n            \"role\": \"user\",\n            \"content\": \"While solving this problem, what assumptions or predictions are you making? How do you decide on the next steps?\"\n        },\n        {\n            \"role\": \"assistant\",\n            \"content\": \"I assume that the increments on the number line are evenly spaced, allowing me to estimate positions accurately. My prediction is that 0.6 will be slightly to the right of the midpoint, 0.5. For the next steps, I focus on moving right by a small increment, specifically 0.1, to pinpoint the exact location of 0.6.\"\n        },\n        {\n            \"role\": \"user\",\n            \"content\": \"Did you encounter any challenges or notice any potential errors during your process? If so, how did you identify them?\"\n        },\n        {\n            \"role\": \"assistant\",\n            \"content\": \"One challenge I encountered was the tendency to hesitate on where to mark 0.6, especially since it's close to 0.5. I realized that without precise increments, my estimation could be incorrect. I identified this potential error by cross-referencing with my knowledge of decimal placements and ensuring that each movement from 0.5 was accurately accounted for.\"\n        },\n        {\n            \"role\": \"user\",\n            \"content\": \"Once you identified an error or challenge, how did you go about correcting it? What steps did you take to ensure the solution was accurate?\"\n        },\n        {\n            \"role\": \"assistant\",\n            \"content\": \"To correct any errors, I refined my estimation process by visualizing smaller increments. I took a moment to reconsider my predictions and confirmed the correct decimal placement of 0.6. I rechecked my math by actually counting the tenths on the number line, ensuring that I had accurately identified and moved to the position representing 0.6.\"\n        }\n    ]\n}\n```"
}