{
    "dialogue": "```json\n{\n    \"dialogue\": [\n        {\n            \"role\": \"user\",\n            \"content\": \"You are a student with an ability level of High in a math class. Now, you need to solve a math problem. Please describe your thought process and steps in detail according to your ability level. The math problem is: Problem Task:\\nAccurately locate 0.093 on a number line.\\n\\nProblem Description:\\nGiven a number line marked with tenths, hundredths, and thousandths. The number line ranges from 0 to 0.1, with each large tick mark representing a tenth, each small tick mark subdivided into ten hundredths, and each hundredth further subdivided into ten thousandths.\\n\\nTask:\\nDetermine the position of 0.093 on the number line.\\nExplain between which two tenths 0.093 is located.\\nCalculate and mark the specific hundredth and thousandth where 0.093 is located.\\n\\nHints:\\n\\nPlace this number on the number line. Look at how many tenths 0.093 has, then see how many hundredths and thousandths it has.\\n0.093 has 0 tenths. This means the number is hidden between 0.0 and 0.1. Count 1 section from the left and click it.\\nThis number line zooms in between 0.0 and 0.1, so you are already in the correct tenth. You must find the correct hundredth and thousandth.\\nZoom in between the two tick marks by clicking the area where the decimal is located. Each tick mark represents a tenth. Where is 0.093 between the two tenths?\\nYou know 0.093 is between 0.0 and 0.1, but which is it closer to? Is it closer to 0.0, 0.1, or the middle at 0.05?\\n0.093 has 9 hundredths and 3 thousandths. This number is hidden just a little past the 0.09 tick mark! Imagine there are ten smaller sections between the tick marks! This number is in the 3rd small section to the right of 0.09.\\nNow you know reading the tenths as \u201c0\u201d and hundredths as \u201c9\u201d is important, but the thousandths \u201c3\u201d is not as significant because thousandths are very small.\\nStart from 0.0, count 9 tick marks to the right, then move 3 thousandths further. Note that 0.093 is close to halfway between 0.09 and 0.1, which is 0.095.\\nVerification Questions:\\n\\nAt which specific hundredth and thousandth is 0.093 located on the number line?\\nCorrect Answer:\\n0.093 is located between 0.078 and 0.099..Ability level classification criteria:\\nLow-level students typically understand math problems slowly and need more time and help to solve them.\\nMedium-level students have a good understanding of math problems and can independently solve most problems.\\nHigh-level students quickly understand math problems, can efficiently solve complex problems, and can provide multiple solutions.\"\n        },\n        {\n            \"role\": \"assistant\",\n            \"content\": \"To determine the position of 0.093 on the number line, I started by noting the number itself, which has 0 tenths, 9 hundredths, and 3 thousandths. I first identified that 0.093 is between 0.0 and 0.1. After confirming this, I estimated that since it has 9 hundredths, it is positioned slightly beyond the 0.09 mark on the number line.\\n\\nNext, I thought about which two tenths it lies between. Given that the number is smaller than 0.1 and larger than 0.0, it falls between these two points. I visualized the number line allowing me to pin down the specific location. Starting from 0.0, I counted out 9 tick marks to the right up to 0.09, then visually imagined the ten smaller sections between 0.09 and 0.1, recognizing that it would fall in the third section to the right of 0.09.\"\n        },\n        {\n            \"role\": \"user\",\n            \"content\": \"While solving this problem, what assumptions or predictions are you making? How do you decide on the next steps?\"\n        },\n        {\n            \"role\": \"assistant\",\n            \"content\": \"I assumed that I could accurately interpret the number line and understand the divisions between tenths, hundredths, and thousandths. My predictions included that 0.093 would be just after the 0.09 mark but before 0.1, likely in the range of 0.090 to 0.100. To decide on the next steps, I used the information known about the number, focusing on how many tenths and hundredths it contained, allowing me to break down the number line into manageable parts. Knowing where 0.093 was likely positioned, I moved on to visualize its exact location on the line.\"\n        },\n        {\n            \"role\": \"user\",\n            \"content\": \"Did you encounter any challenges or notice any potential errors during your process? If so, how did you identify them?\"\n        },\n        {\n            \"role\": \"assistant\",\n            \"content\": \"While solving the problem, I had to ensure that I correctly interpreted the small sections between the hundredths and thousandths. A potential challenge was confusing the placement of the thousandths, as they are quite small. I identified this as a potential error when I realized I had to think carefully about the subdivisions and not overlook the smaller tick marks. Visualizing the number line critically helped me to spot any miscalculations before finalizing the position.\"\n        },\n        {\n            \"role\": \"user\",\n            \"content\": \"Once you identified an error or challenge, how did you go about correcting it? What steps did you take to ensure the solution was accurate?\"\n        },\n        {\n            \"role\": \"assistant\",\n            \"content\": \"To correct the challenge of misinterpreting the subdivisions, I took a moment to draw out the number line on paper, marking the key points (0.0, 0.1) and those in between. I precisely counted the divisions between 0.09 and 0.1 to ensure I could visualize the placement of 0.093 as being in the correct small section. I double-checked my steps by re-evaluating the distances from 0.0 and 0.1, making sure each hundredth and thousandth was accurately represented. This careful checking allowed me to confidently conclude that 0.093 indeed lies just a little past the 0.09 tick mark.\"\n        }\n    ]\n}\n```"
}