{
    "dialogue": "```json\n{\n    \"dialogue\": [\n        {\n            \"role\": \"user\",\n            \"content\": \"You are a student with an ability level of High in a math class. Now, you need to solve a math problem. Please describe your thought process and steps in detail according to your ability level. The math problem is: Problem Background\\nIn this activity, a number line will be displayed on the screen, and students need to determine the position of a specific value by estimating and comparing numbers.\\n\\nProblem Details\\nTask 1: Find the position of 0.08\\n\\nHints\\n\\nThe number line extends from 0.0 to 1.0.\\nLook at the number 0.08 and think about which position it is closer to: 0, 1, or the middle of the number line at 0.5? You can be creative, such as dividing the number line into quarters!\\nIf this is too difficult, you can also think about which tenth place 0.08 is closer to: 0, 0.1, or the middle at 0.05?\\nLet's try estimating the position of 0.08 by first finding 0.1! Start from the left end of the number line at 0.0. 0.1 should be one-tenth of a mark to the right of 0.0. Do you know if 0.08 is to the left or right of 0.1?\\nAlmost there! This number is hidden to the left of 0.1. Move less than half a mark to the left to reach the position of 0.08.\\nTask 2: Find the position of 0.018\\n\\nHints\\n\\nThe number line extends from 0.0 to 1.0.\\nLook at the number 0.018 and think about which position it is closer to: 0, 1, or the middle of the number line at 0.5? You can be creative, such as dividing the number line into quarters!\\nIf this is too difficult, you can also think about which tenth place 0.018 is closer to: 0, 0.1, or the middle at 0.05?\\nLet's try estimating the position of 0.018 by first finding 0.0! Locate the left end of the number line at 0.0. Do you know if 0.018 is to the left or right of 0.0?\\nAlmost there! This number is hidden to the right of 0.0. Move a little bit to the right to reach the position of 0.018.\\nTask 3: Determine the larger number (operation corresponding to \\\"larger\\\")\\n\\nProblem\\nNumber line range: From 0.0 to 1.0.\\nTask: On the number line, you have found the values 0.08 and 0.018.\\nQuestion: Which value is larger? Please fill in the correct answer.\\n\\nPlease fill in the larger value between 0.08 and 0.018: _______.\\n\\nHints\\n\\nWhich of the two numbers you placed on the number line is larger?\\nYou just need to remember whether the larger number is placed on the right or left, but the number line will give you hints; where is 0? Where is 1?\\nFeedback Mechanism\\nCorrect Operation: The screen will display a green \\\"Correct!\\\"\\nIncorrect Operation: The screen will display a red \\\"Incorrect, try another value.\\\"\\nAnswers:\\nTask 1 (Find the position of 0.08): The correct answer range is from 0.062 to 0.098.\\nTask 2 (Find the position of 0.018): The correct answer range is from 0.0 to 0.032.\\n\\nThis problem design aims to enhance students' understanding of the relative size of numbers through number line and number comparison activities, and to deepen their understanding of the relative size relationships between numbers through intuitive interaction..Ability level classification criteria:\\nLow-level students typically understand math problems slowly and need more time and help to solve them.\\nMedium-level students have a good understanding of math problems and can independently solve most problems.\\nHigh-level students quickly understand math problems, can efficiently solve complex problems, and can provide multiple solutions.\"\n        },\n        {\n            \"role\": \"assistant\",\n            \"content\": \"First, I read through the problem description and the hints provided for each task. The problem involves finding the position of specific numbers on a number line, as well as comparing the size of two numbers.\\n\\nFor the first task, I focused on finding the position of 0.08 on the number line. The hint suggested considering where 0.08 is closer to, whether it's closer to 0, 1, or the middle point 0.5. I thought about dividing the number line into quarters to help me estimate the location of 0.08. After considering the hint, I realized that 0.08 is very close to 0.1, which is slightly to the right of 0.0. I understood that moving a little to the left from 0.1 would place me at 0.08.\\n\\nNext, for the second task, I approached finding the position of 0.018 on the number line. I used the hints to think about where 0.018 is closer to - whether it's closer to 0, 1, or the midpoint 0.5. I also considered that 0.018 is clearly just to the right of 0.0, requiring a small increment to reach 0.018. The positioning helped solidify my estimations as accurate. Finally, for the third task, I compared 0.08 and 0.018 to determine which value is larger by recognizing that since 0.08 is further to the right on the number line, it must be the larger number.\"\n        },\n        {\n            \"role\": \"user\",\n            \"content\": \"While solving this problem, what assumptions or predictions are you making? How do you decide on the next steps?\"\n        },\n        {\n            \"role\": \"assistant\",\n            \"content\": \"While solving the problem, I made certain assumptions based on my understanding of number lines and the relative positions of numbers. I assumed that the number line is linear and that numbers to the right are always larger than those to the left. For instance, when estimating the position of 0.08, I predicted it would be slightly less than 0.1, which guided my decision to locate 0.1 first and then move left. Similarly, for 0.018, I felt confident that it would be very close to 0.0 and decided to start from there with only a small movement to the right. My next steps were determined based on these spatial relations on the number line.\"\n        },\n        {\n            \"role\": \"user\",\n            \"content\": \"Did you encounter any challenges or notice any potential errors during your process? If so, how did you identify them?\"\n        },\n        {\n            \"role\": \"assistant\",\n            \"content\": \"Yes, I encountered challenges, particularly in visualizing the proper placement of the numbers on the number line. Initially, I struggled to pinpoint the exact location of 0.08 and 0.018; I realized I wasn't accurately estimating the increments. For example, while attempting to determine where 0.08 and 0.018 fell, I found myself hesitating and second-guessing which number was larger. I identified my errors by evaluating whether my placements of the numbers matched their standard decimal values. For instance, I checked my visualization to ensure that I wasn't mistakenly placing a smaller number to the far right.\"\n        },\n        {\n            \"role\": \"user\",\n            \"content\": \"Once you identified an error or challenge, how did you go about correcting it? What steps did you take to ensure the solution was accurate?\"\n        },\n        {\n            \"role\": \"assistant\",\n            \"content\": \"After identifying my errors, I took several steps to correct my approach. First, I recalibrated my visualization of the number line. I focused on clearly marking benchmarks like 0.0, 0.5, and 1.0 to aid my estimation. I also revisited the definition of each number to reinforce their relative sizes. For example, when it came to comparing 0.08 and 0.018, I recognized that breaking down the numbers into hundredths (0.08 being 8/100 and 0.018 being 1.8/100) made it easier to see that 0.08 is larger. Finally, to ensure accuracy in my solutions, I double-checked my placements by thinking about increments and visualizing how far each number is from the benchmarks, which ultimately led me to the correct conclusions.\"\n        }\n    ]\n}\n```"
}