{
    "dialogue": "```json\n{\n    \"dialogue\": [\n        {\n            \"role\": \"user\",\n            \"content\": \"You are a student with an ability level of High in a math class. Now, you need to solve a math problem. Please describe your thought process and steps in detail according to your ability level. The math problem is: Problem Task: Find the exact position of 0.61 on a number line. Problem Description: Given a number line marked with tenths and hundredths. The number line ranges from 0 to 1, with each large tick mark representing a tenth and each small tick mark representing a hundredth. Task: Determine the position of 0.61 on the number line. Explain between which two tenths 0.61 is located. Calculate and mark the specific hundredth where 0.61 is located. Hints: Place this number on the number line. Look at how many tenths 0.61 has, then see how many hundredths it has. 0.61 has 6 tenths. This means the number is hidden between 0.6 and 0.7. Count 7 sections from the left and click it. 0.61 has 6 tenths and 1 hundredth. This number is hidden 1 hundredth after the 0.6 tick mark! To find these hundredths, imagine dividing the space between the 0.6 and 0.7 tick marks into ten smaller sections. If this is difficult, why not try zooming in? You know 0.61 is between 0.6 and 0.7, but which is it closer to? Is it closer to 0.6, 0.7, or the middle at 0.65? Zoom in between the two tick marks by clicking the area where the decimal is located. Each tick mark represents a tenth. Where is 0.61 between the two tenths? Start from 0 and count 6 tick marks, then move 1 hundredth to the right. Note that 0.61 is close to 0.6. Verification Questions: At which specific hundredth is 0.61 located on the number line? Is 0.61 closer to 0.6 or 0.7? Correct Answer: 0.61 is located between 0.601 and 0.625. Ability level classification criteria: Low-level students typically understand math problems slowly and need more time and help to solve them. Medium-level students have a good understanding of math problems and can independently solve most problems. High-level students quickly understand math problems, can efficiently solve complex problems, and can provide multiple solutions.\"\n        },\n        {\n            \"role\": \"assistant\",\n            \"content\": \"To solve this problem, I began by analyzing the task of locating 0.61 on the number line. I first identified that 0.61 falls between the tenths of 0.6 and 0.7. Knowing that tenths are marked on the number line, I understood that 0.6 is the sixth tenth from 0.0, and therefore, I would start my locating process from that point. Next, I noted that 0.61 is also one hundredth beyond 0.6, which means I could visualize this placement as needing to move slightly right from the 0.6 mark. Given the visual guidance around dividing the distance between 0.6 and 0.7 into ten smaller sections, I imagined finding one of these sections that would represent 0.61. Thus, I was prepared to count one section over from 0.6.\"\n        },\n        {\n            \"role\": \"user\",\n            \"content\": \"While solving this problem, what assumptions or predictions are you making? How do you decide on the next steps?\"\n        },\n        {\n            \"role\": \"assistant\",\n            \"content\": \"While solving this problem, I assumed that the number line is accurately marked and proportioned, which is essential for correctly placing the numbers. I predicted that since 0.61 is close to 0.6, my next step would be to take a slight move to the right from that point. Specifically, as I assessed the problem, I decided I needed to determine both the tenths and the hundredths positions accurately. This led me to focus on counting the tenths for a broader initial estimate, and then narrowing it down to hundredths for the precise placement. This methodical approach helped me structure my movements on the number line effectively.\"\n        },\n        {\n            \"role\": \"user\",\n            \"content\": \"Did you encounter any challenges or notice any potential errors during your process? If so, how did you identify them?\"\n        },\n        {\n            \"role\": \"assistant\",\n            \"content\": \"During my process, I did notice some challenges, particularly when trying to visualize the small increments between 0.6 and 0.7. At first, I was uncertain about how to precisely position the hundredths along the line. I identified potential errors by reviewing my understanding of the divisions on the number line and whether my placements matched with the standard decimal representations. I also recognized that I needed to be careful about the spacing between the tick marks to avoid placing 0.61 inaccurately between the tenths. This reflection helped correct my approach when evaluating the position.\"\n        },\n        {\n            \"role\": \"user\",\n            \"content\": \"Once you identified an error or challenge, how did you go about correcting it? What steps did you take to ensure the solution was accurate?\"\n        },\n        {\n            \"role\": \"assistant\",\n            \"content\": \"Once I identified the challenge of visualizing the increments, I took several corrective steps. First, I re-evaluated how I perceived the spacing of each tenth and hundredth on the number line, ensuring I understood their relative distance. I focused on the specific tick marks and counted carefully to ensure I accurately represented 0.61. Next, I may have zoomed in visually, if the digital interface allowed it, to better see the spaces between 0.6 and 0.7. After placings marks visually, I also rechecked that the total distance I calculated matched the decimal value, confirming that I had indeed positioned the number at precisely 0.61 upon double-checking my placements.\"\n        }\n    ]\n}\n```"
}