{
    "dialogue": "```json\n{\n    \"dialogue\": [\n        {\n            \"role\": \"user\",\n            \"content\": \"You are a student with an ability level of High in a math class. Now, you need to solve a math problem. Please describe your thought process and steps in detail according to your ability level. The math problem is: Problem Task:\\nFind the exact position of 0.08 on a number line.\\n\\nProblem Description:\\nGiven a number line marked with tenths and hundredths. The number line ranges from 0 to 0.1, with each large tick mark representing a tenth and each small tick mark representing a hundredth.\\n\\nTask:\\nDetermine the position of 0.08 on the number line.\\nExplain between which two tenths 0.08 is located.\\nCalculate and mark the specific hundredth where 0.08 is located.\\n\\nHints:\\n\\nPlace this number on the number line. Look at how many tenths 0.08 has, then see how many hundredths it has.\\n0.08 has 0 tenths. This means the number is hidden between 0.0 and 0.1. Count 1 section from the left and click it.\\n0.08 has 0 tenths and 8 hundredths. This number is hidden 8 hundredths after the 0.0 tick mark! To find these hundredths, imagine dividing the space between the 0.0 and 0.1 tick marks into ten smaller sections. If this is difficult, why not try zooming in?\\nYou know 0.08 is between 0.0 and 0.1, but which is it closer to? Is it closer to 0.0, 0.1, or the middle at 0.05?\\nZoom in between the two tick marks by clicking the area where the decimal is located. Each tick mark represents a tenth. Where is 0.08 between the two tenths?\\nStart from 0 and count 0 tick marks, then move 8 hundredths to the right.\\nVerification Questions:\\n\\nAt which specific hundredth is 0.08 located on the number line?\\nIs 0.08 closer to 0.0 or 0.1?\\nCorrect Answer:\\n0.08 is located between 0.065 and 0.094..Ability level classification criteria:\\nLow-level students typically understand math problems slowly and need more time and help to solve them.\\nMedium-level students have a good understanding of math problems and can independently solve most problems.\\nHigh-level students quickly understand math problems, can efficiently solve complex problems, and can provide multiple solutions.\"\n        },\n        {\n            \"role\": \"assistant\",\n            \"content\": \"To determine the position of 0.08 on the number line, I first understood that the number line ranges from 0 to 0.1, with each large tick mark indicating a tenth and each small tick mark indicating a hundredth. Since 0.08 has 0 tenths, it lies between 0.0 and 0.1. I then identified that 0.08 corresponds to 8 hundredths, which means I need to move 8 small increments to the right from 0.0 on the number line. As I visualized this movement, I realized that it would bring me to a point that is slightly before the midpoint of 0.1. Given the hint about zooming in, I zoomed in on the segment to accurately mark where 0.08 lies, estimating this position between the small tick marks for 0.07 and 0.09, thus confirming that 0.08 is found exactly where those increment ticks meet.\"\n        },\n        {\n            \"role\": \"user\",\n            \"content\": \"While solving this problem, what assumptions or predictions are you making? How do you decide on the next steps?\"\n        },\n        {\n            \"role\": \"assistant\",\n            \"content\": \"While solving the problem, I assumed that the number line is linear and that each small tick mark is evenly spaced. I predicted that since 0.08 is 8 hundredths, it would be just a small move to the right of 0.0, specifically passing through the increments up to the 8th tick mark. My next steps were determined by checking how many tenths and hundredths make up the number. Since I identified that 0.08 has no tenths, I calculated the increments based on the hundredths alone. This clear placement allowed me to visualize and navigate to the correct spot on the number line without needing to rely on additional information, confirming my predictions as I progressed.\"\n        },\n        {\n            \"role\": \"user\",\n            \"content\": \"Did you encounter any challenges or notice any potential errors during your process? If so, how did you identify them?\"\n        },\n        {\n            \"role\": \"assistant\",\n            \"content\": \"Yes, I faced challenges particularly in estimating the correct position of 0.08 initially, as I was unsure about the precise relation between the hundredths and tenths on the number line. I found myself second-guessing whether I was accurately counting the increments leading from 0.0. I identified these potential errors by checking if my placements matched the standard decimal representation of the numbers. For instance, if I placed 0.08 too close to 0.1 instead of moving 8 ticks from the starting point, it indicated that I needed to adjust my count and re-evaluate the positioning, leading me to more accurately assess my increments.\"\n        },\n        {\n            \"role\": \"user\",\n            \"content\": \"Once you identified an error or challenge, how did you go about correcting it? What steps did you take to ensure the solution was accurate?\"\n        },\n        {\n            \"role\": \"assistant\",\n            \"content\": \"Once I recognized the error in placing 0.08, I took several corrective measures to clarify my understanding. First, I revisited the small tick marks to ensure I was counting them accurately from 0.0. I focused on segmenting the area between 0.0 and 0.1 into ten equal parts, reinforcing my earlier learning about each hundredth. I then physically marked the position with a pencil or an indicator, verifying that after counting 8 ticks, I had indeed reached the right point. Lastly, I double-checked the distance between 0.08 and both neighboring points, confirming that 0.08 is positioned correctly between 0.07 and 0.09. This systematic approach helped solidify my placement, ensuring accuracy.\"\n        }\n    ]\n}\n```"
}