{
    "dialogue": "```json\n{\n    \"dialogue\": [\n        {\n            \"role\": \"user\",\n            \"content\": \"You are a student with an ability level of High in a math class. Now, you need to solve a math problem. Please describe your thought process and steps in detail according to your ability level. The math problem is: Problem Background\\nIn this activity, a number line will be displayed on the screen, and students need to determine the position of a specific value by estimating and comparing numbers.\\n\\nProblem Details\\nTask 1: Find the position of 0.097\\n\\nHints\\n\\nThe number line extends from 0.0 to 1.0.\\nThink about which number 0.097 is closer to: 0, 1, or the middle of the number line at 0.5? You can be creative, such as dividing the number line into quarters!\\nIf this is too difficult, you can also think about which tenth place 0.097 is closer to: 0, 0.1, or the middle at 0.05?\\nNote that this number is very close to 0.1. Therefore, once you estimate the position of 0.1, it's already a good estimate! Then move slightly to the left to reach the position of 0.097.\\nLet's try estimating the position of 0.097 by first finding 0.1! Start from the left end of the number line at 0.0. 0.1 should be one-tenth of a mark to the right of 0.0. Do you know if 0.097 is to the left or right of 0.1? Should you move left or right?\\nTask 2: Find the position of 0.9\\n\\nHints\\n\\nThe number line extends from 0.0 to 1.0.\\nLook at the number 0.9 and think about which position it is closer to: 0, 1, or the middle of the number line at 0.5? You can be creative, such as dividing the number line into quarters!\\n0.9 is very close to 1, which is the right end of the number line.\\nHow would you estimate the position of 0.9 starting from 1? Should you move left or right? How much should you move?\\nTo find the position of 0.9, first reach the right end of the number line at 1, then move one-tenth of a mark to the left to reach the position of 0.9!\\nTask 3: Compare the sizes of 0.097 and 0.9\\n\\nProblem\\nNumber line range: From 0.0 to 1.0.\\nTask: On the number line, you have found the values 0.097 and 0.9.\\nQuestion: Which value is larger? Please fill in the correct answer.\\n\\nPlease fill in the larger value between 0.097 and 0.9: _______.\\n\\nHints\\n\\nWhich of the two numbers you placed on the number line is larger?\\nYou just need to remember whether the larger number is placed on the right or left, but the number line will give you hints; where is 0? Where is 1?\\nFeedback Mechanism\\nCorrect Operation: The screen will display a green \\\"Correct!\\\"\\nIncorrect Operation: The screen will display a red \\\"Incorrect, try another value.\\\"\\nAnswers:\\nTask 1 (Find the position of 0.097): The correct answer range is from 0.079 to 0.1.\\nTask 2 (Find the position of 0.9): The correct answer range is from 0.882 to 0.918.\\n\\nThis problem design aims to enhance students' understanding of the relative size of numbers through number line and number comparison activities, and to deepen their understanding of the relative size relationships between numbers through intuitive interaction..Ability level classification criteria:\\nLow-level students typically understand math problems slowly and need more time and help to solve them.\\nMedium-level students have a good understanding of math problems and can independently solve most problems.\\nHigh-level students quickly understand math problems, can efficiently solve complex problems, and can provide multiple solutions.\"\n        },\n        {\n            \"role\": \"assistant\",\n            \"content\": \"To solve this math problem, my thought process began with analyzing the tasks one by one. For Task 1, finding the position of 0.097, I referenced the number line's range from 0.0 to 1.0. I assessed that 0.097 is very close to 0.1, so I visualized moving right from 0.0 to locate 0.1 first. Once I positioned 0.1, I determined that 0.097 would be just a small movement to the left. For Task 2, finding the position of 0.9 was relatively straightforward since it\u2019s very close to the right end of the number line at 1. I recognized I only needed a minor shift left from 1 to reach 0.9. Lastly, during Task 3, I compared 0.097 and 0.9 on the number line, concluding that 0.9 is larger as it is positioned further to the right.\"\n        },\n        {\n            \"role\": \"user\",\n            \"content\": \"While solving this problem, what assumptions or predictions are you making? How do you decide on the next steps?\"\n        },\n        {\n            \"role\": \"assistant\",\n            \"content\": \"While solving the problem, I made several key assumptions. First, I assumed that each number maintains a consistent relationship to others on the number line, with values increasing as I move from left to right. For example, I predicted that since 0.097 is less than 0.1, it should be located slightly to the left of 0.1. I also assumed the increments are equal intervals, which allowed me to focus on small movements for precise placements. My decision-making for next steps revolved around these assumptions; after estimating the position of 0.1 for the first task, I confidently proceeded to make the small leftward adjustment to find 0.097.\"\n        },\n        {\n            \"role\": \"user\",\n            \"content\": \"Did you encounter any challenges or notice any potential errors during your process? If so, how did you identify them?\"\n        },\n        {\n            \"role\": \"assistant\",\n            \"content\": \"Yes, I faced challenges mainly in determining the exact position of 0.097 initially. My first instinct was to visualize it based on my understanding of its distance from 0.1; however, I worried I might misplace it slightly. Additionally, while comparing 0.097 and 0.9, I hesitated briefly about the placement of 0.097, considering its proximity to 0.1. I identified the potential for error by mentally validating my placements against the known values of 0.1 and 1, checking if my intuition about their locations were aligned with typical decimal values.\"\n        },\n        {\n            \"role\": \"user\",\n            \"content\": \"Once you identified an error or challenge, how did you go about correcting it? What steps did you take to ensure the solution was accurate?\"\n        },\n        {\n            \"role\": \"assistant\",\n            \"content\": \"Upon recognizing the potential discrepancies in my placements, I took a moment to reassess my approach. For 0.097, I visualized the number line with marked benchmarks like 0.0 and 0.1 and mentally divided it into smaller segments. I focused on placing 0.097 slightly left of 0.1 using the quarter divisions of the number line for precision. Additionally, for the comparison task, I made sure to reaffirm the placements by referencing their values, thinking about how many increments they each were from 0.0. This careful validation and adjustment of my placements ensured I arrived at the correct solutions, reinforcing my confidence in the estimation process.\"\n        }\n    ]\n}\n```"
}