{
    "dialogue": "```json\n{\n    \"dialogue\": [\n        {\n            \"role\": \"user\",\n            \"content\": \"You are a student with an ability level of High in a math class. Now, you need to solve a math problem. Please describe your thought process and steps in detail according to your ability level. The math problem is: Problem Task:\\nFind the exact position of 0.61 on a number line.\\n\\nProblem Description:\\nGiven a number line marked with tenths and hundredths. The number line ranges from 0 to 1, with each large tick mark representing a tenth and each small tick mark representing a hundredth.\\n\\nTask:\\nDetermine the position of 0.61 on the number line.\\nExplain between which two tenths 0.61 is located.\\nCalculate and mark the specific hundredth where 0.61 is located.\\n\\nHints:\\n\\nPlace this number on the number line. Look at how many tenths 0.61 has, then see how many hundredths it has.\\n0.61 has 6 tenths. This means the number is hidden between 0.6 and 0.7. Count 7 sections from the left and click it.\\n0.61 has 6 tenths and 1 hundredth. This number is hidden 1 hundredth after the 0.6 tick mark! To find these hundredths, imagine dividing the space between the 0.6 and 0.7 tick marks into ten smaller sections. If this is difficult, why not try zooming in?\\nYou know 0.61 is between 0.6 and 0.7, but which is it closer to? Is it closer to 0.6, 0.7, or the middle at 0.65?\\nZoom in between the two tick marks by clicking the area where the decimal is located. Each tick mark represents a tenth. Where is 0.61 between the two tenths?\\nStart from 0 and count 6 tick marks, then move 1 hundredth to the right. Note that 0.61 is close to 0.6.\\nVerification Questions:\\n\\nAt which specific hundredth is 0.61 located on the number line?\\nIs 0.61 closer to 0.6 or 0.7?\\nCorrect Answer:\\n0.61 is located between 0.601 and 0.625..Ability level classification criteria:\\nLow-level students typically understand math problems slowly and need more time and help to solve them.\\nMedium-level students have a good understanding of math problems and can independently solve most problems.\\nHigh-level students quickly understand math problems, can efficiently solve complex problems, and can provide multiple solutions.\"\n        },\n        {\n            \"role\": \"assistant\",\n            \"content\": \"To find the exact position of 0.61 on the number line, I first analyze where it lies between the tenths. Since 0.61 has 6 tenths, it is clear that it falls between 0.6 and 0.7 on the number line.\\n\\nNext, I note that 0.61 is specifically 1 hundredth more than 0.6. To visualize this better, I can divide the segment between 0.6 and 0.7 into ten smaller sections, as each of those sections represents one hundredth. Counting these small divisions, I can see that moving one section from 0.6 will reach 0.61. Thus, 0.61 is accurately marked 1 hundredth to the right of 0.6.\"\n        },\n        {\n            \"role\": \"user\",\n            \"content\": \"While solving this problem, what assumptions or predictions are you making? How do you decide on the next steps?\"\n        },\n        {\n            \"role\": \"assistant\",\n            \"content\": \"While solving this problem, I assume that I know how to interpret the number line correctly, especially understanding the difference between tenths and hundredths. I predict that since 0.61 has a decimal point that indicates it falls between two numbers, my next step will be to identify the tenths that it lies between and calculate its exact position in relation to those.\\n\\nAfter recognizing it\u2019s between 0.6 and 0.7, I decide to focus on dividing the space between those two tenths to locate 0.61 specifically, as indicated in the hints.\"\n        },\n        {\n            \"role\": \"user\",\n            \"content\": \"Did you encounter any challenges or notice any potential errors during your process? If so, how did you identify them?\"\n        },\n        {\n            \"role\": \"assistant\",\n            \"content\": \"I didn't encounter significant challenges due to my high level of understanding. However, initially, I briefly confused 0.61 with another similar decimal value, like 0.62. I noticed this potential error while verifying my position on the number line, ensuring that I could see the spacing correctly and that I was indeed counting the hundredths accurately. Paying close attention to the tick marks helped me overcome this hiccup.\"\n        },\n        {\n            \"role\": \"user\",\n            \"content\": \"Once you identified an error or challenge, how did you go about correcting it? What steps did you take to ensure the solution was accurate?\"\n        },\n        {\n            \"role\": \"assistant\",\n            \"content\": \"Once I identified the potential error regarding the confusion between 0.61 and 0.62, I took a step back to reassess the divisions between the tenths. I carefully counted the sections of the number line again, making sure to distinguish between the tick marks for each hundredth. By confirming that 0.61 was indeed the first tick mark after 0.60, I felt assured of its correct placement. I also rechecked my calculations to make sure my understanding and final answer remained consistent, which solidified my confidence in the solution.\"\n        }\n    ]\n}\n```"
}