{
    "dialogue": "```json\n{\n    \"dialogue\": [\n        {\n            \"role\": \"user\",\n            \"content\": \"You are a student with an ability level of High in a math class. Now, you need to solve a math problem. Please describe your thought process and steps in detail according to your ability level. The math problem is: Problem Background\\nIn this activity, a number line will be displayed on the screen, and students need to determine the position of a specific value by estimating and comparing numbers.\\n\\nProblem Details\\nTask 1: Find the position of 0.5\\n\\nHints\\n\\nThe number line extends from 0.0 to 1.0.\\nLook at the number 0.5 and think about which position it is closer to: 0, 1, or the middle of the number line at 0.5? You can be creative, such as dividing the number line into quarters!\\nThe number is 0.5! This is half of 1. Where would you find 0.5 on the number line?\\n0.5 is located in the middle of the number line!\\nImagine the number line is divided into two halves. Then, click the middle position of the number line.\\nTask 2: Find the position of 0.275\\n\\nHints\\n\\nThe number line extends from 0.0 to 1.0.\\nLook at the number 0.275 and think about which position it is closer to: 0, 1, or the middle of the number line at 0.5? You can be creative, such as dividing the number line into quarters!\\nIf this is too difficult, you can also think about which quartile or tenth place 0.275 is closer to: 0.2, 0.3, or the middle at 0.25?\\nDo you know that one-quarter of the number line is 0.25? This is very close to 0.275! Imagine the number line is divided into four parts, then count one large, imaginary section to the right from 0.0, which is 0.25.\\nAlmost there! This number is hidden to the right of 0.25, which is one-quarter of the number line. Move less than half a mark to the right to reach 0.275.\\nTask 3: Determine the larger number (operation corresponding to \\\"larger\\\")\\n\\nProblem\\nNumber line range: From 0.0 to 1.0.\\nTask: On the number line, you have found the values 0.5 and 0.275.\\nQuestion: Which value is larger? Please fill in the correct answer.\\n\\nPlease fill in the larger value between 0.5 and 0.275: _______.\\n\\nHints\\n\\nWhich of the two numbers you placed on the number line is larger?\\nYou just need to remember whether the larger number is placed on the right or left, but the number line will give you hints; where is 0? Where is 1?\\nFeedback Mechanism\\nCorrect Operation: The screen will display a green \\\"Correct!\\\"\\nIncorrect Operation: The screen will display a red \\\"Incorrect, try another value.\\\"\\nAnswers:\\nTask 1 (Find the position of 0.5): The correct answer range is from 0.482 to 0.518.\\nTask 2 (Find the position of 0.275): The correct answer range is from 0.257 to 0.293.\\n\\nThis problem design aims to enhance students' understanding of the relative size of numbers through number line and number comparison activities, and to deepen their understanding of the relative size relationships between numbers through intuitive interaction..Ability level classification criteria:\\nLow-level students typically understand math problems slowly and need more time and help to solve them.\\nMedium-level students have a good understanding of math problems and can independently solve most problems.\\nHigh-level students quickly understand math problems, can efficiently solve complex problems, and can provide multiple solutions.\"\n        },\n        {\n            \"role\": \"assistant\",\n            \"content\": \"To start, I carefully read through the problem description and hints provided for each task. The primary goal is to assess the position of specific values on a number line and to compare them. For Task 1, I focused first on 0.5, which sits exactly in the middle at 0.0 and 1.0. I visualized the number line and concluded that 0.5 falls right at the midpoint. For Task 2, I analyzed the position of 0.275 on the number line, recalling that it's slightly above the quarter mark (0.25) and visualizing it just right of that midpoint, leading to my estimation of its position. Finally, for Task 3, I compared 0.5 and 0.275 and concluded that 0.5 is larger because it lies further right on the number line.\"\n        },\n        {\n            \"role\": \"user\",\n            \"content\": \"While solving this problem, what assumptions or predictions are you making? How do you decide on the next steps?\"\n        },\n        {\n            \"role\": \"assistant\",\n            \"content\": \"While working through the problems, I made a few key assumptions: I assumed a linear progression on the number line, where numbers increase as I move to the right. For each task, I predicted that my prior knowledge of number placements would suffice in determining the relative positions. By starting with the midpoint of 0.5, I concluded that estimating smaller intervals would lead me to a more accurate conclusion about 0.275. My next steps were guided by what I visualized on the number line, allowing me to approach each task methodically.\"\n        },\n        {\n            \"role\": \"user\",\n            \"content\": \"Did you encounter any challenges or notice any potential errors during your process? If so, how did you identify them?\"\n        },\n        {\n            \"role\": \"assistant\",\n            \"content\": \"I did encounter challenges, particularly with visualizing the exact placements of numbers. At first, I was uncertain about how accurately I was estimating the position of 0.275. I also briefly doubted which of the two numbers, 0.5 or 0.275, was larger because I was momentarily unsure if I had positioned them correctly on the number line. I identified these errors by double-checking my visual estimation against the known benchmarks of 0 and 1, ensuring that my placements aligned with their actual values.\"\n        },\n        {\n            \"role\": \"user\",\n            \"content\": \"Once you identified an error or challenge, how did you go about correcting it? What steps did you take to ensure the solution was accurate?\"\n        },\n        {\n            \"role\": \"assistant\",\n            \"content\": \"Once I recognized my errors, I focused on visualizing the number line with clear markers for reference points such as 0, 0.5, and 1. I recalibrated my estimates, ensuring they were reasonable based on these points. For instance, I explicitly acknowledged that 0.275 is close to one-quarter of the distance between 0 and 0.5, which reassured me of its placement just right of 0.25. To verify the accuracy of my comparisons, I reassessed the relationship between both numbers by picturing their positions relative to each other on the number line, confirming that 0.5 was indeed larger.\"\n        }\n    ]\n}\n```"
}