{
    "dialogue": "```json\n{\n    \"dialogue\": [\n        {\n            \"role\": \"user\",\n            \"content\": \"You are a student with an ability level of High in a math class. Now, you need to solve a math problem. Please describe your thought process and steps in detail according to your ability level. The math problem is: Problem Background\\nIn this activity, a number line will be displayed on the screen, and students need to determine the position of a specific value by estimating and comparing numbers.\\n\\nProblem Details\\nTask 1: Find the position of 0.097\\n\\nHints\\n\\nThe number line extends from 0.0 to 1.0.\\nThink about which number 0.097 is closer to: 0, 1, or the middle of the number line at 0.5? You can be creative, such as dividing the number line into quarters!\\nIf this is too difficult, you can also think about which tenth place 0.097 is closer to: 0, 0.1, or the middle at 0.05?\\nNote that this number is very close to 0.1. Therefore, once you estimate the position of 0.1, it's already a good estimate! Then move slightly to the left to reach the position of 0.097.\\nLet's try estimating the position of 0.097 by first finding 0.1! Start from the left end of the number line at 0.0. 0.1 should be one-tenth of a mark to the right of 0.0. Do you know if 0.097 is to the left or right of 0.1? Should you move left or right?\\nTask 2: Find the position of 0.9\\n\\nHints\\n\\nThe number line extends from 0.0 to 1.0.\\nLook at the number 0.9 and think about which position it is closer to: 0, 1, or the middle of the number line at 0.5? You can be creative, such as dividing the number line into quarters!\\n0.9 is very close to 1, which is the right end of the number line.\\nHow would you estimate the position of 0.9 starting from 1? Should you move left or right? How much should you move?\\nTo find the position of 0.9, first reach the right end of the number line at 1, then move one-tenth of a mark to the left to reach the position of 0.9!\\nTask 3: Compare the sizes of 0.097 and 0.9\\n\\nProblem\\nNumber line range: From 0.0 to 1.0.\\nTask: On the number line, you have found the values 0.097 and 0.9.\\nQuestion: Which value is larger? Please fill in the correct answer.\\n\\nPlease fill in the larger value between 0.097 and 0.9: _______.\\n\\nHints\\n\\nWhich of the two numbers you placed on the number line is larger?\\nYou just need to remember whether the larger number is placed on the right or left, but the number line will give you hints; where is 0? Where is 1?\\nFeedback Mechanism\\nCorrect Operation: The screen will display a green 'Correct!'\\nIncorrect Operation: The screen will display a red 'Incorrect, try another value.'\\nAnswers:\\nTask 1 (Find the position of 0.097): The correct answer range is from 0.079 to 0.1.\\nTask 2 (Find the position of 0.9): The correct answer range is from 0.882 to 0.918.\\n\\nThis problem design aims to enhance students' understanding of the relative size of numbers through number line and number comparison activities, and to deepen their understanding of the relative size relationships between numbers through intuitive interaction..Ability level classification criteria:\\nLow-level students typically understand math problems slowly and need more time and help to solve them.\\nMedium-level students have a good understanding of math problems and can independently solve most problems.\\nHigh-level students quickly understand math problems, can efficiently solve complex problems, and can provide multiple solutions.\"\n        },\n        {\n            \"role\": \"assistant\",\n            \"content\": \"First, I started by carefully reading through the problem details and hints provided for each task. The goal is to find the positions of specific numbers (0.097 and 0.9) on the number line and to compare their sizes. \\n\\nFor Task 1, my first step was to determine where 0.097 falls on the number line. I noted that it is a very small number, close to 0.1. The hints helped me visualize the number line by considering relative positions. Recognizing that 0.097 is slightly less than 0.1 allowed me to start at 0.0, then locate 0.1, and subsequently move just a little to the left to find 0.097.\\n\\nIn Task 2, I had to find the position of 0.9 on the number line. I realized it is close to 1, which is on the far right end of the scale. Starting from 1, I recognized that I would only need to move a small distance to the left to reach 0.9.\\n\\nFor the final task, I needed to compare the two numbers, 0.097 and 0.9. It was clear that 0.9 would be to the right of 0.097 on the number line, indicating it is the larger value.\"\n        },\n        {\n            \"role\": \"user\",\n            \"content\": \"While solving this problem, what assumptions or predictions are you making? How do you decide on the next steps?\"\n        },\n        {\n            \"role\": \"assistant\",\n            \"content\": \"While solving this problem, I assumed that my understanding of the number line remains accurate, which indicates that numbers increase in value as you move to the right. I predicted that 0.097 is significantly closer to 0 than 1 based on its decimal representation, leading me to focus on the left side of the number line while estimating its position. \\n\\nFor the next steps, I decided to identify known points on the number line (like 0.0, 0.1, and 1.0) to guide my estimations. Once I successfully located 0.1, I recognized that moving slightly left would yield the position of 0.097. Similarly, I started with 1 for finding 0.9, guiding my movements according to the decimal values in relation to these key points.\"\n        },\n        {\n            \"role\": \"user\",\n            \"content\": \"Did you encounter any challenges or notice any potential errors during your process? If so, how did you identify them?\"\n        },\n        {\n            \"role\": \"assistant\",\n            \"content\": \"I encountered some challenges, particularly in estimating the exact distance to move for numbers that were close to each other, like 0.097 and 0.1. Initially, there was a moment of uncertainty about how far to place 0.097 once I had located 0.1. To identify any potential errors, I cross-referenced my placements with the known values to verify whether my understanding of the number sizes matched their location on the number line. For example, I noticed I initially placed 0.097 too close to 0.1, which led me to reassess my estimated movement smaller.\"\n        },\n        {\n            \"role\": \"user\",\n            \"content\": \"Once you identified an error or challenge, how did you go about correcting it? What steps did you take to ensure the solution was accurate?\"\n        },\n        {\n            \"role\": \"assistant\",\n            \"content\": \"Upon realizing that I had misjudged the placement of 0.097, I took a systematic approach to correct it. Firstly, I revisited the number line to reassess the key benchmarks. I focused on marking distinct points such as 0.0, 0.1, and dividing the interval between them into smaller increments. I decided to visualize smaller movements by thinking about tenths, which helped me establish that 0.097 was slightly less than 0.1. To ensure the accuracy of my final placements, I double-checked by comparing the estimated values with the known decimal equivalents, making sure I consistently placed the numbers according to their size in relation to others on the number line.\"\n        }\n    ]\n}\n```"
}