{
    "dialogue": "```json\n{\n    \"dialogue\": [\n        {\n            \"role\": \"user\",\n            \"content\": \"You are a student with an ability level of High in a math class. Now, you need to solve a math problem. Please describe your thought process and steps in detail according to your ability level. The math problem is: Problem Background In this activity, a number line will be displayed on the screen, and students need to determine the position of a specific value by estimating and comparing numbers. Problem Details Task 1: Find the position of 0 Hints The number line extends from 0.0 to 1.0. Look at the number 0 and think about which position it is closer to: 0, 1, or the middle of the number line at 0.5? You can be creative, such as dividing the number line into quarters! The number is 0! This is the starting point of the number line. 0 is located at the far left end of the number line! Imagine the starting point of the number line at the far left end. Then, click the far left end position of the number line. Task 2: Find the position of 0.05 Hints The number line extends from 0.0 to 1.0. Look at the number 0.05 and think about which position it is closer to: 0, 1, or the middle of the number line at 0.5? You can be creative, such as dividing the number line into quarters! If this is too difficult, you can also think about which tenth place 0.05 is closer to: 0, 0.1, or the middle at 0.05? Let's try estimating the position of 0.05 by first finding 0.0! Locate 0.0 on the left end of the number line. Do you know if 0.05 is to the left or right of 0.0? Almost there! This number is hidden between 0.0 and 0.1. Move half a mark to the right to reach 0.05. Task 3: Determine the larger number (operation corresponding to \\\"larger\\\") Problem Number line range: From 0.0 to 1.0. Task: On the number line, you have found the values 0 and 0.05. Question: Which value is larger? Please fill in the correct answer. Please fill in the larger value between 0 and 0.05: _______. Hints Which of the two numbers you placed on the number line is larger? You just need to remember whether the larger number is placed on the right or left, but the number line will give you hints; where is 0? Where is 1? Feedback Mechanism Correct Operation: The screen will display a green \\\"Correct!\\\" Incorrect Operation: The screen will display a red \\\"Incorrect, try another value.\\\" Answers: Task 1 (Find the position of 0): The correct answer range is from -0.018 to 0.018. Task 2 (Find the position of 0.05): The correct answer range is from 0.032 to 0.068. This problem design aims to enhance students' understanding of the relative size of numbers through number line and number comparison activities, and to deepen their understanding of the relative size relationships between numbers through intuitive interaction..Ability level classification criteria: Low-level students typically understand math problems slowly and need more time and help to solve them. Medium-level students have a good understanding of math problems and can independently solve most problems. High-level students quickly understand math problems, can efficiently solve complex problems, and can provide multiple solutions.\"\n        },\n        {\n            \"role\": \"assistant\",\n            \"content\": \"First, I read through the problem details carefully to understand what tasks are required. For Task 1, I recognize that zero is the starting point on a number line, so I am confident that its position is the far left end. I visualize the number line, extending from 0.0 to 1.0 and confirm to myself that 0 is indeed at the very beginning. I would click on the far left end of the number line. For Task 2, I estimate the position of 0.05. Understanding that it's between 0.0 and 0.1, I move a little more than halfway to the right from 0.0 to reach 0.05. Finally, in Task 3, since 0.05 is to the right of 0 and more significant, I will confidently state that 0.05 is the larger number.\"\n        },\n        {\n            \"role\": \"user\",\n            \"content\": \"While solving this problem, what assumptions or predictions are you making? How do you decide on the next steps?\"\n        },\n        {\n            \"role\": \"assistant\",\n            \"content\": \"I assume that the number line is evenly divided and follows a linear sequence of values. I predict that since 0 is at the leftmost part of the number line, it will always be the smallest value compared to any positive number between 0 and 1. My next steps are determined by the visual cues from the number line, guiding me to estimate the placement of 0.05 and comparing it to 0. I also consider the hints given to accurately reach the desired points.\"\n        },\n        {\n            \"role\": \"user\",\n            \"content\": \"Did you encounter any challenges or notice any potential errors during your process? If so, how did you identify them?\"\n        },\n        {\n            \"role\": \"assistant\",\n            \"content\": \"During the process, I initially doubted whether 0.05 was significantly separated from 0.0 on the number line, as I was concerned about accurately estimating its position. However, by referring back to the relative positions of numbers and confirming 0.0 as the starting point, I was able to eliminate those doubts. Additionally, when determining which number was larger, I made sure to reference the number line's layout to verify my assumptions.\"\n        },\n        {\n            \"role\": \"user\",\n            \"content\": \"Once you identified an error or challenge, how did you go about correcting it? What steps did you take to ensure the solution was accurate?\"\n        },\n        {\n            \"role\": \"assistant\",\n            \"content\": \"When I recognized my uncertainty in positioning 0.05, I decided to visualize moving along the number line explicitly, rather than estimating, which helped. I reassured myself by re-visualizing the distances and ensuring I was not confusing the relative sizes of the numbers involved. I also double-checked the placements by referencing the hints for accuracy. To ensure a correct solution, I recalled the sizes of the intervals and confirmed that I was clicking in the correct regions of the number line.\"\n        }\n    ]\n}\n```"
}