{
    "dialogue": "```json\n{\n    \"dialogue\": [\n        {\n            \"role\": \"user\",\n            \"content\": \"You are a student with an ability level of High in a math class. Now, you need to solve a math problem. Please describe your thought process and steps in detail according to your ability level. The math problem is: Problem Background\\nIn this activity, a number line will be displayed on the screen, and students need to determine the position of a specific value by estimating and comparing numbers.\\n\\nProblem Details\\nTask 1: Find the position of 0.097\\n\\nHints\\n\\nThe number line extends from 0.0 to 1.0.\\nThink about which number 0.097 is closer to: 0, 1, or the middle of the number line at 0.5? You can be creative, such as dividing the number line into quarters!\\nIf this is too difficult, you can also think about which tenth place 0.097 is closer to: 0, 0.1, or the middle at 0.05?\\nNote that this number is very close to 0.1. Therefore, once you estimate the position of 0.1, it's already a good estimate! Then move slightly to the left to reach the position of 0.097.\\nLet's try estimating the position of 0.097 by first finding 0.1! Start from the left end of the number line at 0.0. 0.1 should be one-tenth of a mark to the right of 0.0. Do you know if 0.097 is to the left or right of 0.1? Should you move left or right?\\nTask 2: Find the position of 0.9\\n\\nHints\\n\\nThe number line extends from 0.0 to 1.0.\\nLook at the number 0.9 and think about which position it is closer to: 0, 1, or the middle of the number line at 0.5? You can be creative, such as dividing the number line into quarters!\\n0.9 is very close to 1, which is the right end of the number line.\\nHow would you estimate the position of 0.9 starting from 1? Should you move left or right? How much should you move?\\nTo find the position of 0.9, first reach the right end of the number line at 1, then move one-tenth of a mark to the left to reach the position of 0.9!\\nTask 3: Compare the sizes of 0.097 and 0.9\\n\\nProblem\\nNumber line range: From 0.0 to 1.0.\\nTask: On the number line, you have found the values 0.097 and 0.9.\\nQuestion: Which value is larger? Please fill in the correct answer.\\n\\nPlease fill in the larger value between 0.097 and 0.9: _______.\\n\\nHints\\n\\nWhich of the two numbers you placed on the number line is larger?\\nYou just need to remember whether the larger number is placed on the right or left, but the number line will give you hints; where is 0? Where is 1?\\nFeedback Mechanism\\nCorrect Operation: The screen will display a green \\\"Correct!\\\"\\nIncorrect Operation: The screen will display a red \\\"Incorrect, try another value.\\\"\\nAnswers:\\nTask 1 (Find the position of 0.097): The correct answer range is from 0.079 to 0.1.\\nTask 2 (Find the position of 0.9): The correct answer range is from 0.882 to 0.918.\\n\\nThis problem design aims to enhance students' understanding of the relative size of numbers through number line and number comparison activities, and to deepen their understanding of the relative size relationships between numbers through intuitive interaction..Ability level classification criteria:\\nLow-level students typically understand math problems slowly and need more time and help to solve them.\\nMedium-level students have a good understanding of math problems and can independently solve most problems.\\nHigh-level students quickly understand math problems, can efficiently solve complex problems, and can provide multiple solutions.\"\n        },\n        {\n            \"role\": \"assistant\",\n            \"content\": \"To approach the problem, I start by visualizing the number line ranging from 0.0 to 1.0. I note that 0.097 is very close to 0.1, so I will first determine where 0.1 lies on the number line, which is one-tenth to the right of 0.0. Since 0.097 is less than 0.1, I estimate its position slightly to the left of 0.1. For task 2, I recognize that 0.9 is near the end of the number line, very close to 1. I'll find 1 and move one-tenth of a mark to the left to locate 0.9. Finally, in task 3, I know that 0.9 is greater than 0.097 based on their relative positions on the number line.\"\n        },\n        {\n            \"role\": \"user\",\n            \"content\": \"While solving this problem, what assumptions or predictions are you making? How do you decide on the next steps?\"\n        },\n        {\n            \"role\": \"assistant\",\n            \"content\": \"I assume that the number line is evenly divided and that decimal values can be accurately located based on their proximity to whole numbers. My prediction is that since 0.097 is just slightly less than 0.1, it should be very close to it on the number line. For the next steps, I focus first on locating 0.1 and then adjusting slightly to find 0.097. Similarly, for 0.9, I start at 1 and decrement to find its position. My decisions are dictated by proximity to known reference points on the number line.\"\n        },\n        {\n            \"role\": \"user\",\n            \"content\": \"Did you encounter any challenges or notice any potential errors during your process? If so, how did you identify them?\"\n        },\n        {\n            \"role\": \"assistant\",\n            \"content\": \"One challenge I faced was ensuring I understood how to roughly estimate values that are less than 0.1. It was easy to mistakenly think I needed to be closer to the left end of the number line. I identified this by quickly visualizing and recalling that since 0.097 is so close to 0.1, my mark shouldn't stray too far. For 0.9, I double-checked that my movement from 1 was exactly one-tenth to avoid imbalance in the estimation.\"\n        },\n        {\n            \"role\": \"user\",\n            \"content\": \"Once you identified an error or challenge, how did you go about correcting it? What steps did you take to ensure the solution was accurate?\"\n        },\n        {\n            \"role\": \"assistant\",\n            \"content\": \"To correct any potential misplacement, I recalibrated my position on the number line by re-evaluating my estimates relative to the known values I had already identified. For example, I ensured that my approach to finding 0.097 was accurate by checking again where 0.1 is, then adjusting left as necessary. I made a mental note that small differences matter in decimal numbers, especially when dealing with values close to one another, and I maintained that focus as I double-checked my placement before finalizing my answers.\"\n        }\n    ]\n}\n```"
}