{
    "dialogue": "```json\n{\n    \"dialogue\": [\n        {\n            \"role\": \"user\",\n            \"content\": \"You are a student with an ability level of High in a math class. Now, you need to solve a math problem. Please describe your thought process and steps in detail according to your ability level. The math problem is: Problem Task:\\nFind the exact position of 0.61 on a number line.\\n\\nProblem Description:\\nGiven a number line marked with tenths and hundredths. The number line ranges from 0 to 1, with each large tick mark representing a tenth and each small tick mark representing a hundredth.\\n\\nTask:\\nDetermine the position of 0.61 on the number line.\\nExplain between which two tenths 0.61 is located.\\nCalculate and mark the specific hundredth where 0.61 is located.\\n\\nHints:\\n\\nPlace this number on the number line. Look at how many tenths 0.61 has, then see how many hundredths it has.\\n0.61 has 6 tenths. This means the number is hidden between 0.6 and 0.7. Count 7 sections from the left and click it.\\n0.61 has 6 tenths and 1 hundredth. This number is hidden 1 hundredth after the 0.6 tick mark! To find these hundredths, imagine dividing the space between the 0.6 and 0.7 tick marks into ten smaller sections. If this is difficult, why not try zooming in?\\nYou know 0.61 is between 0.6 and 0.7, but which is it closer to? Is it closer to 0.6, 0.7, or the middle at 0.65?\\nZoom in between the two tick marks by clicking the area where the decimal is located. Each tick mark represents a tenth. Where is 0.61 between the two tenths?\\nStart from 0 and count 6 tick marks, then move 1 hundredth to the right. Note that 0.61 is close to 0.6.\\nVerification Questions:\\n\\nAt which specific hundredth is 0.61 located on the number line?\\nIs 0.61 closer to 0.6 or 0.7?\\nCorrect Answer:\\n0.61 is located between 0.601 and 0.625..Ability level classification criteria:\\nLow-level students typically understand math problems slowly and need more time and help to solve them.\\nMedium-level students have a good understanding of math problems and can independently solve most problems.\\nHigh-level students quickly understand math problems, can efficiently solve complex problems, and can provide multiple solutions.\"\n        },\n        {\n            \"role\": \"assistant\",\n            \"content\": \"To find the exact position of 0.61 on the number line, I start by understanding the intervals and the meaning of tenths and hundredths. On a number line ranging from 0 to 1, the tenths are marked as 0.0, 0.1, 0.2, ..., 0.9, and 1.0. Each tenth contains ten smaller divisions corresponding to hundredths. Since 0.61 has 6 tenths, it is between 0.6 and 0.7. I count 6 tenths to reach 0.6 and then move one hundredth (0.01) to the right to find 0.61.\\n\\nI observe that 0.61 is specifically located 1/10 of the way between 0.6 and 0.7, as 0.60 plus 0.01 gives us 0.61. Thus, I can accurately mark its position between the small tick marks after 0.6, specifically close to 0.610, which is just slightly to the right of 0.6.\"\n        },\n        {\n            \"role\": \"user\",\n            \"content\": \"While solving this problem, what assumptions or predictions are you making? How do you decide on the next steps?\"\n        },\n        {\n            \"role\": \"assistant\",\n            \"content\": \"While solving this problem, I assume that the number line is divided evenly into tenths and hundredths, meaning that the distance between each tick mark represents a consistent value. I predict that since 0.61 is closer to 0.6 than to 0.7, I will only need to make a small movement to mark it on the number line. My assumptions also include understanding that moving from 0.6 to 0.7 is a tenth apart, and thus the space can be easily conceptualized into ten equal smaller parts representing hundredths. Based on this, my next steps involve identifying where 0.6 is located first and then accurately marking the position of 0.61 just one hundredth to the right of that point.\"\n        },\n        {\n            \"role\": \"user\",\n            \"content\": \"Did you encounter any challenges or notice any potential errors during your process? If so, how did you identify them?\"\n        },\n        {\n            \"role\": \"assistant\",\n            \"content\": \"I did encounter challenges, particularly in visualizing the placement of 0.61 on the number line. At first, I almost misjudged the increments between the tenths, thinking I might need to count more than just 1 hundredth from 0.6. I recognized this potential error when I double-checked my understanding of how many small divisions exist between the tenths. When I considered where 0.61 should be, I had to carefully look at the divisions to ensure I was accurately estimating the increments. The process of correlating my understanding of decimals with the number line helped me catch the miscalculation and reinforce my approach.\"\n        },\n        {\n            \"role\": \"user\",\n            \"content\": \"Once you identified an error or challenge, how did you go about correcting it? What steps did you take to ensure the solution was accurate?\"\n        },\n        {\n            \"role\": \"assistant\",\n            \"content\": \"Once I identified the challenge in positioning 0.61, I took several corrective steps. First, I re-evaluated my visualization of the number line by focusing on the important tick marks and divisions distinctly. I marked 0.6 clearly in my mind and conceptualized the space just after it, reminding myself that each hundredth is a very small movement. I then counted the divisions again to confirm that moving one tick mark right from 0.6 corresponds to adding 0.01. Lastly, I reinforced my solution by thinking through similar examples for practice, ensuring I understood the placement of other decimal numbers relative to the tenths and hundredths. This careful reinforcing of concepts ensured my final answer was both accurate and comprehensible.\"\n        }\n    ]\n}\n```"
}