{
    "dialogue": "```json\n{\n    \"dialogue\": [\n        {\n            \"role\": \"user\",\n            \"content\": \"You are a student with an ability level of High in a math class. Now, you need to solve a math problem. Please describe your thought process and steps in detail according to your ability level. The math problem is: Problem Task:\\nFind the exact position of 0.08 on a number line.\\nProblem Description:\\nGiven a number line marked with tenths and hundredths. The number line ranges from 0 to 0.1, with each large tick mark representing a tenth and each small tick mark representing a hundredth.\\nTask:\\nDetermine the position of 0.08 on the number line.\\nExplain between which two tenths 0.08 is located.\\nCalculate and mark the specific hundredth where 0.08 is located.\\nHints:\\nPlace this number on the number line. Look at how many tenths 0.08 has, then see how many hundredths it has.\\n0.08 has 0 tenths. This means the number is hidden between 0.0 and 0.1. Count 1 section from the left and click it.\\n0.08 has 0 tenths and 8 hundredths. This number is hidden 8 hundredths after the 0.0 tick mark! To find these hundredths, imagine dividing the space between the 0.0 and 0.1 tick marks into ten smaller sections. If this is difficult, why not try zooming in?\\nYou know 0.08 is between 0.0 and 0.1, but which is it closer to? Is it closer to 0.0, 0.1, or the middle at 0.05?\\nZoom in between the two tick marks by clicking the area where the decimal is located. Each tick mark represents a tenth. Where is 0.08 between the two tenths?\\nStart from 0 and count 0 tick marks, then move 8 hundredths to the right.\\nVerification Questions:\\nAt which specific hundredth is 0.08 located on the number line?\\nIs 0.08 closer to 0.0 or 0.1?\\nCorrect Answer:\\n0.08 is located between 0.065 and 0.094..Ability level classification criteria:\\nLow-level students typically understand math problems slowly and need more time and help to solve them.\\nMedium-level students have a good understanding of math problems and can independently solve most problems.\\nHigh-level students quickly understand math problems, can efficiently solve complex problems, and can provide multiple solutions.\"\n        },\n        {\n            \"role\": \"assistant\",\n            \"content\": \"To find the position of 0.08 on the number line, I first analyzed the problem carefully. I noted that the number line stretches from 0 to 0.1, and I identified that 0.08 consists of 0 tenths and 8 hundredths. This means that 0.08 is positioned somewhere between 0.0 and 0.1. Since there are 10 hundredths in each tenth on the number line, I counted 8 hundredths to locate 0.08. I recognized that it falls after 0.0 and before 0.1, closer to the 0.1 side as it is 8 out of 10 sections. Specifically, the number 0.08 is positioned between 0.07 and 0.09 on the number line.\"\n        },\n        {\n            \"role\": \"user\",\n            \"content\": \"While solving this problem, what assumptions or predictions are you making? How do you decide on the next steps?\"\n        },\n        {\n            \"role\": \"assistant\",\n            \"content\": \"In solving this problem, I assumed that the number line is accurately marked and that I can trust its divisions for tenths and hundredths. I predicted that if I could correctly identify where 0.08 lies relative to other markers, I could use this information to pinpoint its exact location. My next steps involved visually estimating its position between 0.0 and 0.1, while counting 8 small increments (hundredths) from 0.0. This systematic approach helped confirm that I was on the right track.\"\n        },\n        {\n            \"role\": \"user\",\n            \"content\": \"Did you encounter any challenges or notice any potential errors during your process? If so, how did you identify them?\"\n        },\n        {\n            \"role\": \"assistant\",\n            \"content\": \"I encountered a minor challenge while determining if 0.08 was closer to 0.0 or 0.1. Initially, it was easy to place 0.08 between these two values, but I needed to ensure I calculated accurately without miscounting the hundredths. To identify potential errors, I carefully reviewed my steps in counting increments, confirming that I moved exactly 8 sections from 0.0 towards 0.1, rather than misplacing the point.\"\n        },\n        {\n            \"role\": \"user\",\n            \"content\": \"Once you identified an error or challenge, how did you go about correcting it? What steps did you take to ensure the solution was accurate?\"\n        },\n        {\n            \"role\": \"assistant\",\n            \"content\": \"After identifying the challenge of ensuring the correct counting of hundredths, I took a step back and retraced my steps. I reassessed the number line to ensure no miscounts occurred. I confirmed that each tenth contains 10 hundredths and double-checked my starting point at 0.0, then counted each hundredth slowly up to 8, reassured by the tick marks. Finally, I marked the position with respect to 0.07 and 0.09 to finalize that 0.08 was indeed placed accurately between those values.\"\n        }\n    ]\n}\n```"
}