{
    "dialogue": "```json\n{\n    \"dialogue\": [\n        {\n            \"role\": \"user\",\n            \"content\": \"You are a student with an ability level of High in a math class. Now, you need to solve a math problem. Please describe your thought process and steps in detail according to your ability level. The math problem is: Problem Task:\\nAccurately locate 0.093 on a number line.\\n\\nProblem Description:\\nGiven a number line marked with tenths, hundredths, and thousandths. The number line ranges from 0 to 0.1, with each large tick mark representing a tenth, each small tick mark subdivided into ten hundredths, and each hundredth further subdivided into ten thousandths.\\n\\nTask:\\nDetermine the position of 0.093 on the number line.\\nExplain between which two tenths 0.093 is located.\\nCalculate and mark the specific hundredth and thousandth where 0.093 is located.\\n\\nHints:\\n\\nPlace this number on the number line. Look at how many tenths 0.093 has, then see how many hundredths and thousandths it has.\\n0.093 has 0 tenths. This means the number is hidden between 0.0 and 0.1. Count 1 section from the left and click it.\\nThis number line zooms in between 0.0 and 0.1, so you are already in the correct tenth. You must find the correct hundredth and thousandth.\\nZoom in between the two tick marks by clicking the area where the decimal is located. Each tick mark represents a tenth. Where is 0.093 between the two tenths?\\nYou know 0.093 is between 0.0 and 0.1, but which is it closer to? Is it closer to 0.0, 0.1, or the middle at 0.05?\\n0.093 has 9 hundredths and 3 thousandths. This number is hidden just a little past the 0.09 tick mark! Imagine there are ten smaller sections between the tick marks! This number is in the 3rd small section to the right of 0.09.\\nNow you know reading the tenths as \u201c0\u201d and hundredths as \u201c9\u201d is important, but the thousandths \u201c3\u201d is not as significant because thousandths are very small.\\nStart from 0.0, count 9 tick marks to the right, then move 3 thousandths further. Note that 0.093 is close to halfway between 0.09 and 0.1, which is 0.095.\\nVerification Questions:\\n\\nAt which specific hundredth and thousandth is 0.093 located on the number line?\\nCorrect Answer:\\n0.093 is located between 0.078 and 0.099..Ability level classification criteria:\\nLow-level students typically understand math problems slowly and need more time and help to solve them.\\nMedium-level students have a good understanding of math problems and can independently solve most problems.\\nHigh-level students quickly understand math problems, can efficiently solve complex problems, and can provide multiple solutions.\"\n        },\n        {\n            \"role\": \"assistant\",\n            \"content\": \"To locate 0.093 on the number line, I first broke down the number into its components: it has 0 tenths, 9 hundredths, and 3 thousandths. This indicates that it falls between the two tenths of 0.0 and 0.1. I confirmed this observation by checking that 0.093 lies closer to 0.1 since the hundredths place is at 9, which is just a bit less than 10. Next, I marked the 0.09 tick on the number line and needed to find the correct spot for the thousandths. I recognized that 0.093 is slightly past the 0.09 tick mark, specifically in the third subdivision after 0.09, which corresponds to the thousandths.\"\n        },\n        {\n            \"role\": \"user\",\n            \"content\": \"While solving this problem, what assumptions or predictions are you making? How do you decide on the next steps?\"\n        },\n        {\n            \"role\": \"assistant\",\n            \"content\": \"I assumed that my understanding of decimal placement was accurate and that the number line's subdivisions would help me visualize the precise location of 0.093. My first step was to look at the general range (0.0 to 0.1) and confirm that 0.093 fits within that context. Then I deduced that to accurately locate it, I would need to count the hundredths and thousandths carefully, guiding my movement along the number line from the leftmost point, which is 0.0, and make adjustments based on my findings at each tick mark.\"\n        },\n        {\n            \"role\": \"user\",\n            \"content\": \"Did you encounter any challenges or notice any potential errors during your process? If so, how did you identify them?\"\n        },\n        {\n            \"role\": \"assistant\",\n            \"content\": \"One potential challenge I anticipated was accurately counting the subdivisions between the main tick marks, since decimal places can become confusing. I needed to ensure I was aligning my marks at the hundredths and not accidentally overshooting to the next tick mark. After visually verifying my placement, I realized that it could be easy to misplace the location if I wasn't counting carefully. Therefore, I took my time to ensure precision, counting both the hundredths and thousandths methodically.\"\n        },\n        {\n            \"role\": \"user\",\n            \"content\": \"Once you identified an error or challenge, how did you go about correcting it? What steps did you take to ensure the solution was accurate?\"\n        },\n        {\n            \"role\": \"assistant\",\n            \"content\": \"Upon realizing my counting could lead to an incorrect placement, I paused to reassess my identified position before finalizing it. I retraced my steps along the number line from 0.0 to 0.1, carefully counting each tick. I verified that after reaching 0.09, I only moved to the right into three subdivisions for the additional thousandths. This thorough count helped me confirm the exact location of 0.093. To ensure my solution remained accurate, I repeated the process of counting and visual checks a couple of times before concluding to validate that my placement was consistent.\"\n        }\n    ]\n}\n```"
}