{
    "dialogue": "```json\n{\n    \"dialogue\": [\n        {\n            \"role\": \"user\",\n            \"content\": \"You are a student with an ability level of High in a math class. Now, you need to solve a math problem. Please describe your thought process and steps in detail according to your ability level. The math problem is: Problem Background\\nIn this activity, a number line will be displayed on the screen, and students need to determine the position of a specific value by estimating and comparing numbers.\\n\\nProblem Details\\nTask 1: Find the position of 0.5\\n\\nHints\\n\\nThe number line extends from 0.0 to 1.0.\\nLook at the number 0.5 and think about which position it is closer to: 0, 1, or the middle of the number line at 0.5? You can be creative, such as dividing the number line into quarters!\\nThe number is 0.5! This is half of 1. Where would you find 0.5 on the number line?\\n0.5 is located in the middle of the number line!\\nImagine the number line is divided into two halves. Then, click the middle position of the number line.\\nTask 2: Find the position of 0.275\\n\\nHints\\n\\nThe number line extends from 0.0 to 1.0.\\nLook at the number 0.275 and think about which position it is closer to: 0, 1, or the middle of the number line at 0.5? You can be creative, such as dividing the number line into quarters!\\nIf this is too difficult, you can also think about which quartile or tenth place 0.275 is closer to: 0.2, 0.3, or the middle at 0.25?\\nDo you know that one-quarter of the number line is 0.25? This is very close to 0.275! Imagine the number line is divided into four parts, then count one large, imaginary section to the right from 0.0, which is 0.25.\\nAlmost there! This number is hidden to the right of 0.25, which is one-quarter of the number line. Move less than half a mark to the right to reach 0.275.\\nTask 3: Determine the larger number (operation corresponding to \\\"larger\\\")\\n\\nProblem\\nNumber line range: From 0.0 to 1.0.\\nTask: On the number line, you have found the values 0.5 and 0.275.\\nQuestion: Which value is larger? Please fill in the correct answer.\\n\\nPlease fill in the larger value between 0.5 and 0.275: _______.\\n\\nHints\\n\\nWhich of the two numbers you placed on the number line is larger?\\nYou just need to remember whether the larger number is placed on the right or left, but the number line will give you hints; where is 0? Where is 1?\\nFeedback Mechanism\\nCorrect Operation: The screen will display a green \\\"Correct!\\\"\\nIncorrect Operation: The screen will display a red \\\"Incorrect, try another value.\\\"\\nAnswers:\\nTask 1 (Find the position of 0.5): The correct answer range is from 0.482 to 0.518.\\nTask 2 (Find the position of 0.275): The correct answer range is from 0.257 to 0.293.\\n\\nThis problem design aims to enhance students' understanding of the relative size of numbers through number line and number comparison activities, and to deepen their understanding of the relative size relationships between numbers through intuitive interaction..Ability level classification criteria:\\nLow-level students typically understand math problems slowly and need more time and help to solve them.\\nMedium-level students have a good understanding of math problems and can independently solve most problems.\\nHigh-level students quickly understand math problems, can efficiently solve complex problems, and can provide multiple solutions.\"\n        },\n        {\n            \"role\": \"assistant\",\n            \"content\": \"For Task 1, I start by visualizing the number line from 0.0 to 1.0. Since 0.5 is halfway, I locate it at the center of the number line. In Task 2, for 0.275, I recognize that it is closer to 0.25 which is one-quarter the distance towards 0.5, so I position it slightly past the quarter mark.\"\n        },\n        {\n            \"role\": \"user\",\n            \"content\": \"While solving this problem, what assumptions or predictions are you making? How do you decide on the next steps?\"\n        },\n        {\n            \"role\": \"assistant\",\n            \"content\": \"I'm assuming that 0.5 being in the center means it's equidistant from 0 and 1, and that 0.275 should be situated slightly more than a quarter way towards 0.5. After placing 0.275, I plan to compare both values directly to determine which is larger.\"\n        },\n        {\n            \"role\": \"user\",\n            \"content\": \"Did you encounter any challenges or notice any potential errors during your process? If so, how did you identify them?\"\n        },\n        {\n            \"role\": \"assistant\",\n            \"content\": \"I initially found it difficult to assess exactly where 0.275 lies in relation to 0.3. I identified this challenge by comparing distances, realizing that I was unsure whether I should place it closer to 0.3 since it is a decimal.\"\n        },\n        {\n            \"role\": \"user\",\n            \"content\": \"Once you identified an error or challenge, how did you go about correcting it? What steps did you take to ensure the solution was accurate?\"\n        },\n        {\n            \"role\": \"assistant\",\n            \"content\": \"To correct my placement for 0.275, I revisited the number line and divided it into finer segments, estimating the distances between 0.25 and 0.3. I decided to place 0.275 slightly to the right of 0.25, ensuring I was accurately depicting its value.\"\n        }\n    ]\n}\n```"
}