{
    "dialogue": "```json\n{\n    \"dialogue\": [\n        {\n            \"role\": \"user\",\n            \"content\": \"You are a student with an ability level of High in a math class. Now, you need to solve a math problem. Please describe your thought process and steps in detail according to your ability level. The math problem is: Problem Task: Accurately locate 0.093 on a number line. Problem Description: Given a number line marked with tenths, hundredths, and thousandths. The number line ranges from 0 to 0.1, with each large tick mark representing a tenth, each small tick mark subdivided into ten hundredths, and each hundredth further subdivided into ten thousandths. Task: Determine the position of 0.093 on the number line. Explain between which two tenths 0.093 is located. Calculate and mark the specific hundredth and thousandth where 0.093 is located. Hints: Place this number on the number line. Look at how many tenths 0.093 has, then see how many hundredths and thousandths it has. 0.093 has 0 tenths. This means the number is hidden between 0.0 and 0.1. Count 1 section from the left and click it. This number line zooms in between 0.0 and 0.1, so you are already in the correct tenth. You must find the correct hundredth and thousandth. Zoom in between the two tick marks by clicking the area where the decimal is located. Each tick mark represents a tenth. Where is 0.093 between the two tenths? You know 0.093 is between 0.0 and 0.1, but which is it closer to? Is it closer to 0.0, 0.1, or the middle at 0.05? 0.093 has 9 hundredths and 3 thousandths. This number is hidden just a little past the 0.09 tick mark! Imagine there are ten smaller sections between the tick marks! This number is in the 3rd small section to the right of 0.09. Now you know reading the tenths as '0' and hundredths as '9' is important, but the thousandths '3' is not as significant because thousandths are very small. Start from 0.0, count 9 tick marks to the right, then move 3 thousandths further. Note that 0.093 is close to halfway between 0.09 and 0.1, which is 0.095. Verification Questions: At which specific hundredth and thousandth is 0.093 located on the number line? Correct Answer: 0.093 is located between 0.078 and 0.099. Ability level classification criteria: Low-level students typically understand math problems slowly and need more time and help to solve them. Medium-level students have a good understanding of math problems and can independently solve most problems. High-level students quickly understand math problems, can efficiently solve complex problems, and can provide multiple solutions.\"\n        },\n        {\n            \"role\": \"assistant\",\n            \"content\": \"To locate 0.093 on the number line, I start by identifying the range in which the number exists. Since 0.093 has no tenths, it clearly lies between 0.0 and 0.1. I mark these two bounds on the number line as my reference points. I then note that 0.093 consists of 9 hundredths and 3 thousandths, directing me to focus more closely on the segment of the number line between the ticks marking 0.09 and 0.1. By identifying that 0.093 is past 0.09, I determine I need to subdivide this area slightly to the right of 0.09. I visualize creating ten subdivisions between the two tenths (0.09 and 0.1) and count three ticks into this segment to find my precise location for 0.093.\"\n        },\n        {\n            \"role\": \"user\",\n            \"content\": \"While solving this problem, what assumptions or predictions are you making? How do you decide on the next steps?\"\n        },\n        {\n            \"role\": \"assistant\",\n            \"content\": \"I assume that the number line is accurately marked and that I can visually identify each section as subdivided correctly. I predict that my count of the smaller ticks will lead me to the correct position of 0.093 on the line. After determining that 0.093 is between 0.09 and 0.1, I decide to count the subdivisions to the right of 0.09. If I accurately move three ticks to the right, I believe this will lead me directly to the location of 0.093. This logical progression enables me to approach the next step with confidence.\"\n        },\n        {\n            \"role\": \"user\",\n            \"content\": \"Did you encounter any challenges or notice any potential errors during your process? If so, how did you identify them?\"\n        },\n        {\n            \"role\": \"assistant\",\n            \"content\": \"A potential challenge I faced was the precision needed when estimating the subdivisions between 0.09 and 0.1. It's easy to miscount or lose track of my position as the tick marks get smaller and more crowded. I identified this challenge by taking a moment to double-check my counting and ensuring I was in the right area between the two tenths. My familiarity with the decimal places also helped me recognize the small increments that I needed to focus on.\"\n        },\n        {\n            \"role\": \"user\",\n            \"content\": \"Once you identified an error or challenge, how did you go about correcting it? What steps did you take to ensure the solution was accurate?\"\n        },\n        {\n            \"role\": \"assistant\",\n            \"content\": \"Once I recognized the challenge of accurately counting the tick marks, I paused and retraced my steps on the number line. I made sure to carefully count each subdivision rather than relying on memory alone. Utilizing a finger or a pointer to mark the progress also helped me keep track without losing my place. After counting to the third tick mark from 0.09, I verified my position by ensuring it aligns with the known decimal of 0.093, confirming that my placement was correct. This methodical approach ensured that my final answer was accurate.\"\n        }\n    ]\n}\n```"
}