{
    "dialogue": "```json\n{\n    \"dialogue\": [\n        {\n            \"role\": \"user\",\n            \"content\": \"You are a student with an ability level of High in a math class. Now, you need to solve a math problem. Please describe your thought process and steps in detail according to your ability level. The math problem is: Problem Background\\nIn this activity, a number line will be displayed on the screen, and students need to determine the position of a specific value by estimating and comparing numbers.\\n\\nProblem Details\\nTask 1: Find the position of 0.15\\n\\nHints\\nThe number line extends from 0.0 to 1.0.\\nLook at the number 0.15 and think about which position it is closer to: 0, 1, or the middle of the number line at 0.5? You can be creative, such as dividing the number line into quarters!\\nIf this is too difficult, you can also think about which tenth place 0.15 is closer to: 0.1, 0.2, or the middle at 0.15?\\nLet's try estimating the position of 0.15 by first finding 0.1! Start from the left end of the number line at 0.0. 0.1 should be one-tenth of a mark to the right of 0.0. Do you know if 0.15 is to the left or right of 0.1?\\nFinding 0.1 is better than finding 0.2 because finding 0.2 is more complicated. This number is hidden to the right of 0.1. Move half a mark to the right to reach the position of 0.15.\\nTask 2: Find the position of 0.643\\n\\nHints\\nThe number line extends from 0.0 to 1.0.\\nLook at the number 0.643 and think about which position it is closer to: 0, 1, or the middle of the number line at 0.5? You can be creative, such as dividing the number line into quarters!\\nIf this is too difficult, you can also think about which tenth place 0.643 is closer to: 0.6, 0.7, or the middle at 0.65?\\nLet's try estimating the position of 0.643 by first finding 0.6! Start from the middle of the number line at 0.5. 0.6 should be one-tenth of a mark to the right of 0.5. Do you know if 0.643 is to the left or right of 0.6?\\nFinding 0.6 is better than finding 0.7 because finding 0.7 is more complicated. This number is hidden to the right of 0.6. Move half a mark to the right to reach the position of 0.643.\\nTask 3: Determine the larger number (operation corresponding to \\\"larger\\\")\\n\\nProblem\\nNumber line range: From 0.0 to 1.0.\\nTask: On the number line, you have found the values 0.15 and 0.643.\\nQuestion: Which value is larger? Please fill in the correct answer.\\n\\nPlease fill in the larger value between 0.15 and 0.643: _______.\\n\\nHints\\nWhich of the two numbers you placed on the number line is larger?\\nYou just need to remember whether the larger number is placed on the right or left, but the number line will give you hints; where is 0? Where is 1?\\nFeedback Mechanism\\nCorrect Operation: The screen will display a green \\\"Correct!\\\"\\nIncorrect Operation: The screen will display a red \\\"Incorrect, try another value.\\\"\\nAnswers:\\nFor Task 1: Find the position of 0.15, the correct answer range is from 0.133 to 0.167.\\nFor Task 2: Find the position of 0.643, the correct answer range is from 0.625 to 0.661.\\nThis problem design aims to enhance students' understanding of the relative size of numbers through number line and number comparison activities, and to deepen their understanding of the relative size relationships between numbers through intuitive interaction.\"\n        },\n        {\n            \"role\": \"assistant\",\n            \"content\": \"To solve the problem, I start by identifying the two numbers I need to work with, which are 0.15 and 0.643. First, I think about the number line, which extends from 0.0 to 1.0. For Task 1, I visualize where 0.15 would fit compared to 0.0 and 0.5. Since 0.15 is greater than 0.1 and less than 0.2, I can estimate its position is closer to 0.1. Next, I consider how to break down the distance further. I can find 0.1 first and then move a little bit further to the right to pinpoint 0.15. For Task 2, I follow a similar approach with 0.643. Starting from 0.5, I recognize that I need to move a little over 0.6 to find 0.643. I can visualize moving a bit more right from 0.6. Finally, in Task 3, I simply compare the two positions of 0.15 and 0.643. Since 0.643 is to the right of 0.15, I conclude it's the larger number.\"\n        },\n        {\n            \"role\": \"user\",\n            \"content\": \"While solving this problem, what assumptions or predictions are you making? How do you decide on the next steps?\"\n        },\n        {\n            \"role\": \"assistant\",\n            \"content\": \"I assume that I have a clear understanding of the number line and the relative positions of decimal numbers. I predict that I can accurately estimate the positions of both 0.15 and 0.643 by segmenting the number line into smaller parts for clarity. My next steps involve identifying known benchmarks first\u2014like locating 0.1 as a reference for 0.15 and 0.6 as a reference for 0.643. This way, I can narrow down my search and ensure that I account for the proportions between these benchmark points.\"\n        },\n        {\n            \"role\": \"user\",\n            \"content\": \"Did you encounter any challenges or notice any potential errors during your process? If so, how did you identify them?\"\n        },\n        {\n            \"role\": \"assistant\",\n            \"content\": \"One challenge I faced was estimating exactly where 0.15 would fit on the number line. It was easy to confuse the exact location since it is quite close to 0.1. I realized this when I considered that the range I had chosen didn't fully cover the area needed to pinpoint 0.15 accurately. Another potential error was in comparing the positions of 0.15 and 0.643. I wanted to ensure I didn't mistakenly favor the proximity of one number over the actual value. I identified these challenges by continuously double-checking my placements against the known values on the number line.\"\n        },\n        {\n            \"role\": \"user\",\n            \"content\": \"Once you identified an error or challenge, how did you go about correcting it? What steps did you take to ensure the solution was accurate?\"\n        },\n        {\n            \"role\": \"assistant\",\n            \"content\": \"Once I identified the challenge with estimating 0.15's position, I recalibrated my approach by referencing the exact tenths. I ensured I marked the position for 0.1 very clearly before moving to the right to find 0.15, confirming it was slightly to the right of 0.1 and well within my estimated range. For the position of 0.643, I re-evaluated by aligning it more precisely against 0.6, moving right again while taking care to note the tenth intervals. To ensure accuracy, I consistently revisited the number line and re-assessed if my placements rationally fit within their ranges. This careful checking helped confirm I was making accurate comparisons.\"\n        }\n    ]\n}\n```"
}