{
    "dialogue": "```json\n{\n    \"dialogue\": [\n        {\n            \"role\": \"user\",\n            \"content\": \"You are a student with an ability level of High in a math class. Now, you need to solve a math problem. Please describe your thought process and steps in detail according to your ability level. The math problem is: Problem Background\\nIn this activity, a number line will be displayed on the screen, and students need to determine the position of a specific value by estimating and comparing numbers.\\n\\nProblem Details\\nTask 1: Find the position of 0.349\\n\\nHints\\n\\nThe number line extends from 0.0 to 1.0.\\nLook at the number 0.349 and think about which position it is closer to: 0, 1, or the middle of the number line at 0.5? You can be creative, such as dividing the number line into quarters!\\nIf this is too difficult, you can also think about which tenth place 0.349 is closer to: 0.3, 0.4, or the middle at 0.35?\\nLet's try estimating the position of 0.349 by first finding 0.3! Finding 0.3 is somewhat difficult, but do you know that one-third of the number line is 0.333? This is very close to 0.349! Imagine the number line is divided into three large, imaginary parts, then count one large, imaginary part to the right from 0.0 to reach 0.333.\\nAlmost there! This number is to the right of 0.333, which is one-third of the number line. Move less than 0.02, which is less than a full mark, to the right to reach 0.349.\\nTask 2: Find the position of 0.893\\n\\nHints\\n\\nThe number line extends from 0.0 to 1.0.\\nLook at the number 0.893 and think about which position it is closer to: 0, 1, or the middle of the number line at 0.5? You can be creative, such as dividing the number line into quarters!\\nIf this is too difficult, you can also think about which tenth place 0.893 is closer to: 0.8, 0.9, or the middle at 0.85?\\nLet's try estimating the position of 0.893 by first finding 0.9! Finding 0.9 is somewhat difficult, but do you know that nine-tenths of the number line is 0.9? This is very close to 0.893! Imagine the number line is divided into ten parts, then count nine large, imaginary parts to the right from 0.0.\\nAlmost there! This number is to the left of 0.9, which is nine-tenths of the number line. Move less than a full mark to the left to reach 0.893.\\nTask 3: Determine the larger number (operation corresponding to \\\"larger\\\")\\n\\nProblem\\nNumber line range: From 0.0 to 1.0.\\nTask: On the number line, you have found the values 0.349 and 0.893.\\nQuestion: Which value is larger? Please fill in the correct answer.\\n\\nPlease fill in the larger value between 0.349 and 0.893: _______.\\n\\nHints\\n\\nWhich of the two numbers you placed on the number line is larger?\\nYou just need to remember whether the larger number is placed on the right or left, but the number line will give you hints; where is 0? Where is 1?\\nFeedback Mechanism\\nCorrect Operation: The screen will display a green \\\"Correct!\\\"\\nIncorrect Operation: The screen will display a red \\\"Incorrect, try another value.\\\"\\nAnswers:\\nTask 1 (Find the position of 0.349): The correct answer range is from 0.331 to 0.367.\\nTask 2 (Find the position of 0.893): The correct answer range is from 0.875 to 0.91.\\n\\nThis problem design aims to enhance students' understanding of the relative size of numbers through number line and number comparison activities, and to deepen their understanding of the relative size relationships between numbers through intuitive interaction..Ability level classification criteria:\\nLow-level students typically understand math problems slowly and need more time and help to solve them.\\nMedium-level students have a good understanding of math problems and can independently solve most problems.\\nHigh-level students quickly understand math problems, can efficiently solve complex problems, and can provide multiple solutions.\"\n        },\n        {\n            \"role\": \"assistant\",\n            \"content\": \"First, I read through the problem description and the hints provided for each task. The problem involves finding the position of specific numbers on a number line, as well as comparing the size of two numbers.\\n\\nFor the first task, I focused on finding the position of 0.349 on the number line. The hint suggested considering where 0.349 is closer to, whether it's closer to 0, 1, or the middle point 0.5. I thought about dividing the number line into quarters to help me estimate the location of 0.349. After considering the hint, I realized that 0.349 is very close to 0.333, which is one-third of the number line. This guided my estimation to move slightly to the right to find the correct position.\\n\\nNext, for the second task, I approached finding the position of 0.893 on the number line. Similar to the first task, I considered the proximity of 0.893 to 0.8 and 0.9 as well as the midpoint. I visualized the number line divided into ten parts, determining that 0.893 is just before 0.9 and estimated my position accordingly.\\n\\nFinally, I compared 0.349 and 0.893 in Task 3. Knowing that the number line shows larger numbers to the right, it was clear that 0.893 was larger than 0.349.\"\n        },\n        {\n            \"role\": \"user\",\n            \"content\": \"While solving this problem, what assumptions or predictions are you making? How do you decide on the next steps?\"\n        },\n        {\n            \"role\": \"assistant\",\n            \"content\": \"While solving the problem, I made assumptions about the linearity of the number line, which helps me relate decimal values to their positions accurately. For instance, I assumed that the placement of numbers follows the general rule that numbers further right are larger. This assumption guided my decision-making process as I calculated where to place each number.\\n\\nIn deciding the next steps, I would focus on determining which reference points were useful for each task, such as starting from 0.5 for Task 1 and 0.9 for Task 2. My predictions on how far I needed to move from each reference point depended on the hints provided in the problem and my understanding of decimal values.\"\n        },\n        {\n            \"role\": \"user\",\n            \"content\": \"Did you encounter any challenges or notice any potential errors during your process? If so, how did you identify them?\"\n        },\n        {\n            \"role\": \"assistant\",\n            \"content\": \"Yes, I encountered challenges, particularly when estimating the exact positioning of 0.349 and 0.893 on the number line. Initially, I had trouble visualizing the small increments between the reference points. I identified potential errors when my placements did not align with my expectations of their size relationships. For example, if I thought 0.349 should be closer to 0.3 than it actually was, it indicated a misunderstanding of the number's value and spacing.\"\n        },\n        {\n            \"role\": \"user\",\n            \"content\": \"Once you identified an error or challenge, how did you go about correcting it? What steps did you take to ensure the solution was accurate?\"\n        },\n        {\n            \"role\": \"assistant\",\n            \"content\": \"Upon identifying my errors, I took a step back to reassess my placements on the number line. I reviewed the reference points I had set, ensuring that I correctly identified the increments between them. For example, I counted the intervals between 0.3 and 0.4, realizing where 0.349 fit in that range.\\n\\nTo ensure accuracy, I recalibrated my understanding of the decimal values by visualizing them in parts; I even mentally divided segments of the line if needed. Additionally, I double-checked the placement of 0.893 by considering it in relation to 0.9 and confirming that it was indeed just slightly less. By solidifying my mental map of the number line, I corrected my placements and confidently finalized my answers.\"\n        }\n    ]\n}\n```"
}