{
    "dialogue": "```json\n{\n    \"dialogue\": [\n        {\n            \"role\": \"user\",\n            \"content\": \"You are a student with an ability level of High in a math class. Now, you need to solve a math problem. Please describe your thought process and steps in detail according to your ability level. The math problem is: Problem Background\\nIn this activity, a number line will be displayed on the screen, and students need to determine the position of a specific value by estimating and comparing numbers.\\n\\nProblem Details\\nTask 1: Find the position of 0.097\\n\\nHints\\n\\nThe number line extends from 0.0 to 1.0.\\nThink about which number 0.097 is closer to: 0, 1, or the middle of the number line at 0.5? You can be creative, such as dividing the number line into quarters!\\nIf this is too difficult, you can also think about which tenth place 0.097 is closer to: 0, 0.1, or the middle at 0.05?\\nNote that this number is very close to 0.1. Therefore, once you estimate the position of 0.1, it's already a good estimate! Then move slightly to the left to reach the position of 0.097.\\nLet's try estimating the position of 0.097 by first finding 0.1! Start from the left end of the number line at 0.0. 0.1 should be one-tenth of a mark to the right of 0.0. Do you know if 0.097 is to the left or right of 0.1? Should you move left or right?\\nTask 2: Find the position of 0.9\\n\\nHints\\n\\nThe number line extends from 0.0 to 1.0.\\nLook at the number 0.9 and think about which position it is closer to: 0, 1, or the middle of the number line at 0.5? You can be creative, such as dividing the number line into quarters!\\n0.9 is very close to 1, which is the right end of the number line.\\nHow would you estimate the position of 0.9 starting from 1? Should you move left or right? How much should you move?\\nTo find the position of 0.9, first reach the right end of the number line at 1, then move one-tenth of a mark to the left to reach the position of 0.9!\\nTask 3: Compare the sizes of 0.097 and 0.9\\n\\nProblem\\nNumber line range: From 0.0 to 1.0.\\nTask: On the number line, you have found the values 0.097 and 0.9.\\nQuestion: Which value is larger? Please fill in the correct answer.\\n\\nPlease fill in the larger value between 0.097 and 0.9: _______.\\n\\nHints\\n\\nWhich of the two numbers you placed on the number line is larger?\\nYou just need to remember whether the larger number is placed on the right or left, but the number line will give you hints; where is 0? Where is 1?\\nFeedback Mechanism\\nCorrect Operation: The screen will display a green \\\"Correct!\\\"\\nIncorrect Operation: The screen will display a red \\\"Incorrect, try another value.\\\"\\nAnswers:\\nTask 1 (Find the position of 0.097): The correct answer range is from 0.079 to 0.1.\\nTask 2 (Find the position of 0.9): The correct answer range is from 0.882 to 0.918.\\n\\nThis problem design aims to enhance students' understanding of the relative size of numbers through number line and number comparison activities, and to deepen their understanding of the relative size relationships between numbers through intuitive interaction..Ability level classification criteria:\\nLow-level students typically understand math problems slowly and need more time and help to solve them.\\nMedium-level students have a good understanding of math problems and can independently solve most problems.\\nHigh-level students quickly understand math problems, can efficiently solve complex problems, and can provide multiple solutions.\"\n        },\n        {\n            \"role\": \"assistant\",\n            \"content\": \"To solve this problem, I start by understanding the layout of the number line from 0.0 to 1.0. I analyze the first task of finding 0.097. I note that 0.097 is slightly over 0.09 but is less than 0.1. To estimate its position, I recognize it\u2019s useful to find 0.1 first, which I know is 1/10 of the way along the number line. Considering the number line divided into quartiles and tenths helps me to visualize its relative position. Once I pinpoint 0.1, I would then need to move slightly to the left to find 0.097.\\n\\nFor the second task, I focus on finding 0.9. I realize 0.9 is very close to the end of the number line at 1.0. I would start from 1.0 and move one-tenth to the left to locate 0.9.\\n\\nFinally, I prepare to compare the two numbers established on the number line positions. I know that the number further right on the line is larger, therefore it becomes evident that 0.9 is larger than 0.097. I can confirm those placements and comparisons are accurate based on the insights I've gained.\"\n        },\n        {\n            \"role\": \"user\",\n            \"content\": \"While solving this problem, what assumptions or predictions are you making? How do you decide on the next steps?\"\n        },\n        {\n            \"role\": \"assistant\",\n            \"content\": \"While solving this problem, I make several assumptions about the nature of the number line. I assume that it is uniformly divided, allowing for accurate estimations of decimal values. I predict that the distance between increments is consistent, which will help me accurately locate 0.097 and 0.9. When deciding my next steps, I prioritize identifying reference points on the number line, such as 0.0, 0.5, and 1.0. From these benchmarks, I can estimate where the numbers I'm looking for will lie. For each task, I plan to first confirm the closest reference point and then measure the relative distance needed to find the specific number.\"\n        },\n        {\n            \"role\": \"user\",\n            \"content\": \"Did you encounter any challenges or notice any potential errors during your process? If so, how did you identify them?\"\n        },\n        {\n            \"role\": \"assistant\",\n            \"content\": \"Yes, I did encounter some challenges while placing the numbers accurately on the number line. At first, I hesitated about how close 0.097 was to 0.1. My initial placement of these decimals was slightly off because I didn\u2019t visualize the increments accurately for smaller values. I noticed this when I realized that my estimated location for 0.097 was too far from 0.1, so I had to revisit the task. I identified potential errors by constantly comparing my placements to known decimal values and realizing which numbers should be to the left or right of others.\"\n        },\n        {\n            \"role\": \"user\",\n            \"content\": \"Once you identified an error or challenge, how did you go about correcting it? What steps did you take to ensure the solution was accurate?\"\n        },\n        {\n            \"role\": \"assistant\",\n            \"content\": \"Once I identified my error in estimating the position of 0.097, I took specific steps to correct it. First, I took a moment to reevaluate the number line, ensuring that I clearly marked out the positions of 0.0, 0.1, and also 0.090. I understood that I needed to shift my estimation slightly to the left of 0.1 to accurately position 0.097. Next, I repeated the placement process with the decrements in mind, thinking of 0.097 as being very close to 0.1. This visual reassessment and more careful consideration of the values helped me ensure that I correctly identified both 0.097 and 0.9 in future attempts, leading to accurate conclusions.\"\n        }\n    ]\n}\n```"
}