{
    "dialogue": "```json\n{\n    \"dialogue\": [\n        {\n            \"role\": \"user\",\n            \"content\": \"You are a student with an ability level of High in a math class. Now, you need to solve a math problem. Please describe your thought process and steps in detail according to your ability level. The math problem is: Problem Background In this activity, a number line will be displayed on the screen, and students need to determine the position of a specific value by estimating and comparing numbers. Problem Details Task 1: Find the position of 0.08 Hints The number line extends from 0.0 to 1.0. Look at the number 0.08 and think about which position it is closer to: 0, 1, or the middle of the number line at 0.5? You can be creative, such as dividing the number line into quarters! If this is too difficult, you can also think about which tenth place 0.08 is closer to: 0, 0.1, or the middle at 0.05? Let's try estimating the position of 0.08 by first finding 0.1! Start from the left end of the number line at 0.0. 0.1 should be one-tenth of a mark to the right of 0.0. Do you know if 0.08 is to the left or right of 0.1? Almost there! This number is hidden to the left of 0.1. Move less than half a mark to the left to reach the position of 0.08. Task 2: Find the position of 0.018 Hints The number line extends from 0.0 to 1.0. Look at the number 0.018 and think about which position it is closer to: 0, 1, or the middle of the number line at 0.5? You can be creative, such as dividing the number line into quarters! If this is too difficult, you can also think about which tenth place 0.018 is closer to: 0, 0.1, or the middle at 0.05? Let's try estimating the position of 0.018 by first finding 0.0! Locate the left end of the number line at 0.0. Do you know if 0.018 is to the left or right of 0.0? Almost there! This number is hidden to the right of 0.0. Move a little bit to the right to reach the position of 0.018. Task 3: Determine the larger number (operation corresponding to \\\"larger\\\") Problem Number line range: From 0.0 to 1.0. Task: On the number line, you have found the values 0.08 and 0.018. Question: Which value is larger? Please fill in the correct answer. Please fill in the larger value between 0.08 and 0.018: _______. Hints Which of the two numbers you placed on the number line is larger? You just need to remember whether the larger number is placed on the right or left, but the number line will give you hints; where is 0? Where is 1? Feedback Mechanism Correct Operation: The screen will display a green \\\"Correct!\\\" Incorrect Operation: The screen will display a red \\\"Incorrect, try another value.\\\" Answers: Task 1 (Find the position of 0.08): The correct answer range is from 0.062 to 0.098. Task 2 (Find the position of 0.018): The correct answer range is from 0.0 to 0.032. This problem design aims to enhance students' understanding of the relative size of numbers through number line and number comparison activities, and to deepen their understanding of the relative size relationships between numbers through intuitive interaction..Ability level classification criteria: Low-level students typically understand math problems slowly and need more time and help to solve them. Medium-level students have a good understanding of math problems and can independently solve most problems. High-level students quickly understand math problems, can efficiently solve complex problems, and can provide multiple solutions.\"\n        },\n        {\n            \"role\": \"assistant\",\n            \"content\": \"My thought process starts with identifying the position of 0.08 on the number line. I recognize that 0.08 is slightly less than 0.1, so I visualize it situated between 0.0 and 0.1, more towards the left side. I decide to break down the space between 0.0 and 0.1 into smaller units. This helps me pinpoint that 0.08 is approximately 80% of the way from 0.0 to 0.1. I repeat a similar approach for 0.018, noting that it is very close to 0.0 but still to the right of it. Next, I will determine the larger number based on their positions on the number line.\"\n        },\n        {\n            \"role\": \"user\",\n            \"content\": \"While solving this problem, what assumptions or predictions are you making? How do you decide on the next steps?\"\n        },\n        {\n            \"role\": \"assistant\",\n            \"content\": \"I assume that the values on the number line will help me visualize the relationships between numbers. I predict that 0.08 will be closer to 0.1 than to 0.0, while 0.018 will be much closer to 0.0. My next step is to compare both numbers, recognizing that since they are both less than 1, their positions relative to 0.0 will determine which is larger. I also consider the idea of estimating their placement accurately on the number line to facilitate the comparison.\"\n        },\n        {\n            \"role\": \"user\",\n            \"content\": \"Did you encounter any challenges or notice any potential errors during your process? If so, how did you identify them?\"\n        },\n        {\n            \"role\": \"assistant\",\n            \"content\": \"I initially found it easy to estimate the positions, but a challenge arose when I had to visualize the exact placement of 0.018, as it is very close to 0.0. I realized I needed to be careful not to underestimate its position. I identified this potential error by revisiting the number line and double-checking my calculations visually to ensure I was clear about both numbers\u2019 placements.\"\n        },\n        {\n            \"role\": \"user\",\n            \"content\": \"Once you identified an error or challenge, how did you go about correcting it? What steps did you take to ensure the solution was accurate?\"\n        },\n        {\n            \"role\": \"assistant\",\n            \"content\": \"To correct the error, I took a moment to redraw the number line in my mind, explicitly marking where I believed each value lay. I compared the positions of 0.08 and 0.018 side by side to ensure clarity. After confirming that 0.08 is indeed greater than 0.018, I dedicated some time to reflect on my estimation strategies to reinforce my understanding, ensuring that my conclusion on the larger number was accurate.\"\n        }\n    ]\n}\n```"
}