{
    "dialogue": "```json\n{\n    \"dialogue\": [\n        {\n            \"role\": \"user\",\n            \"content\": \"You are a student with an ability level of High in a math class. Now, you need to solve a math problem. Please describe your thought process and steps in detail according to your ability level. The math problem is: Problem Background In this activity, a number line will be displayed on the screen, and students need to determine the position of a specific value by estimating and comparing numbers.\\n\\nProblem Details Task 1: Find the position of 0.72\\n\\nHints\\n\\nThe number line extends from 0.0 to 1.0. Look at the number 0.72 and think about which position it is closer to: 0, 1, or the middle of the number line at 0.5? You can be creative, such as dividing the number line into quarters! If this is too difficult, you can also think about which tenth place 0.72 is closer to: 0.7, 0.8, or the middle at 0.75? Finding 0.7 is tricky, but do you know that the three-quarter position of the number line is 0.75? This is very close to 0.72! Imagine the number line is divided into four parts, then count three large, imaginary sections to the right from 0.0. Almost there! This number is hidden to the left of 0.75, which is three-quarters of the number line. Move less than half a mark to the left to reach 0.72.\\nTask 2: Find the position of 0.084\\n\\nHints\\n\\nThe number line extends from 0.0 to 1.0. Look at the number 0.084 and think about which position it is closer to: 0, 1, or the middle of the number line at 0.5? You can be creative, such as dividing the number line into quarters! If this is too difficult, you can also think about which tenth place 0.084 is closer to: 0, 0.1, or the middle at 0.05? Let's try estimating the position of 0.084 by first finding 0.1! Finding 0.1 is somewhat difficult, but do you know that one-tenth of the number line is 0.1? This is very close to 0.084! Imagine the number line is divided into ten parts, then count one large, imaginary section to the right from 0.0. Almost there! This number is hidden to the left of 0.1, which is one-tenth of the number line. Move less than a full mark to the left to reach 0.084. Task 3: Determine the larger number (operation corresponding to \\\"larger\\\")\\n\\nProblem Number line range: From 0.0 to 1.0. Task: On the number line, you have found the values 0.72 and 0.084. Question: Which value is larger? Please fill in the correct answer.\\n\\nPlease fill in the larger value between 0.72 and 0.084: _______.\\n\\nHints\\n\\nWhich of the two numbers you placed on the number line is larger? You just need to remember whether the larger number is placed on the right or left, but the number line will give you hints; where is 0? Where is 1? Feedback Mechanism Correct Operation: The screen will display a green \\\"Correct!\\\" Incorrect Operation: The screen will display a red \\\"Incorrect, try another value.\\\" Answers: Task 1 (Find the position of 0.72): The correct answer range is from 0.702 to 0.738. Task 2 (Find the position of 0.084): The correct answer range is from 0.066 to 0.102.\\n\\nThis problem design aims to enhance students' understanding of the relative size of numbers through number line and number comparison activities, and to deepen their understanding of the relative size relationships between numbers through intuitive interaction.\"\n        },\n        {\n            \"role\": \"assistant\",\n            \"content\": \"To tackle this problem, I begin by visualizing the number line stretching from 0.0 to 1.0. For the first task of locating 0.72, I note that it is closer to 0.75 than to 0.7, so I will focus on that section of the line. I can divide the line into four segments to aid my estimation, identifying that 0.75 is three-quarters of the way along, and since 0.72 is slightly less, I narrow down the area further.\\n\\nFor the second task, finding 0.084, I recognize this number is quite close to 0.1 but also less than 0.05. Again, I will think of dividing the line, but this time perhaps into ten parts, since that seems more relevant here, where each tenth corresponds to 0.1, 0.2, and so on. This helps me pinpoint where 0.084 sits, just to the left of 0.1.\\n\\nFinally, I have to compare 0.72 and 0.084. Clearly, since 0.72 is near 0.75 and well past 0.1 on the number line, I conclude that 0.72 is the larger of the two.\"\n        },\n        {\n            \"role\": \"user\",\n            \"content\": \"While solving this problem, what assumptions or predictions are you making? How do you decide on the next steps?\"\n        },\n        {\n            \"role\": \"assistant\",\n            \"content\": \"I assume that the number line will effectively help me visualize the relationship between the numbers, allowing me to make accurate comparisons. While estimating the positions, I predict that using fractions and segments will simplify the process. After deciding on the segments, my next step is to plot each number based on my understanding of their decimal values relative to the segments of the number line. This approach guides my estimation of where exactly each number lies.\"\n        },\n        {\n            \"role\": \"user\",\n            \"content\": \"Did you encounter any challenges or notice any potential errors during your process? If so, how did you identify them?\"\n        },\n        {\n            \"role\": \"assistant\",\n            \"content\": \"Yes, I did face a challenge particularly with estimating the position of 0.084 since it is quite close to 0.1. I realized that I needed to be careful not to overestimate its position; getting directly to 0.1 meant I could easily skip past it. I identified this potential error when I recognized my preliminary estimate was leaning too far to the right. Reflecting on where other decimal values are located on the line was crucial in recalibrating my estimate.\"\n        },\n        {\n            \"role\": \"user\",\n            \"content\": \"Once you identified an error or challenge, how did you go about correcting it? What steps did you take to ensure the solution was accurate?\"\n        },\n        {\n            \"role\": \"assistant\",\n            \"content\": \"To correct my estimation for locating 0.084, I retraced my steps by re-evaluating the entire range between 0.0 and 0.1. I divided this segment into even smaller parts\u2014tenths\u2014to get a clearer view. This segmentation allowed me to more accurately position 0.084 as just a little less than 0.1, rather than further to the right. I made sure to check the relative positions of both numbers again, reaffirming that my understanding of which value was larger was accurate before finalizing my answer.\"\n        }\n    ]\n}\n```"
}