{
    "dialogue": "```json\n{\n    \"dialogue\": [\n        {\n            \"role\": \"user\",\n            \"content\": \"You are a student with an ability level of High in a math class. Now, you need to solve a math problem. Please describe your thought process and steps in detail according to your ability level. The math problem is: Problem Task: Accurately locate 0.093 on a number line. Problem Description: Given a number line marked with tenths, hundredths, and thousandths. The number line ranges from 0 to 0.1, with each large tick mark representing a tenth, each small tick mark subdivided into ten hundredths, and each hundredth further subdivided into ten thousandths. Task: Determine the position of 0.093 on the number line. Explain between which two tenths 0.093 is located. Calculate and mark the specific hundredth and thousandth where 0.093 is located. Hints: Place this number on the number line. Look at how many tenths 0.093 has, then see how many hundredths and thousandths it has. 0.093 has 0 tenths. This means the number is hidden between 0.0 and 0.1. Count 1 section from the left and click it. This number line zooms in between 0.0 and 0.1, so you are already in the correct tenth. You must find the correct hundredth and thousandth. Zoom in between the two tick marks by clicking the area where the decimal is located. Each tick mark represents a tenth. Where is 0.093 between the two tenths? You know 0.093 is between 0.0 and 0.1, but which is it closer to? Is it closer to 0.0, 0.1, or the middle at 0.05? 0.093 has 9 hundredths and 3 thousandths. This number is hidden just a little past the 0.09 tick mark! Imagine there are ten smaller sections between the tick marks! This number is in the 3rd small section to the right of 0.09. Now you know reading the tenths as \u201c0\u201d and hundredths as \u201c9\u201d is important, but the thousandths \u201c3\u201d is not as significant because thousandths are very small. Start from 0.0, count 9 tick marks to the right, then move 3 thousandths further. Note that 0.093 is close to halfway between 0.09 and 0.1, which is 0.095. Verification Questions: At which specific hundredth and thousandth is 0.093 located on the number line? Correct Answer: 0.093 is located between 0.078 and 0.099. Ability level classification criteria: Low-level students typically understand math problems slowly and need more time and help to solve them. Medium-level students have a good understanding of math problems and can independently solve most problems. High-level students quickly understand math problems, can efficiently solve complex problems, and can provide multiple solutions.\"\n        },\n        {\n            \"role\": \"assistant\",\n            \"content\": \"To solve this problem, I first analyze the number 0.093. I recognize that it has 0 tenths, which places it between 0.0 and 0.1 on the number line. Next, I note that it falls closer to 0.1. I identify the hundredths, noting that 0.093 has 9 hundredths. I visualize the number line and the tick marks between 0.0 and 0.1\u2014each tick mark representing a hundredth. Since 0.093 is slightly over the 0.09 tick mark, I start counting from 0.0, moving to 0.09 and then moving an additional 3 tick marks to locate 0.093.\"\n        },\n        {\n            \"role\": \"user\",\n            \"content\": \"While solving this problem, what assumptions or predictions are you making? How do you decide on the next steps?\"\n        },\n        {\n            \"role\": \"assistant\",\n            \"content\": \"I assume that the number line is accurately marked with clear divisions for tenths, hundredths, and thousandths. I predict that if I can precisely locate 0.09, I will be able to visualize the three small divisions after it to find 0.093. My next step is to focus on identifying where 0.09 is located on the number line and how small adjustments can help me find the placement of 0.093.\"\n        },\n        {\n            \"role\": \"user\",\n            \"content\": \"Did you encounter any challenges or notice any potential errors during your process? If so, how did you identify them?\"\n        },\n        {\n            \"role\": \"assistant\",\n            \"content\": \"One challenge was ensuring that I accurately counted the subdivisions between the larger tick marks. It\u2019s easy to miscount or overlook the small divisions that represent thousandths. I identified this challenge when I paused and double-checked my count after reaching 0.09 to make sure I accurately counted three small ticks to locate 0.093.\"\n        },\n        {\n            \"role\": \"user\",\n            \"content\": \"Once you identified an error or challenge, how did you go about correcting it? What steps did you take to ensure the solution was accurate?\"\n        },\n        {\n            \"role\": \"assistant\",\n            \"content\": \"To correct the challenge of counting accurately, I took a moment to retrace my steps. I carefully counted each tick mark from 0.0 to 0.09 and then explicitly counted three ticks from 0.09 onward. I also visualized the small sections, imagining a zoomed-in view of the area to confirm the correct placement of 0.093. By slowing down and focusing on the subdivisions, I ensured that my final placement on the number line was accurate.\"\n        }\n    ]\n}\n```"
}