{
    "dialogue": "```json\n{\n    \"dialogue\": [\n        {\n            \"role\": \"user\",\n            \"content\": \"You are a student with an ability level of High in a math class. Now, you need to solve a math problem. Please describe your thought process and steps in detail according to your ability level. The math problem is: Problem Background\\nIn this activity, a number line will be displayed on the screen, and students need to determine the position of a specific value by estimating and comparing numbers.\\n\\nProblem Details\\nTask 1: Find the position of 0.72\\n\\nHints\\n\\nThe number line extends from 0.0 to 1.0.\\nLook at the number 0.72 and think about which position it is closer to: 0, 1, or the middle of the number line at 0.5? You can be creative, such as dividing the number line into quarters!\\nIf this is too difficult, you can also think about which tenth place 0.72 is closer to: 0.7, 0.8, or the middle at 0.75?\\nFinding 0.7 is tricky, but do you know that the three-quarter position of the number line is 0.75? This is very close to 0.72! Imagine the number line is divided into four parts, then count three large, imaginary sections to the right from 0.0.\\nAlmost there! This number is hidden to the left of 0.75, which is three-quarters of the number line. Move less than half a mark to the left to reach 0.72.\\nTask 2: Find the position of 0.084\\n\\nHints\\n\\nThe number line extends from 0.0 to 1.0.\\nLook at the number 0.084 and think about which position it is closer to: 0, 1, or the middle of the number line at 0.5? You can be creative, such as dividing the number line into quarters!\\nIf this is too difficult, you can also think about which tenth place 0.084 is closer to: 0, 0.1, or the middle at 0.05?\\nLet's try estimating the position of 0.084 by first finding 0.1! Finding 0.1 is somewhat difficult, but do you know that one-tenth of the number line is 0.1? This is very close to 0.084! Imagine the number line is divided into ten parts, then count one large, imaginary section to the right from 0.0.\\nAlmost there! This number is hidden to the left of 0.1, which is one-tenth of the number line. Move less than a full mark to the left to reach 0.084.\\nTask 3: Determine the larger number (operation corresponding to \\\"larger\\\")\\n\\nProblem\\nNumber line range: From 0.0 to 1.0.\\nTask: On the number line, you have found the values 0.72 and 0.084.\\nQuestion: Which value is larger? Please fill in the correct answer.\\n\\nPlease fill in the larger value between 0.72 and 0.084: _______.\\n\\nHints\\n\\nWhich of the two numbers you placed on the number line is larger?\\nYou just need to remember whether the larger number is placed on the right or left, but the number line will give you hints; where is 0? Where is 1?\\nFeedback Mechanism\\nCorrect Operation: The screen will display a green \\\"Correct!\\\"\\nIncorrect Operation: The screen will display a red \\\"Incorrect, try another value.\\\"\\nAnswers:\\nTask 1 (Find the position of 0.72): The correct answer range is from 0.702 to 0.738.\\nTask 2 (Find the position of 0.084): The correct answer range is from 0.066 to 0.102.\\n\\nThis problem design aims to enhance students' understanding of the relative size of numbers through number line and number comparison activities, and to deepen their understanding of the relative size relationships between numbers through intuitive interaction.\"\n        },\n        {\n            \"role\": \"assistant\",\n            \"content\": \"First, I notice that 0.72 is a decimal number between 0 and 1, which tells me it's closer to 1 than to 0. I'm going to think about where 0.72 falls on the number line, which extends from 0.0 to 1.0. Having the boundary of 0 and 1 helps me keep track of where the numbers are. I will visualize dividing the number line into segments, perhaps quarters, to help me pinpoint its position more accurately.\"\n        },\n        {\n            \"role\": \"user\",\n            \"content\": \"While solving this problem, what assumptions or predictions are you making? How do you decide on the next steps?\"\n        },\n        {\n            \"role\": \"assistant\",\n            \"content\": \"I'm assuming that since 0.72 is closer to 0.75 than to 0.7, I can predict that it will be just a little to the left of 0.75 on the number line. This guides me to decide that my next step will be to estimate its position by marking it slightly before reaching 0.75. I also consider estimating the tenths to validate these positions.\"\n        },\n        {\n            \"role\": \"user\",\n            \"content\": \"Did you encounter any challenges or notice any potential errors during your process? If so, how did you identify them?\"\n        },\n        {\n            \"role\": \"assistant\",\n            \"content\": \"One challenge I faced was ensuring that I accurately identified the fractions between the numbers. It's easy to misplace the decimals if I'm not careful. I identified this potential error by actively cross-referencing where I believed 0.72 landed compared to other decimals, especially 0.7 and 0.75.\"\n        },\n        {\n            \"role\": \"user\",\n            \"content\": \"Once you identified an error or challenge, how did you go about correcting it? What steps did you take to ensure the solution was accurate?\"\n        },\n        {\n            \"role\": \"assistant\",\n            \"content\": \"To correct any inaccuracies, I took a moment to visualize or draw the number line, dividing it into smaller increments. I then carefully reassessed my placement of 0.72, ensuring I moved only slightly to the left of 0.75 rather than a larger measure. I also cross-checked by estimating with the tenths and recalling that 0.72 should not be past the halfway point to 0.8.\"\n        }\n    ]\n}\n```"
}