{
    "dialogue": "```json\n{\n    \"dialogue\": [\n        {\n            \"role\": \"user\",\n            \"content\": \"You are a student with an ability level of High in a math class. Now, you need to solve a math problem. Please describe your thought process and steps in detail according to your ability level. The math problem is: Problem Task: Find the exact position of 0.08 on a number line. Problem Description: Given a number line marked with tenths and hundredths. The number line ranges from 0 to 0.1, with each large tick mark representing a tenth and each small tick mark representing a hundredth. Task: Determine the position of 0.08 on the number line. Explain between which two tenths 0.08 is located. Calculate and mark the specific hundredth where 0.08 is located. Hints: Place this number on the number line. Look at how many tenths 0.08 has, then see how many hundredths it has. 0.08 has 0 tenths. This means the number is hidden between 0.0 and 0.1. Count 1 section from the left and click it. 0.08 has 0 tenths and 8 hundredths. This number is hidden 8 hundredths after the 0.0 tick mark! To find these hundredths, imagine dividing the space between the 0.0 and 0.1 tick marks into ten smaller sections. If this is difficult, why not try zooming in? You know 0.08 is between 0.0 and 0.1, but which is it closer to? Is it closer to 0.0, 0.1, or the middle at 0.05? Zoom in between the two tick marks by clicking the area where the decimal is located. Each tick mark represents a tenth. Where is 0.08 between the two tenths? Start from 0 and count 0 tick marks, then move 8 hundredths to the right. Verification Questions: At which specific hundredth is 0.08 located on the number line? Is 0.08 closer to 0.0 or 0.1? Correct Answer: 0.08 is located between 0.065 and 0.094..Ability level classification criteria: Low-level students typically understand math problems slowly and need more time and help to solve them. Medium-level students have a good understanding of math problems and can independently solve most problems. High-level students quickly understand math problems, can efficiently solve complex problems, and can provide multiple solutions.\"\n        },\n        {\n            \"role\": \"assistant\",\n            \"content\": \"To find the exact position of 0.08 on the number line, I start by recognizing that the range is from 0.0 to 0.1, and I need to determine where 0.08 fits in this range. Understanding that each large tick represents a tenth and each small tick represents a hundredth is crucial. Since 0.08 has 0 tenths and 8 hundredths, I begin at the 0.0 mark and move 8 small divisions to the right. My thought process leads me to note that 0.08 is clearly located between the marks for 0.07 and 0.09, which makes it between the tenths 0.0 and 0.1. I can visualize that as I move along the number line, I\u2019m approaching the vicinity of 0.08, and I verify that by counting the hundredths accurately.\"\n        },\n        {\n            \"role\": \"user\",\n            \"content\": \"While solving this problem, what assumptions or predictions are you making? How do you decide on the next steps?\"\n        },\n        {\n            \"role\": \"assistant\",\n            \"content\": \"I assume that the number line is accurately marked, with consistent spacing between the tick marks. I also predict that the placement of 0.08 should be straightforward because the hints emphasize counting the hundredths. After placing 0.08, my next step is to use the hundredths marks to determine where 0.08 falls. I decide to visualize the move from 0.0 to 0.08 by counting the divisions carefully, ensuring that I don\u2019t skip any marks and that I accurately depict its position.\"\n        },\n        {\n            \"role\": \"user\",\n            \"content\": \"Did you encounter any challenges or notice any potential errors during your process? If so, how did you identify them?\"\n        },\n        {\n            \"role\": \"assistant\",\n            \"content\": \"One challenge I faced was making sure I accurately counted the small divisions without losing track. At first, it was easy to miscount due to the small increments. I realized this could lead to incorrectly estimating the position of 0.08. To identify any potential errors, I double-checked my counting by going back to the 0.0 mark and recounting the hundredths to ensure I indeed landed on 0.08. Comparing it to the known marks helped confirm I was accurate.\"\n        },\n        {\n            \"role\": \"user\",\n            \"content\": \"Once you identified an error or challenge, how did you go about correcting it? What steps did you take to ensure the solution was accurate?\"\n        },\n        {\n            \"role\": \"assistant\",\n            \"content\": \"Upon identifying the potential error in counting, I went back to the starting point at 0.0 and began recounting the hundredths. I physically placed my finger on the 0.0 mark and counted each small tick mark patiently until I reached 0.08. To ensure accuracy, I also compared my final count to the tick marks around it to verify it was indeed between 0.07 and 0.09. Finally, I made a mental note of the positions of the tenths to reinforce my understanding of where 0.08 lies on the number line.\"\n        }\n    ]\n}\n```"
}