{
    "dialogue": "```json\n{\n    \"dialogue\": [\n        {\n            \"role\": \"user\",\n            \"content\": \"You are a student with an ability level of High in a math class. Now, you need to solve a math problem. Please describe your thought process and steps in detail according to your ability level. The math problem is: Problem Background In this activity, a number line will be displayed on the screen, and students need to determine the position of a specific value by estimating and comparing numbers. Problem Details Task 1: Find the position of 0.08 Hints The number line extends from 0.0 to 1.0. Look at the number 0.08 and think about which position it is closer to: 0, 1, or the middle of the number line at 0.5? You can be creative, such as dividing the number line into quarters! If this is too difficult, you can also think about which tenth place 0.08 is closer to: 0, 0.1, or the middle at 0.05? Let's try estimating the position of 0.08 by first finding 0.1! Start from the left end of the number line at 0.0. 0.1 should be one-tenth of a mark to the right of 0.0. Do you know if 0.08 is to the left or right of 0.1? Almost there! This number is hidden to the left of 0.1. Move less than half a mark to the left to reach the position of 0.08. Task 2: Find the position of 0.018 Hints The number line extends from 0.0 to 1.0. Look at the number 0.018 and think about which position it is closer to: 0, 1, or the middle of the number line at 0.5? You can be creative, such as dividing the number line into quarters! If this is too difficult, you can also think about which tenth place 0.018 is closer to: 0, 0.1, or the middle at 0.05? Let's try estimating the position of 0.018 by first finding 0.0! Locate the left end of the number line at 0.0. Do you know if 0.018 is to the left or right of 0.0? Almost there! This number is hidden to the right of 0.0. Move a little bit to the right to reach the position of 0.018. Task 3: Determine the larger number (operation corresponding to \\\"larger\\\") Problem Number line range: From 0.0 to 1.0. Task: On the number line, you have found the values 0.08 and 0.018. Question: Which value is larger? Please fill in the correct answer. Please fill in the larger value between 0.08 and 0.018: _______. Hints Which of the two numbers you placed on the number line is larger? You just need to remember whether the larger number is placed on the right or left, but the number line will give you hints; where is 0? Where is 1? Feedback Mechanism Correct Operation: The screen will display a green \\\"Correct!\\\" Incorrect Operation: The screen will display a red \\\"Incorrect, try another value.\\\" Answers: Task 1 (Find the position of 0.08): The correct answer range is from 0.062 to 0.098. Task 2 (Find the position of 0.018): The correct answer range is from 0.0 to 0.032. This problem design aims to enhance students' understanding of the relative size of numbers through number line and number comparison activities, and to deepen their understanding of the relative size relationships between numbers through intuitive interaction. Ability level classification criteria: Low-level students typically understand math problems slowly and need more time and help to solve them. Medium-level students have a good understanding of math problems and can independently solve most problems. High-level students quickly understand math problems, can efficiently solve complex problems, and can provide multiple solutions.\"\n        },\n        {\n            \"role\": \"assistant\",\n            \"content\": \"To tackle the problem, I first visualize the number line from 0.0 to 1.0. For Task 1, I observe that 0.08 is less than 0.1 but more than 0, indicating it\u2019s closer to 0.1. I estimate that its position is between 0.062 and 0.098. So, I decide to look for 0.1 and move left until I reach around 0.08. For Task 2 regarding 0.018, I recognize it\u2019s near 0 but smaller than 0.05. My estimation is that it\u2019s approximately 0.018, slightly more than 0.0. For Task 3, I compare 0.08 and 0.018: since 0.08 is to the right of 0.018 on the number line, I conclude that 0.08 is larger.\"\n        },\n        {\n            \"role\": \"user\",\n            \"content\": \"While solving this problem, what assumptions or predictions are you making? How do you decide on the next steps?\"\n        },\n        {\n            \"role\": \"assistant\",\n            \"content\": \"I assume that the number line is evenly spaced and accurately represents decimal values. My first prediction is that 0.08 will be clearly marked between 0.0 and 0.1 and likewise for 0.018. After estimating their positions, I decide to check the closeness of each number to the nearest benchmarks (like 0.0, 0.1, and 0.05) before determining which is larger. For the next steps, I visualize the number line and make measurements based on my estimates to ensure that I am placing the values correctly.\"\n        },\n        {\n            \"role\": \"user\",\n            \"content\": \"Did you encounter any challenges or notice any potential errors during your process? If so, how did you identify them?\"\n        },\n        {\n            \"role\": \"assistant\",\n            \"content\": \"While estimating the positions, I initially doubted whether I was placing 0.08 properly between 0.0 and 0.1. Furthermore, 0.018 felt ambiguous as I wasn't entirely sure how to distinguish it on a less precise number line. I identified these challenges by reviewing my placements to ensure they made sense in relation to the positions of 0.1 and 0.0. Comparing these positions helped clarify any uncertainties, allowing me to spot discrepancies between my estimations and the expected intervals.\"\n        },\n        {\n            \"role\": \"user\",\n            \"content\": \"Once you identified an error or challenge, how did you go about correcting it? What steps did you take to ensure the solution was accurate?\"\n        },\n        {\n            \"role\": \"assistant\",\n            \"content\": \"Upon identifying my doubts about placing 0.08 and 0.018, I reviewed the hints provided and reassessed the distance between the marks on the number line. To correct my placement, I visualized moving from established points like 0.0 and 0.1, ensuring that I moved a little more than halfway when estimating 0.018. For both numbers, I checked that their positions closely matched the ranges I had calculated earlier. To ensure accuracy, I double-checked my reasoning and compared the values against the number line to validate the larger value chosen in Task 3.\"\n        }\n    ]\n}\n```"
}