{
    "dialogue": "```json\n{\n    \"dialogue\": [\n        {\"role\": \"user\", \"content\": \"You are a student with an ability level of High in a math class. Now, you need to solve a math problem. Please describe your thought process and steps in detail according to your ability level. The math problem is: Problem Background\\nIn this activity, a number line will be displayed on the screen, and students need to determine the position of a specific value by estimating and comparing numbers.\\n\\nProblem Details\\nTask 1: Find the position of 0.72\\n\\nHints\\n\\nThe number line extends from 0.0 to 1.0.\\nLook at the number 0.72 and think about which position it is closer to: 0, 1, or the middle of the number line at 0.5? You can be creative, such as dividing the number line into quarters!\\nIf this is too difficult, you can also think about which tenth place 0.72 is closer to: 0.7, 0.8, or the middle at 0.75?\\nFinding 0.7 is tricky, but do you know that the three-quarter position of the number line is 0.75? This is very close to 0.72! Imagine the number line is divided into four parts, then count three large, imaginary sections to the right from 0.0.\\nAlmost there! This number is hidden to the left of 0.75, which is three-quarters of the number line. Move less than half a mark to the left to reach 0.72.\\nTask 2: Find the position of 0.084\\n\\nHints\\n\\nThe number line extends from 0.0 to 1.0.\\nLook at the number 0.084 and think about which position it is closer to: 0, 1, or the middle of the number line at 0.5? You can be creative, such as dividing the number line into quarters!\\nIf this is too difficult, you can also think about which tenth place 0.084 is closer to: 0, 0.1, or the middle at 0.05?\\nLet's try estimating the position of 0.084 by first finding 0.1! Finding 0.1 is somewhat difficult, but do you know that one-tenth of the number line is 0.1? This is very close to 0.084! Imagine the number line is divided into ten parts, then count one large, imaginary section to the right from 0.0.\\nAlmost there! This number is hidden to the left of 0.1, which is one-tenth of the number line. Move less than a full mark to the left to reach 0.084.\\nTask 3: Determine the larger number (operation corresponding to \\\"larger\\\")\\n\\nProblem\\nNumber line range: From 0.0 to 1.0.\\nTask: On the number line, you have found the values 0.72 and 0.084.\\nQuestion: Which value is larger? Please fill in the correct answer.\\n\\nPlease fill in the larger value between 0.72 and 0.084: _______.\\n\\nHints\\n\\nWhich of the two numbers you placed on the number line is larger?\\nYou just need to remember whether the larger number is placed on the right or left, but the number line will give you hints; where is 0? Where is 1?\\nFeedback Mechanism\\nCorrect Operation: The screen will display a green \\\"Correct!\\\"\\nIncorrect Operation: The screen will display a red \\\"Incorrect, try another value.\\\"\\nAnswers:\\nTask 1 (Find the position of 0.72): The correct answer range is from 0.702 to 0.738.\\nTask 2 (Find the position of 0.084): The correct answer range is from 0.066 to 0.102.\\n\\nThis problem design aims to enhance students' understanding of the relative size of numbers through number line and number comparison activities, and to deepen their understanding of the relative size relationships between numbers through intuitive interaction..Ability level classification criteria:\\nLow-level students typically understand math problems slowly and need more time and help to solve them.\\nMedium-level students have a good understanding of math problems and can independently solve most problems.\\nHigh-level students quickly understand math problems, can efficiently solve complex problems, and can provide multiple solutions.\"},\n        {\"role\": \"assistant\", \"content\": \"To tackle the problem, I first visualize the number line from 0.0 to 1.0. For Task 1, I know that 0.72 is closer to 0.75 than it is to 0.7, as it lies between those two values. I divide the number line into quarters, where 0.5 is the middle point. Moving from 0.5 to the right, I can estimate that 0.72 is slightly less than three-quarters of the way to 1.0. Thus, I place 0.72 between 0.7 and 0.75, estimating it\u2019s around 0.72. For Task 2, 0.084 is certainly closer to 0.0 than to 0.1, but I still want to visualize the segments. I think about moving from 0.0 to 0.1 and see that 0.084 is a little less than one-tenth of the way. Now, for Task 3, comparing 0.72 and 0.084, there's a clear distinction as 0.72 is obviously larger.\"},\n        {\"role\": \"user\", \"content\": \"While solving this problem, what assumptions or predictions are you making? How do you decide on the next steps?\"},\n        {\"role\": \"assistant\", \"content\": \"Initially, I assume that numbers closer to 1.0 are larger and those closer to 0.0 are smaller. I predict that 0.72 is larger than 0.084 based on their proximity to the endpoints of the number line. To decide on my next steps, I focus on visualizing the number line and estimating positions accurately. My next logical steps are finding the relevant quarters or tenths on the scale to help position the numbers clearly.\"},\n        {\"role\": \"user\", \"content\": \"Did you encounter any challenges or notice any potential errors during your process? If so, how did you identify them?\"},\n        {\"role\": \"assistant\", \"content\": \"One challenge I faced was ensuring precise placement of the numbers on the number line. I initially thought that both numbers would be close to their respective tenth places. I identified a potential error when estimating positions, particularly with the smaller number, 0.084. It was helpful to double-check by recalling that 0.1 is right next to 0.084. Visualizing the spaces between the markings helped me.\"},\n        {\"role\": \"user\", \"content\": \"Once you identified an error or challenge, how did you go about correcting it? What steps did you take to ensure the solution was accurate?\"},\n        {\"role\": \"assistant\", \"content\": \"Upon identifying the potential error with the placement of 0.084, I went back to the number line visualization. I reevaluated my understanding of how far 0.084 was from 0.0 and confirmed its approximate location. I drew mental lines to highlight the distances between values 0.0, 0.1, and 0.05. This visual confirmation solidified my understanding that 0.084 needed to be placed slightly to the right of 0.0 but closer to 0.1. Finally, I verified my comparisons to ensure clarity in deciding which number was larger.\"}\n    ]\n}\n```"
}