{
    "dialogue": "```json\n{\n    \"dialogue\": [\n        {\n            \"role\": \"user\",\n            \"content\": \"You are a student with an ability level of High in a math class. Now, you need to solve a math problem. Please describe your thought process and steps in detail according to your ability level. The math problem is: Problem Background\\nIn this activity, a number line will be displayed on the screen, and students need to determine the position of a specific value by estimating and comparing numbers.\\n\\nProblem Details\\nTask 1: Find the position of 0.478\\n\\nHints\\n\\nThe number line extends from 0.0 to 1.0.\\nLook at the number 0.478 and think about which position it is closer to: 0, 1, or the middle of the number line at 0.5? You can be creative, such as dividing the number line into quarters!\\nIf this is too difficult, you can also think about which tenth place 0.478 is closer to: 0.4, 0.5, or the middle at 0.45?\\nLet's try estimating the position of 0.478 by first finding 0.5! First, find the middle of the number line at 0.5. Do you know if 0.478 is to the left or right of 0.5?\\nAlmost there! This number is hidden to the left of 0.5. Move less than half a mark to the left to reach the position of 0.478.\\nTask 2: Find the position of 0.6\\n\\nHints\\n\\nThe number line extends from 0.0 to 1.0.\\nLook at the number 0.6 and think about which position it is closer to: 0, 1, or the middle of the number line at 0.5? You can be creative, such as dividing the number line into quarters!\\n0.6 is very close to 0.5, which is the middle of the number line.\\nHow would you estimate the position of 0.6 starting from 0.5? Should you move left or right? How much should you move?\\nTo find the position of 0.6, first reach the middle of the number line at 0.5, then move one-tenth of a mark to the right to reach the position of 0.6!\\nTask 3: Compare the sizes of 0.478 and 0.6\\n\\nProblem\\nNumber line range: From 0.0 to 1.0.\\nTask: On the number line, you have found the values 0.478 and 0.6.\\nQuestion: Which value is larger? Please fill in the correct answer.\\n\\nPlease fill in the larger value between 0.478 and 0.6: _______.\\n\\nHints\\n\\nWhich of the two numbers you placed on the number line is larger?\\nYou just need to remember whether the larger number is placed on the right or left, but the number line will give you hints; where is 0? Where is 1?\\nFeedback Mechanism\\nCorrect Operation: The screen will display a green \\\"Correct!\\\"\\nIncorrect Operation: The screen will display a red \\\"Incorrect, try another value.\\\"\\nAnswers:\\nTask 1 (Find the position of 0.478): The correct answer range is from 0.46 to 0.496.\\nTask 2 (Find the position of 0.6): The correct answer range is from 0.582 to 0.618.\\n\\nThis problem design aims to enhance students' understanding of the relative size of numbers through number line and number comparison activities, and to deepen their understanding of the relative size relationships between numbers through intuitive interaction..Ability level classification criteria:\\nLow-level students typically understand math problems slowly and need more time and help to solve them.\\nMedium-level students have a good understanding of math problems and can independently solve most problems.\\nHigh-level students quickly understand math problems, can efficiently solve complex problems, and can provide multiple solutions.\"\n        },\n        {\n            \"role\": \"assistant\",\n            \"content\": \"First, I focused on understanding the tasks presented. For Task 1, I needed to find the position of 0.478 on the number line. I noted that the number line ranges from 0.0 to 1.0, and to accurately place 0.478, I considered how it compares to important reference points like 0.0, 0.5, and 1.0. I thought about the hints provided, particularly that 0.478 is less than 0.5 and looked at how I could break the number line into smaller increments, like tenths or quarters, to help navigate its position. I estimated that 0.478 would be just slightly to the left of 0.5, indicating it would range between 0.46 and 0.496.\\n\\nFor Task 2, finding the position of 0.6 was easier, as I recognized it is to the right of 0.5. I made a mental note of the need to only move one-tenth to the right to reach the position of 0.6, falling between the ranges provided in the hints. Lastly, for Task 3, I compared 0.478 and 0.6, knowing intuitively that because 0.6 is greater than 0.5, it has to be the larger number overall. My logical progression through the tasks was built on both estimation and comparison techniques.\"\n        },\n        {\n            \"role\": \"user\",\n            \"content\": \"While solving this problem, what assumptions or predictions are you making? How do you decide on the next steps?\"\n        },\n        {\n            \"role\": \"assistant\",\n            \"content\": \"While solving this problem, I assumed that number lines are linear and that the values are ordered from left to right. My prediction for each task involved understanding the relationship between the given number and key benchmarks on the number line. For example, with 0.478, I predicted it would be slightly less than halfway between 0.0 and 1.0, thus close to 0.5 but not exceeding it. This influenced my next step to first identify the vicinity of 0.5 before estimating where to place 0.478. Similarly, for 0.6, I assumed it would be just a small step to the right of 0.5, leading me to gauge my position relative to this midpoint. Overall, I based my decisions on continued assessment of how close each number was to identified increments on the number line.\"\n        },\n        {\n            \"role\": \"user\",\n            \"content\": \"Did you encounter any challenges or notice any potential errors during your process? If so, how did you identify them?\"\n        },\n        {\n            \"role\": \"assistant\",\n            \"content\": \"Yes, I faced some challenges, particularly in accurately visualizing the placement of the numbers on the number line. For instance, I had to really think about how small increments like 0.478 might fit between more recognizable fractions, which initially led me to place it inaccurately. I also hesitated when determining which of the two numbers (0.478 and 0.6) was larger, as it is easy to confuse numbers that are close together in value. I identified potential errors through self-checking against the benchmarks of 0.0, 0.5, and 1.0, as well as recalling the rules about the larger number always being to the right on the number line.\"\n        },\n        {\n            \"role\": \"user\",\n            \"content\": \"Once you identified an error or challenge, how did you go about correcting it? What steps did you take to ensure the solution was accurate?\"\n        },\n        {\n            \"role\": \"assistant\",\n            \"content\": \"Upon identifying an error, I took several corrective steps. First, I went back to read the hints again to clarify my understanding of the task, particularly on the spacing of values on the number line. I visualized the number line again, ensuring I marked key reference points like 0.0, 0.5, and 1.0 distinctly. I recalibrated my estimates by using smaller increments to articulate the exact position of 0.478 relative to 0.5. Additionally, for the comparison of 0.478 and 0.6, I examined my understanding of decimal values and confirmed that moving right on the number line represents larger numbers. This systematic review of my approach helped me to correct any placement errors and ultimately reach an accurate solution.\"\n        }\n    ]\n}\n```"
}