{
    "dialogue": "```json\n{\n    \"dialogue\": [\n        {\n            \"role\": \"user\",\n            \"content\": \"You are a student with an ability level of High in a math class. Now, you need to solve a math problem. Please describe your thought process and steps in detail according to your ability level. The math problem is: Problem Task:\\nFind the exact position of 0.08 on a number line.\\n\\nProblem Description:\\nGiven a number line marked with tenths and hundredths. The number line ranges from 0 to 0.1, with each large tick mark representing a tenth and each small tick mark representing a hundredth.\\n\\nTask:\\nDetermine the position of 0.08 on the number line.\\nExplain between which two tenths 0.08 is located.\\nCalculate and mark the specific hundredth where 0.08 is located.\\n\\nHints:\\n\\nPlace this number on the number line. Look at how many tenths 0.08 has, then see how many hundredths it has.\\n0.08 has 0 tenths. This means the number is hidden between 0.0 and 0.1. Count 1 section from the left and click it.\\n0.08 has 0 tenths and 8 hundredths. This number is hidden 8 hundredths after the 0.0 tick mark! To find these hundredths, imagine dividing the space between the 0.0 and 0.1 tick marks into ten smaller sections. If this is difficult, why not try zooming in?\\nYou know 0.08 is between 0.0 and 0.1, but which is it closer to? Is it closer to 0.0, 0.1, or the middle at 0.05?\\nZoom in between the two tick marks by clicking the area where the decimal is located. Each tick mark represents a tenth. Where is 0.08 between the two tenths?\\nStart from 0 and count 0 tick marks, then move 8 hundredths to the right.\\n\\nVerification Questions:\\n\\nAt which specific hundredth is 0.08 located on the number line?\\nIs 0.08 closer to 0.0 or 0.1?\\nCorrect Answer:\\n0.08 is located between 0.065 and 0.094..Ability level classification criteria:\\nLow-level students typically understand math problems slowly and need more time and help to solve them.\\nMedium-level students have a good understanding of math problems and can independently solve most problems.\\nHigh-level students quickly understand math problems, can efficiently solve complex problems, and can provide multiple solutions.\"\n        },\n        {\n            \"role\": \"assistant\",\n            \"content\": \"To solve the problem of finding the position of 0.08 on the number line, I first identified that 0.08 falls between the two tenths, 0.0 and 0.1. This is clear since 0.08 is less than 0.1 and greater than 0.0. Next, I focused on figuring out how many hundredths 0.08 actually has, which is 8 as indicated in the number itself. Therefore, I can visualize the number 0.08 as being positioned 8 hundredths along from the 0.0 tick mark.\\n\\nI would also take note of the scale on the number line, which breaks down the space between 0.0 and 0.1 into ten equal parts. Since I determined 0.08 is equal to 0 tenths and 8 hundredths, I would count 8 small tick marks to the right of the 0.0 mark to pinpoint its exact location.\"\n        },\n        {\n            \"role\": \"user\",\n            \"content\": \"While solving this problem, what assumptions or predictions are you making? How do you decide on the next steps?\"\n        },\n        {\n            \"role\": \"assistant\",\n            \"content\": \"One key assumption I made was that the number line is accurate and evenly divided into tenths and hundredths, which allows for precise placement of decimal values. I predicted that by identifying how many tenths and hundredths make up 0.08, I could easily plot its location on the number line.\\n\\nNext, I decided to begin with identifying the two tenths between which 0.08 lies (0.0 and 0.1). Then, I planned to break down the position into the hundredths, counting eight divisions from the 0.0 tick mark. This logical sequence helped me move confidently to where 0.08 would be located.\"\n        },\n        {\n            \"role\": \"user\",\n            \"content\": \"Did you encounter any challenges or notice any potential errors during your process? If so, how did you identify them?\"\n        },\n        {\n            \"role\": \"assistant\",\n            \"content\": \"I didn't encounter significant challenges, but I did have to ensure that I was accurately counting the hundredths. It's easy to miscount when you have many small tick marks near each other. I double-checked my counting by visualizing the number line and re-evaluating my placement of 0.08 to confirm it was indeed 8 hundredths after 0.0. If I were to make an error, it would likely be in misplacing the tick marks or miscounting, thus I always remind myself to count carefully.\"\n        },\n        {\n            \"role\": \"user\",\n            \"content\": \"Once you identified an error or challenge, how did you go about correcting it? What steps did you take to ensure the solution was accurate?\"\n        },\n        {\n            \"role\": \"assistant\",\n            \"content\": \"If I had encountered an error, my first step would be to retrace my counting back through the ticks on the number line, ensuring I correctly understand the increments. I would go back to the point of confusion, re-evaluate the counts, and make sure each hundredth is accounted for correctly. Doing a quick visual check against the known values of 0.0 and 0.1 helps reaffirm my placement decisions. Finally, I could compare my placement of 0.08 against other nearby hundredths to validate my answer and ensure everything aligns accurately within the established framework of the number line.\"\n        }\n    ]\n}\n```"
}