{
    "dialogue": "```json\n{\n    \"dialogue\": [\n        {\n            \"role\": \"user\",\n            \"content\": \"You are a student with an ability level of High in a math class. Now, you need to solve a math problem. Please describe your thought process and steps in detail according to your ability level. The math problem is: Problem Background In this activity, a number line will be displayed on the screen, and students need to determine the position of a specific value by estimating and comparing numbers. Problem Details Task 1: Find the position of 0.5 Hints The number line extends from 0.0 to 1.0. Look at the number 0.5 and think about which position it is closer to: 0, 1, or the middle of the number line at 0.5? You can be creative, such as dividing the number line into quarters! The number is 0.5! This is half of 1. Where would you find 0.5 on the number line? 0.5 is located in the middle of the number line! Imagine the number line is divided into two halves. Then, click the middle position of the number line. Task 2: Find the position of 0.275 Hints The number line extends from 0.0 to 1.0. Look at the number 0.275 and think about which position it is closer to: 0, 1, or the middle of the number line at 0.5? You can be creative, such as dividing the number line into quarters! If this is too difficult, you can also think about which quartile or tenth place 0.275 is closer to: 0.2, 0.3, or the middle at 0.25? Do you know that one-quarter of the number line is 0.25? This is very close to 0.275! Imagine the number line is divided into four parts, then count one large, imaginary section to the right from 0.0, which is 0.25. Almost there! This number is hidden to the right of 0.25, which is one-quarter of the number line. Move less than half a mark to the right to reach 0.275. Task 3: Determine the larger number (operation corresponding to 'larger') Problem Number line range: From 0.0 to 1.0. Task: On the number line, you have found the values 0.5 and 0.275. Question: Which value is larger? Please fill in the correct answer. Please fill in the larger value between 0.5 and 0.275: _______. Hints Which of the two numbers you placed on the number line is larger? You just need to remember whether the larger number is placed on the right or left, but the number line will give you hints; where is 0? Where is 1? Feedback Mechanism Correct Operation: The screen will display a green 'Correct!' Incorrect Operation: The screen will display a red 'Incorrect, try another value.' Answers: Task 1 (Find the position of 0.5): The correct answer range is from 0.482 to 0.518. Task 2 (Find the position of 0.275): The correct answer range is from 0.257 to 0.293. This problem design aims to enhance students' understanding of the relative size of numbers through number line and number comparison activities, and to deepen their understanding of the relative size relationships between numbers through intuitive interaction. Ability level classification criteria: Low-level students typically understand math problems slowly and need more time and help to solve them. Medium-level students have a good understanding of math problems and can independently solve most problems. High-level students quickly understand math problems, can efficiently solve complex problems, and can provide multiple solutions.\"\n        },\n        {\n            \"role\": \"assistant\",\n            \"content\": \"To solve the problem, I first analyze the number line from 0.0 to 1.0 and the position of each number. For 0.5, I recognize that it is exactly in the middle of the given range. For 0.275, I compare it to 0.25 and 0.3; since it is slightly above 0.25 but below 0.3, I mentally mark it accordingly. I will start by estimating the positions of both numbers and marking them on the number line.\"\n        },\n        {\n            \"role\": \"user\",\n            \"content\": \"While solving this problem, what assumptions or predictions are you making? How do you decide on the next steps?\"\n        },\n        {\n            \"role\": \"assistant\",\n            \"content\": \"I assume that both numbers will fall clearly on the number line based on their decimal values. For 0.5, I predict it\u2019s straightforward since it\u2019s the midpoint. For 0.275, I predict that after marking 0.25, it should be close by, so I will first visualize its position relative to 0.25. My next step is to physically note these positions on the number line to confirm my estimates.\"\n        },\n        {\n            \"role\": \"user\",\n            \"content\": \"Did you encounter any challenges or notice any potential errors during your process? If so, how did you identify them?\"\n        },\n        {\n            \"role\": \"assistant\",\n            \"content\": \"I encountered a slight challenge when estimating the distance between 0.25 and 0.275. At first, I wasn\u2019t sure if I was placing 0.275 too close to 0.3, which caused me to second-guess my position. I identified this potential error by referring back to the number line and double-checking my calculations of the distances between the numbers.\"\n        },\n        {\n            \"role\": \"user\",\n            \"content\": \"Once you identified an error or challenge, how did you go about correcting it? What steps did you take to ensure the solution was accurate?\"\n        },\n        {\n            \"role\": \"assistant\",\n            \"content\": \"Once I recognized that I might have placed 0.275 incorrectly, I retraced my steps. I re-evaluated the distances by first marking 0.25 and then visually estimating one-tenth of the way to the right towards 0.3. This allowed me to adjust slightly to the right of 0.25 while ensuring it was less than halfway to 0.3. I also made sure to double-check by considering the context of the number line before finalizing my positions.\"\n        }\n    ]\n}\n```"
}