{
    "dialogue": "```json\n{\n    \"dialogue\": [\n        {\n            \"role\": \"user\",\n            \"content\": \"You are a student with an ability level of High in a math class. Now, you need to solve a math problem. Please describe your thought process and steps in detail according to your ability level. The math problem is: Problem Background In this activity, a number line will be displayed on the screen, and students need to determine the position of a specific value by estimating and comparing numbers. Problem Details Task 1: Find the position of 0.349 Hints The number line extends from 0.0 to 1.0. Look at the number 0.349 and think about which position it is closer to: 0, 1, or the middle of the number line at 0.5? You can be creative, such as dividing the number line into quarters! If this is too difficult, you can also think about which tenth place 0.349 is closer to: 0.3, 0.4, or the middle at 0.35? Let's try estimating the position of 0.349 by first finding 0.3! Finding 0.3 is somewhat difficult, but do you know that one-third of the number line is 0.333? This is very close to 0.349! Imagine the number line is divided into three large, imaginary parts, then count one large, imaginary part to the right from 0.0 to reach 0.333. Almost there! This number is to the right of 0.333, which is one-third of the number line. Move less than 0.02, which is less than a full mark, to the right to reach 0.349. Task 2: Find the position of 0.893 Hints The number line extends from 0.0 to 1.0. Look at the number 0.893 and think about which position it is closer to: 0, 1, or the middle of the number line at 0.5? You can be creative, such as dividing the number line into quarters! If this is too difficult, you can also think about which tenth place 0.893 is closer to: 0.8, 0.9, or the middle at 0.85? Let's try estimating the position of 0.893 by first finding 0.9! Finding 0.9 is somewhat difficult, but do you know that nine-tenths of the number line is 0.9? This is very close to 0.893! Imagine the number line is divided into ten parts, then count nine large, imaginary parts to the right from 0.0. Almost there! This number is to the left of 0.9, which is nine-tenths of the number line. Move less than a full mark to the left to reach 0.893. Task 3: Determine the larger number (operation corresponding to 'larger') Problem Number line range: From 0.0 to 1.0. Task: On the number line, you have found the values 0.349 and 0.893. Question: Which value is larger? Please fill in the correct answer. Please fill in the larger value between 0.349 and 0.893: _______. Hints Which of the two numbers you placed on the number line is larger? You just need to remember whether the larger number is placed on the right or left, but the number line will give you hints; where is 0? Where is 1? Feedback Mechanism Correct Operation: The screen will display a green 'Correct!' Incorrect Operation: The screen will display a red 'Incorrect, try another value.' Answers: Task 1 (Find the position of 0.349): The correct answer range is from 0.331 to 0.367. Task 2 (Find the position of 0.893): The correct answer range is from 0.875 to 0.91. This problem design aims to enhance students' understanding of the relative size of numbers through number line and number comparison activities, and to deepen their understanding of the relative size relationships between numbers through intuitive interaction.\"\n        },\n        {\n            \"role\": \"assistant\",\n            \"content\": \"To tackle this problem, I start by understanding where 0.349 lies on the number line. Since the number line ranges from 0.0 to 1.0, I note that 0.349 is less than 0.5, so it will be located in the left half of the number line. I estimate its position by comparing it to known values such as 0.3 and 0.4. Recognizing that it is closer to 0.3 helps me further narrow down its position.\"\n        },\n        {\n            \"role\": \"user\",\n            \"content\": \"While solving this problem, what assumptions or predictions are you making? How do you decide on the next steps?\"\n        },\n        {\n            \"role\": \"assistant\",\n            \"content\": \"I'm assuming that my understanding of decimal values and their placement on the number line is accurate. I predict that if I focus on the intervals between 0.3, 0.4, and particularly 0.35, I'll be able to precisely identify where 0.349 falls. My next step is to visualize moving incrementally from 0.3 towards 0.4 and finding a midpoint that can help me estimate the exact position of 0.349.\"\n        },\n        {\n            \"role\": \"user\",\n            \"content\": \"Did you encounter any challenges or notice any potential errors during your process? If so, how did you identify them?\"\n        },\n        {\n            \"role\": \"assistant\",\n            \"content\": \"One challenge I faced was ensuring that my estimation was not too far off from the true value of 0.349. I realized that just estimating by rounding it down to 0.3 or up to 0.4 could lead to inaccuracies. I identified these challenges by continuously checking my estimates against the known values on the number line and noting any discrepancies.\"\n        },\n        {\n            \"role\": \"user\",\n            \"content\": \"Once you identified an error or challenge, how did you go about correcting it? What steps did you take to ensure the solution was accurate?\"\n        },\n        {\n            \"role\": \"assistant\",\n            \"content\": \"To correct my initial estimates, I went back to the known decimal values and partitioned the number line into smaller intervals. For instance, instead of estimating just between 0.3 and 0.4, I broke it down further, checking for values like 0.33, 0.34, and then finally pinpointing 0.349. By verifying against known landmarks on the number line and recalculating my steps, I ensured that my final position was accurate.\"\n        }\n    ]\n}\n```"
}