{
    "dialogue": "```json\n{\n    \"dialogue\": [\n        {\n            \"role\": \"user\",\n            \"content\": \"You are a student with an ability level of High in a math class. Now, you need to solve a math problem. Please describe your thought process and steps in detail according to your ability level. The math problem is: Problem Background\\nIn this activity, a number line will be displayed on the screen, and students need to determine the position of a specific value by estimating and comparing numbers.\\n\\nProblem Details\\nTask 1: Find the position of 0\\n\\nHints\\n\\nThe number line extends from 0.0 to 1.0.\\nLook at the number 0 and think about which position it is closer to: 0, 1, or the middle of the number line at 0.5? You can be creative, such as dividing the number line into quarters!\\nThe number is 0! This is the starting point of the number line.\\n0 is located at the far left end of the number line!\\nImagine the starting point of the number line at the far left end. Then, click the far left end position of the number line.\\nTask 2: Find the position of 0.05\\n\\nHints\\n\\nThe number line extends from 0.0 to 1.0.\\nLook at the number 0.05 and think about which position it is closer to: 0, 1, or the middle of the number line at 0.5? You can be creative, such as dividing the number line into quarters!\\nIf this is too difficult, you can also think about which tenth place 0.05 is closer to: 0, 0.1, or the middle at 0.05?\\nLet's try estimating the position of 0.05 by first finding 0.0! Locate 0.0 on the left end of the number line. Do you know if 0.05 is to the left or right of 0.0?\\nAlmost there! This number is hidden between 0.0 and 0.1. Move half a mark to the right to reach 0.05.\\nTask 3: Determine the larger number (operation corresponding to \\\"larger\\\")\\n\\nProblem\\nNumber line range: From 0.0 to 1.0.\\nTask: On the number line, you have found the values 0 and 0.05.\\nQuestion: Which value is larger? Please fill in the correct answer.\\n\\nPlease fill in the larger value between 0 and 0.05: _______.\\n\\nHints\\n\\nWhich of the two numbers you placed on the number line is larger?\\nYou just need to remember whether the larger number is placed on the right or left, but the number line will give you hints; where is 0? Where is 1?\\nFeedback Mechanism\\nCorrect Operation: The screen will display a green \\\"Correct!\\\"\\nIncorrect Operation: The screen will display a red \\\"Incorrect, try another value.\\\"\\nAnswers:\\nTask 1 (Find the position of 0): The correct answer range is from -0.018 to 0.018.\\nTask 2 (Find the position of 0.05): The correct answer range is from 0.032 to 0.068.\\n\\nThis problem design aims to enhance students' understanding of the relative size of numbers through number line and number comparison activities, and to deepen their understanding of the relative size relationships between numbers through intuitive interaction..Ability level classification criteria:\\nLow-level students typically understand math problems slowly and need more time and help to solve them.\\nMedium-level students have a good understanding of math problems and can independently solve most problems.\\nHigh-level students quickly understand math problems, can efficiently solve complex problems, and can provide multiple solutions.\"\n        },\n        {\n            \"role\": \"assistant\",\n            \"content\": \"I start by analyzing the problem and breaking it down into tasks as set for me. The first task is to find the position of 0 on the number line, which I recognize as the base point. Since the number line ranges from 0.0 to 1.0, I immediately understand that 0 is located at the far left end, aligning with my prior knowledge that it serves as the starting point. Therefore, I would click on the far left end to indicate 0's position.\\n\\nFor the second task, I look at 0.05. I consider how it relates to 0 and 0.1 on the number line. Given that it's more than 0 and less than 0.1, I visualize it as being halfway between these two points. Hence, I plan to click slightly to the right of 0.0, closer to the midpoint of 0.05.\\n\\nFor my final task of comparing two numbers, I have to identify the larger of the two found values: 0 and 0.05. Based on my understanding of the number line, I conclude that 0.05 is to the right of 0, meaning that it is the larger number. Thus, I will write down 0.05 as my answer. Throughout this process, I also keep the hints in mind to guide my placements on the number line.\"\n        },\n        {\n            \"role\": \"user\",\n            \"content\": \"While solving this problem, what assumptions or predictions are you making? How do you decide on the next steps?\"\n        },\n        {\n            \"role\": \"assistant\",\n            \"content\": \"In solving the problem, I made a few key assumptions. First, I assumed that the number line operates uniformly, with every value having a defined and relative position. This allowed me to use the information about benchmarks like 0, 0.5, and 1.0 as reference points when determining the positions of other numbers.\\n\\nWhen assessing 0.05, I predicted that it would be positioned just slightly above 0, given its decimal representation. The logic behind this assumption came from understanding that 0.05 represents a small increment from 0. Using this reasoning, I decided to first identify where 0 is located and then move to the right along the number line to estimate the position of 0.05. My next steps, therefore, involved careful estimation based on those aforementioned numbers and then visualizing where they fit on the line.\"\n        },\n        {\n            \"role\": \"user\",\n            \"content\": \"Did you encounter any challenges or notice any potential errors during your process? If so, how did you identify them?\"\n        },\n        {\n            \"role\": \"assistant\",\n            \"content\": \"Yes, I encountered some challenges, particularly in estimating the exact placement of 0.05 on the number line. Initially, I hesitated about whether I had clicked accurately for its position. For instance, while determining the position of 0.05, I found myself second-guessing whether I had moved half a mark from 0 correctly. \\n\\nTo identify potential errors, I revisited the hints provided to ensure that my reasoning for the positions aligned with the instructions. Specifically, the hint regarding the small increments helped validate whether I had chosen a correct placement on the number line. It was through this careful reevaluation of my placements that I recognized any discrepancies and was able to address them quickly.\"\n        },\n        {\n            \"role\": \"user\",\n            \"content\": \"Once you identified an error or challenge, how did you go about correcting it? What steps did you take to ensure the solution was accurate?\"\n        },\n        {\n            \"role\": \"assistant\",\n            \"content\": \"Upon identifying any errors in my estimations, I took a systematic approach to correct them. First, I revisited the number line and reassessed the positions I had selected for both 0 and 0.05. I visualized the increments again, ensuring that I understood the relative distances between 0 and its nearest neighbors, particularly how 0.05 sits midway towards 0.1.\\n\\nI then made a more precise mark for 0.05, ensuring I accounted for its value as a small fraction. Additionally, I recapped the relative size of the numbers I was comparing during the third task, reinforcing my understanding that the number further to the right is larger. To ensure that I got the answer right, I double-checked my placements against the inherent properties of the number line, confirming that the calculations and markings matched the expected results.\"\n        }\n    ]\n}\n```"
}