{
    "dialogue": "```json\n{\n    \"dialogue\": [\n        {\n            \"role\": \"user\",\n            \"content\": \"You are a student with an ability level of High in a math class. Now, you need to solve a math problem. Please describe your thought process and steps in detail according to your ability level. The math problem is: Problem Task:\\nAccurately locate 0.093 on a number line.\\n\\nProblem Description:\\nGiven a number line marked with tenths, hundredths, and thousandths. The number line ranges from 0 to 0.1, with each large tick mark representing a tenth, each small tick mark subdivided into ten hundredths, and each hundredth further subdivided into ten thousandths.\\n\\nTask:\\nDetermine the position of 0.093 on the number line.\\nExplain between which two tenths 0.093 is located.\\nCalculate and mark the specific hundredth and thousandth where 0.093 is located.\\n\\nHints:\\n\\nPlace this number on the number line. Look at how many tenths 0.093 has, then see how many hundredths and thousandths it has.\\n0.093 has 0 tenths. This means the number is hidden between 0.0 and 0.1. Count 1 section from the left and click it.\\nThis number line zooms in between 0.0 and 0.1, so you are already in the correct tenth. You must find the correct hundredth and thousandth.\\nZoom in between the two tick marks by clicking the area where the decimal is located. Each tick mark represents a tenth. Where is 0.093 between the two tenths?\\nYou know 0.093 is between 0.0 and 0.1, but which is it closer to? Is it closer to 0.0, 0.1, or the middle at 0.05?\\n0.093 has 9 hundredths and 3 thousandths. This number is hidden just a little past the 0.09 tick mark! Imagine there are ten smaller sections between the tick marks! This number is in the 3rd small section to the right of 0.09.\\nNow you know reading the tenths as \u201c0\u201d and hundredths as \u201c9\u201d is important, but the thousandths \u201c3\u201d is not as significant because thousandths are very small.\\nStart from 0.0, count 9 tick marks to the right, then move 3 thousandths further. Note that 0.093 is close to halfway between 0.09 and 0.1, which is 0.095.\\nVerification Questions:\\n\\nAt which specific hundredth and thousandth is 0.093 located on the number line?\\nCorrect Answer:\\n0.093 is located between 0.078 and 0.099..Ability level classification criteria:\\nLow-level students typically understand math problems slowly and need more time and help to solve them.\\nMedium-level students have a good understanding of math problems and can independently solve most problems.\\nHigh-level students quickly understand math problems, can efficiently solve complex problems, and can provide multiple solutions.\"\n        },\n        {\n            \"role\": \"assistant\",\n            \"content\": \"To locate 0.093 on the number line, I started by recognizing that 0.093 is between 0.0 and 0.1. Since the problem clearly indicates it's located within the tenths, I identified that between these two points, the number falls closer to 0.09. I paid attention to the hundredths as well, noting that 0.093 has 9 in the hundredths and 3 in the thousandths. To place it accurately, I imagined the number line divided into small sections and counted over 9 hundredths from 0.0 and then 3 additional thousandths to the right of 0.09. This led me to visualize the exact spot where 0.093 would be marked.\"\n        },\n        {\n            \"role\": \"user\",\n            \"content\": \"While solving this problem, what assumptions or predictions are you making? How do you decide on the next steps?\"\n        },\n        {\n            \"role\": \"assistant\",\n            \"content\": \"While solving this problem, I assumed that the number line is subdivided properly, allowing for accurate placement of decimal numbers. I predicted that 0.093 would be closer to 0.09 rather than 0.1, based on its value. For my next steps, I decided to first establish a clear point of reference (0.0) and then progressively count towards 0.093, ensuring to break it down into hundredths and thousandths, which would help me visualize the spacing accurately on the number line.\"\n        },\n        {\n            \"role\": \"user\",\n            \"content\": \"Did you encounter any challenges or notice any potential errors during your process? If so, how did you identify them?\"\n        },\n        {\n            \"role\": \"assistant\",\n            \"content\": \"Yes, I did encounter challenges, especially in accurately estimating the small increments involved in placing 0.093 between the tick marks. I initially overlooked the significance of the thousandths and focused too much on the hundredths. I identified this error when I realized I wasn\u2019t accounting for the position past 0.09 correctly while visualizing the increments. Recognizing that 0.093 is very close to 0.09 but also requires consideration of the 3 thousandths helped me adjust my placement.\"\n        },\n        {\n            \"role\": \"user\",\n            \"content\": \"Once you identified an error or challenge, how did you go about correcting it? What steps did you take to ensure the solution was accurate?\"\n        },\n        {\n            \"role\": \"assistant\",\n            \"content\": \"Once I identified the challenge with estimating the placement of 0.093, I took a step back to reassess my understanding of the divisions on the number line. I recalibrated my focus to the specific segments between the tenths, reviewing the small tick marks representing hundredths and thousandths. I made sure to visualize the placement of 0.09 accurately and then mentally counted three additional small ticks to get to 0.093. To ensure my solution was accurate, I confirmed the proximity of 0.093 to both 0.09 and 0.1, verifying that I understood the ranges of numbers I was working within.\"\n        }\n    ]\n}\n```"
}