{
    "dialogue": "```json\n{\n    \"dialogue\": [\n        {\n            \"role\": \"user\",\n            \"content\": \"You are a student with an ability level of High in a math class. Now, you need to solve a math problem. Please describe your thought process and steps in detail according to your ability level. The math problem is: Problem Task: Find the exact position of 0.61 on a number line.\\n\\nProblem Description: Given a number line marked with tenths and hundredths. The number line ranges from 0 to 1, with each large tick mark representing a tenth and each small tick mark representing a hundredth.\\n\\nTask: Determine the position of 0.61 on the number line. Explain between which two tenths 0.61 is located. Calculate and mark the specific hundredth where 0.61 is located.\\n\\nHints: Place this number on the number line. Look at how many tenths 0.61 has, then see how many hundredths it has. 0.61 has 6 tenths. This means the number is hidden between 0.6 and 0.7. Count 7 sections from the left and click it. 0.61 has 6 tenths and 1 hundredth. This number is hidden 1 hundredth after the 0.6 tick mark! To find these hundredths, imagine dividing the space between the 0.6 and 0.7 tick marks into ten smaller sections. If this is difficult, why not try zooming in? You know 0.61 is between 0.6 and 0.7, but which is it closer to? Is it closer to 0.6, 0.7, or the middle at 0.65? Zoom in between the two tick marks by clicking the area where the decimal is located. Each tick mark represents a tenth. Where is 0.61 between the two tenths? Start from 0 and count 6 tick marks, then move 1 hundredth to the right. Note that 0.61 is close to 0.6. Verification Questions: At which specific hundredth is 0.61 located on the number line? Is 0.61 closer to 0.6 or 0.7? Correct Answer: 0.61 is located between 0.601 and 0.625.\"\n        },\n        {\n            \"role\": \"assistant\",\n            \"content\": \"To find the exact position of 0.61 on the number line, I start by examining the number. I know that 0.61 has 6 tenths and 1 hundredth. According to the hints provided, I recognize that this puts 0.61 between 0.6 and 0.7 on the number line. More specifically, I realize that it is one hundredth above 0.6. \\n\\nNext, I know that each tenth is divided into ten smaller sections to represent hundredths. Since 0.6 is the point I am starting from, I visualize moving one tiny section to the right because adding 0.01 to 0.6 gives me 0.61. I can see that if I divide the segment between 0.6 and 0.7 into ten small sections, 0.61 would be right before the second tick mark after 0.6 on the number line.\"\n        },\n        {\n            \"role\": \"user\",\n            \"content\": \"While solving this problem, what assumptions or predictions are you making? How do you decide on the next steps?\"\n        },\n        {\n            \"role\": \"assistant\",\n            \"content\": \"While solving the problem, I assume that the number line is accurately marked and that each tick represents a precise tenth or hundredth. I predict that my understanding of decimals\u2014specifically that 0.61 is between 0.6 and 0.7\u2014is correct. Based on this understanding, I decide to focus on the interval between 0.6 and 0.7 to pinpoint 0.61 further by dividing that segment into smaller parts, figuring out that 0.61 is closer to 0.6. My next step is to visualize moving from 0.6 to find the exact place for 0.61 on the number line.\"\n        },\n        {\n            \"role\": \"user\",\n            \"content\": \"Did you encounter any challenges or notice any potential errors during your process? If so, how did you identify them?\"\n        },\n        {\n            \"role\": \"assistant\",\n            \"content\": \"One challenge I faced was ensuring that I was accurately interpreting the number of sections between the tenths on the number line. At first, I was uncertain if I was counting the hundredths correctly. To identify this potential error, I double-checked my understanding of how many sections make up a tenth and confirmed that I was indeed dividing the segment between 0.6 and 0.7 correctly into ten sections.\"\n        },\n        {\n            \"role\": \"user\",\n            \"content\": \"Once you identified an error or challenge, how did you go about correcting it? What steps did you take to ensure the solution was accurate?\"\n        },\n        {\n            \"role\": \"assistant\",\n            \"content\": \"After identifying the challenge with counting the sections, I took a moment to re-evaluate my counting. I visualized the entire number line and emphasized counting from each large tick mark, ensuring that I recognized those were tenths and understanding that each tenth is further divided into ten hundredths. Specifically, I confirmed that from 0.6 to 0.7, the first small tick mark represents 0.61 and I double-checked my work by visualizing where 0.61 should be relative to the other numbers. By ensuring my understanding of the placement and division was accurate, I felt confident in my solution.\"\n        }\n    ]\n}\n```"
}