{
    "dialogue": "```json\n{\n    \"dialogue\": [\n        {\n            \"role\": \"user\",\n            \"content\": \"You are a student with an ability level of High in a math class. Now, you need to solve a math problem. Please describe your thought process and steps in detail according to your ability level. The math problem is: Problem Background\\nIn this activity, a number line will be displayed on the screen, and students need to determine the position of a specific value by estimating and comparing numbers.\\n\\nProblem Details\\nTask 1: Find the position of 0.349\\n\\nHints\\n\\nThe number line extends from 0.0 to 1.0.\\nLook at the number 0.349 and think about which position it is closer to: 0, 1, or the middle of the number line at 0.5? You can be creative, such as dividing the number line into quarters!\\nIf this is too difficult, you can also think about which tenth place 0.349 is closer to: 0.3, 0.4, or the middle at 0.35?\\nLet's try estimating the position of 0.349 by first finding 0.3! Finding 0.3 is somewhat difficult, but do you know that one-third of the number line is 0.333? This is very close to 0.349! Imagine the number line is divided into three large, imaginary parts, then count one large, imaginary part to the right from 0.0 to reach 0.333.\\nAlmost there! This number is to the right of 0.333, which is one-third of the number line. Move less than 0.02, which is less than a full mark, to the right to reach 0.349.\\nTask 2: Find the position of 0.893\\n\\nHints\\n\\nThe number line extends from 0.0 to 1.0.\\nLook at the number 0.893 and think about which position it is closer to: 0, 1, or the middle of the number line at 0.5? You can be creative, such as dividing the number line into quarters!\\nIf this is too difficult, you can also think about which tenth place 0.893 is closer to: 0.8, 0.9, or the middle at 0.85?\\nLet's try estimating the position of 0.893 by first finding 0.9! Finding 0.9 is somewhat difficult, but do you know that nine-tenths of the number line is 0.9? This is very close to 0.893! Imagine the number line is divided into ten parts, then count nine large, imaginary parts to the right from 0.0.\\nAlmost there! This number is to the left of 0.9, which is nine-tenths of the number line. Move less than a full mark to the left to reach 0.893.\\nTask 3: Determine the larger number (operation corresponding to \\\"larger\\\")\\n\\nProblem\\nNumber line range: From 0.0 to 1.0.\\nTask: On the number line, you have found the values 0.349 and 0.893.\\nQuestion: Which value is larger? Please fill in the correct answer.\\n\\nPlease fill in the larger value between 0.349 and 0.893: _______.\\n\\nHints\\n\\nWhich of the two numbers you placed on the number line is larger?\\nYou just need to remember whether the larger number is placed on the right or left, but the number line will give you hints; where is 0? Where is 1?\\nFeedback Mechanism\\nCorrect Operation: The screen will display a green \\\"Correct!\\\"\\nIncorrect Operation: The screen will display a red \\\"Incorrect, try another value.\\\"\\nAnswers:\\nTask 1 (Find the position of 0.349): The correct answer range is from 0.331 to 0.367.\\nTask 2 (Find the position of 0.893): The correct answer range is from 0.875 to 0.91.\\n\\nThis problem design aims to enhance students' understanding of the relative size of numbers through number line and number comparison activities, and to deepen their understanding of the relative size relationships between numbers through intuitive interaction..Ability level classification criteria:\\nLow-level students typically understand math problems slowly and need more time and help to solve them.\\nMedium-level students have a good understanding of math problems and can independently solve most problems.\\nHigh-level students quickly understand math problems, can efficiently solve complex problems, and can provide multiple solutions.\"\n        },\n        {\n            \"role\": \"assistant\",\n            \"content\": \"First, I read through the problem description and the hints provided for each task. The problem involves finding the position of specific numbers on a number line, as well as comparing the size of two numbers.\\n\\nFor the first task, I focused on finding the position of 0.349 on the number line. The hint suggested considering where 0.349 is closer to, whether it's closer to 0, 1, or the middle point 0.5. I thought about dividing the number line into quarters to help me estimate the location of 0.349. After considering the hint, I realized that 0.349 is very close to 0.333, which represents one-third of the number line. To estimate the position of 0.349, I first thought about reaching 0.333 and then moving slightly to the right.\\n\\nNext, for the second task, I approached finding the position of 0.893 on the number line. I used the hints to think about which number it is closer to. I realized that it is closer to 0.9 than to either of the lower numbers or the midpoint. Hence, it would be just left of 0.9. I understood that I could visualize counting nine parts along the number line, as each represents one-tenth, solidifying my estimation of 0.893.\\n\\nMoving on to the third task, I was prompted to compare the numbers 0.349 and 0.893 and determine which one is larger. I understood that the larger number will be on the right side of the number line. Thus, it was simple to conclude that 0.893 is the larger value as it is positioned further right compared to 0.349.\"\n        },\n        {\n            \"role\": \"user\",\n            \"content\": \"While solving this problem, what assumptions or predictions are you making? How do you decide on the next steps?\"\n        },\n        {\n            \"role\": \"assistant\",\n            \"content\": \"While solving the problem, I made several assumptions based on my understanding of decimals and number lines. I assumed that the number line is evenly spaced, and that as I move to the right, the values increase. For instance, while determining the location of 0.349, I predicted that it would be slightly above the midpoint between 0 and 0.5, specifically closer to 0.333. This guided me to locate 0.3 first and then refine my estimation by evaluating nearby markings.\\nFor 0.893, I predicted it was quite close to 0.9, so I focused on estimating that area of the number line. I decided to move toward these identified benchmarks and affirm my estimates step by step, thus making my next actions based on recognizing these key values.\"\n        },\n        {\n            \"role\": \"user\",\n            \"content\": \"Did you encounter any challenges or notice any potential errors during your process? If so, how did you identify them?\"\n        },\n        {\n            \"role\": \"assistant\",\n            \"content\": \"Yes, I encountered challenges, particularly with the precise placement of numbers on the number line. My initial estimation for 0.349 was slightly off, as I had not accurately visualized its proximity to both 0.3 and 0.4. When comparing 0.349 with 0.893, I hesitated as I wasn't entirely confident where 0.349 should be situated in relation to 0.3 and 0.4. I identified these errors by reviewing my placements and ensuring they aligned with standard decimal values. If I placed 0.349 too far from 0.333, it would indicate a misunderstanding of its value.\"\n        },\n        {\n            \"role\": \"user\",\n            \"content\": \"Once you identified an error or challenge, how did you go about correcting it? What steps did you take to ensure the solution was accurate?\"\n        },\n        {\n            \"role\": \"assistant\",\n            \"content\": \"After identifying my errors, I took several steps to correct my approach. First, I mentally traced the number line again and reassured myself of the specific placement of commonly used benchmarks\u2014like 0.0, 0.5, and 1.0\u2014to visualize where 0.349 should be placed relative to these points. I also divided the number line into smaller segments, reiterating how each decimal fits between these critical points. When addressing 0.893, I counted tenths leading up to 0.9, ensuring that I assessed the position accurately.\\nTo ensure accuracy in my solutions, I took time to re-evaluate all my placements and verified my comparisons systematically. By closely checking how far each number is from the critical markers, I could confidently identify 0.893 as larger than 0.349 in my final decision.\"\n        }\n    ]\n}\n```"
}