{
    "dialogue": "```json\n{\n    \"dialogue\": [\n        {\n            \"role\": \"user\",\n            \"content\": \"You are a student with an ability level of High in a math class. Now, you need to solve a math problem. Please describe your thought process and steps in detail according to your ability level. The math problem is: Problem Task:\\nFind the exact position of 0.61 on a number line.\\n\\nProblem Description:\\nGiven a number line marked with tenths and hundredths. The number line ranges from 0 to 1, with each large tick mark representing a tenth and each small tick mark representing a hundredth.\\n\\nTask:\\nDetermine the position of 0.61 on the number line.\\nExplain between which two tenths 0.61 is located.\\nCalculate and mark the specific hundredth where 0.61 is located.\\n\\nHints:\\n\\nPlace this number on the number line. Look at how many tenths 0.61 has, then see how many hundredths it has.\\n0.61 has 6 tenths. This means the number is hidden between 0.6 and 0.7. Count 7 sections from the left and click it.\\n0.61 has 6 tenths and 1 hundredth. This number is hidden 1 hundredth after the 0.6 tick mark! To find these hundredths, imagine dividing the space between the 0.6 and 0.7 tick marks into ten smaller sections. If this is difficult, why not try zooming in?\\nYou know 0.61 is between 0.6 and 0.7, but which is it closer to? Is it closer to 0.6, 0.7, or the middle at 0.65?\\nZoom in between the two tick marks by clicking the area where the decimal is located. Each tick mark represents a tenth. Where is 0.61 between the two tenths?\\nStart from 0 and count 6 tick marks, then move 1 hundredth to the right. Note that 0.61 is close to 0.6.\\nVerification Questions:\\n\\nAt which specific hundredth is 0.61 located on the number line?\\nIs 0.61 closer to 0.6 or 0.7?\\nCorrect Answer:\\n0.61 is located between 0.601 and 0.625..Ability level classification criteria:\\nLow-level students typically understand math problems slowly and need more time and help to solve them.\\nMedium-level students have a good understanding of math problems and can independently solve most problems.\\nHigh-level students quickly understand math problems, can efficiently solve complex problems, and can provide multiple solutions.\"\n        },\n        {\n            \"role\": \"assistant\",\n            \"content\": \"To determine the position of 0.61 on the number line, I first note that it is somewhere between 0.6 and 0.7 since it has 6 tenths. I visualize the number line and see where these two tenths are marked, and I understand that the first large tick mark to the right of 0.6 represents 0.7.\\n\\nNext, I look at the hundredths. The number 0.61 means that after marking the first tenth (0.6), I need to count one more small tick mark to the right, which represents 0.61. Therefore, I can place the number just a little past the 0.6 tick mark on the number line.\"\n        },\n        {\n            \"role\": \"user\",\n            \"content\": \"While solving this problem, what assumptions or predictions are you making? How do you decide on the next steps?\"\n        },\n        {\n            \"role\": \"assistant\",\n            \"content\": \"I am assuming that the tenths and hundredths are accurately marked on the number line, which allows for precise placement of 0.61. I predict that my chosen steps will effectively show the relationship between the decimal and the tick marks. My next step involves narrowing down my focus to the space between 0.6 and 0.7 to find the exact location of 0.61, ensuring that I'm counting the hundredths correctly.\"\n        },\n        {\n            \"role\": \"user\",\n            \"content\": \"Did you encounter any challenges or notice any potential errors during your process? If so, how did you identify them?\"\n        },\n        {\n            \"role\": \"assistant\",\n            \"content\": \"While working through this, I noticed that it can sometimes be confusing to differentiate between the tenths and the small sections representing hundredths if I zoom out too far. I identified this potential challenge by realizing that I needed to be precise with the smaller marks while positioning 0.61. Ensuring that I understand how many hundredths there are between two tenths helped me avoid placement errors.\"\n        },\n        {\n            \"role\": \"user\",\n            \"content\": \"Once you identified an error or challenge, how did you go about correcting it? What steps did you take to ensure the solution was accurate?\"\n        },\n        {\n            \"role\": \"assistant\",\n            \"content\": \"To correct any confusion, I zoomed in on the area between 0.6 and 0.7 to better see the divisions. I retraced my steps by counting the tick marks carefully, ensuring that I accurately counted six tenths and one hundredth right after the 0.6 mark. I took a moment to ensure that I was visually confirming each placement before finalizing my position of 0.61, allowing me to accurately communicate where it lies on the number line.\"\n        }\n    ]\n}\n```"
}