{
    "dialogue": "```json\n{\n    \"dialogue\": [\n        {\n            \"role\": \"user\",\n            \"content\": \"You are a student with an ability level of High in a math class. Now, you need to solve a math problem. Please describe your thought process and steps in detail according to your ability level. The math problem is: Problem Background\\nIn this activity, a number line will be displayed on the screen, and students need to determine the position of a specific value by estimating and comparing numbers.\\n\\nProblem Details\\nTask 1: Find the position of 0.15\\n\\nHints\\n\\nThe number line extends from 0.0 to 1.0.\\nLook at the number 0.15 and think about which position it is closer to: 0, 1, or the middle of the number line at 0.5? You can be creative, such as dividing the number line into quarters!\\nIf this is too difficult, you can also think about which tenth place 0.15 is closer to: 0.1, 0.2, or the middle at 0.15?\\nLet's try estimating the position of 0.15 by first finding 0.1! Start from the left end of the number line at 0.0. 0.1 should be one-tenth of a mark to the right of 0.0. Do you know if 0.15 is to the left or right of 0.1?\\nFinding 0.1 is better than finding 0.2 because finding 0.2 is more complicated. This number is hidden to the right of 0.1. Move half a mark to the right to reach the position of 0.15.\\nTask 2: Find the position of 0.643\\n\\nHints\\n\\nThe number line extends from 0.0 to 1.0.\\nLook at the number 0.643 and think about which position it is closer to: 0, 1, or the middle of the number line at 0.5? You can be creative, such as dividing the number line into quarters!\\nIf this is too difficult, you can also think about which tenth place 0.643 is closer to: 0.6, 0.7, or the middle at 0.65?\\nLet's try estimating the position of 0.643 by first finding 0.6! Start from the middle of the number line at 0.5. 0.6 should be one-tenth of a mark to the right of 0.5. Do you know if 0.643 is to the left or right of 0.6?\\nFinding 0.6 is better than finding 0.7 because finding 0.7 is more complicated. This number is hidden to the right of 0.6. Move half a mark to the right to reach the position of 0.643.\\nTask 3: Determine the larger number (operation corresponding to \\\"larger\\\")\\n\\nProblem\\nNumber line range: From 0.0 to 1.0.\\nTask: On the number line, you have found the values 0.15 and 0.643.\\nQuestion: Which value is larger? Please fill in the correct answer.\\n\\nPlease fill in the larger value between 0.15 and 0.643: _______.\\n\\nHints\\n\\nWhich of the two numbers you placed on the number line is larger?\\nYou just need to remember whether the larger number is placed on the right or left, but the number line will give you hints; where is 0? Where is 1?\\nFeedback Mechanism\\nCorrect Operation: The screen will display a green \\\"Correct!\\\"\\nIncorrect Operation: The screen will display a red \\\"Incorrect, try another value.\\\"\\nAnswers:\\nFor Task 1: Find the position of 0.15, the correct answer range is from 0.133 to 0.167.\\nFor Task 2: Find the position of 0.643, the correct answer range is from 0.625 to 0.661.\\n\\nThis problem design aims to enhance students' understanding of the relative size of numbers through number line and number comparison activities, and to deepen their understanding of the relative size relationships between numbers through intuitive interaction..Ability level classification criteria:\\nLow-level students typically understand math problems slowly and need more time and help to solve them.\\nMedium-level students have a good understanding of math problems and can independently solve most problems.\\nHigh-level students quickly understand math problems, can efficiently solve complex problems, and can provide multiple solutions.\"\n        },\n        {\n            \"role\": \"assistant\",\n            \"content\": \"To solve the first task, I start by analyzing the number 0.15. I know the number line extends from 0.0 to 1.0, and I remember that 0.15 is slightly above 0.1. I visualize or sketch out the number line divided into quarters: 0.0, 0.25, 0.5, 0.75, and 1.0. Since 0.15 is less than 0.25 and more than 0.1, it should be positioned between these two markers. I\u2019d estimate its position to be approximately a little before the quarter mark between 0.1 and 0.2. Moving forward to Task 2, I follow a similar approach with 0.643. I know that it's closer to 0.65 than to any other tenth, so I position it accordingly, slightly after the halfway point (0.5) but before the 0.7 mark. Finally, in Task 3, I compare the two values intuitively. Since 0.643 is to the right of 0.15 on the number line, it becomes apparent that 0.643 is the larger number.\"\n        },\n        {\n            \"role\": \"user\",\n            \"content\": \"While solving this problem, what assumptions or predictions are you making? How do you decide on the next steps?\"\n        },\n        {\n            \"role\": \"assistant\",\n            \"content\": \"I assume that I comprehend the basic structure of the number line and that smaller numbers are always to the left while larger numbers are to the right. I predict that the numbers I am identifying will fall in predictable positions that I've visualized. After estimating the position of a number, I decide my next step based on how close my estimation is to the closest known values (like tenths or quarters). If I find that my prediction is significantly off from what I expected, I will revisit my assumption, adjusting my steps until I narrow down the position accurately.\"\n        },\n        {\n            \"role\": \"user\",\n            \"content\": \"Did you encounter any challenges or notice any potential errors during your process? If so, how did you identify them?\"\n        },\n        {\n            \"role\": \"assistant\",\n            \"content\": \"Yes, I encountered a challenge when estimating the position of 0.15. Initially, I was tempted to place it too close to 0.2 due to the decimal similarity. It helped to visualize the distance between 0.1 and 0.2 clearly, which made me realize that 0.15 is actually closer to 0.1. I identified this potential error by continuously checking against known reference points, like 0.1 and 0.2. By assessing the relationships of the numbers in relation to those reference points, I was able to adjust my estimate.\"\n        },\n        {\n            \"role\": \"user\",\n            \"content\": \"Once you identified an error or challenge, how did you go about correcting it? What steps did you take to ensure the solution was accurate?\"\n        },\n        {\n            \"role\": \"assistant\",\n            \"content\": \"After identifying the misplacement of 0.15, I corrected my approach by referring back to my reference points on the number line. I re-evaluated the distances: between 0.0 and 0.1, and then found the midpoint around 0.15 to see if I could assure myself that my estimation was accurate. To ensure accuracy, I double-checked the positions of all relevant numbers on my number line mapping again. Once satisfied, I would finalize the positions and confirm that they made sense in relation to each other, ensuring I could logically explain why one number was greater than the other.\"\n        }\n    ]\n}\n```"
}