{
    "dialogue": "```json\n{\n    \"dialogue\": [\n        {\n            \"role\": \"user\",\n            \"content\": \"You are a student with an ability level of High in a math class. Now, you need to solve a math problem. Please describe your thought process and steps in detail according to your ability level. The math problem is: Problem Task: Find the exact position of 0.08 on a number line. Problem Description: Given a number line marked with tenths and hundredths. The number line ranges from 0 to 0.1, with each large tick mark representing a tenth and each small tick mark representing a hundredth. Task: Determine the position of 0.08 on the number line. Explain between which two tenths 0.08 is located. Calculate and mark the specific hundredth where 0.08 is located. Hints: Place this number on the number line. Look at how many tenths 0.08 has, then see how many hundredths it has. 0.08 has 0 tenths. This means the number is hidden between 0.0 and 0.1. Count 1 section from the left and click it. 0.08 has 0 tenths and 8 hundredths. This number is hidden 8 hundredths after the 0.0 tick mark! To find these hundredths, imagine dividing the space between the 0.0 and 0.1 tick marks into ten smaller sections. If this is difficult, why not try zooming in? You know 0.08 is between 0.0 and 0.1, but which is it closer to? Is it closer to 0.0, 0.1, or the middle at 0.05? Zoom in between the two tick marks by clicking the area where the decimal is located. Each tick mark represents a tenth. Where is 0.08 between the two tenths? Start from 0 and count 0 tick marks, then move 8 hundredths to the right. Verification Questions: At which specific hundredth is 0.08 located on the number line? Is 0.08 closer to 0.0 or 0.1? Correct Answer: 0.08 is located between 0.065 and 0.094.\"\n        },\n        {\n            \"role\": \"assistant\",\n            \"content\": \"To find the position of 0.08 on the number line, I first recognize that 0.08 has no tenths (0.0) and 8 hundredths. Since the number line stretches from 0.0 to 0.1, I note that 0.08 lies between 0.0 and 0.1. I use the smaller tick marks that represent hundredths and determine that I need to move 8 ticks to the right from the 0.0 tick mark. This puts me at the 0.08 mark on the number line, which is positioned closer to 0.1 than to 0.0, but still a bit less than halfway to the 0.1 tick.\"\n        },\n        {\n            \"role\": \"user\",\n            \"content\": \"While solving this problem, what assumptions or predictions are you making? How do you decide on the next steps?\"\n        },\n        {\n            \"role\": \"assistant\",\n            \"content\": \"While solving the problem, I assume that the number line is a straight continuum where each value can be accurately represented by its decimal form. I predict that since 0.08 has no tenths, it must be located solely based on its hundredths. Knowing this, I decide to start at 0.0 and count the hundredths to reach 0.08. This leads me to the next step: moving 8 small increments to the right on the number line from the 0.0 tick.\"\n        },\n        {\n            \"role\": \"user\",\n            \"content\": \"Did you encounter any challenges or notice any potential errors during your process? If so, how did you identify them?\"\n        },\n        {\n            \"role\": \"assistant\",\n            \"content\": \"Yes, I encountered a challenge in accurately visualizing where 0.08 lies specifically in relation to the other nearby hundredths. At first, I considered the increments between 0.0 and 0.1 a bit too broadly, which made me hesitate about whether my count of increments was correct. I identified this potential error by double-checking the placement of each hundredth on the number line and ensuring I was counting correctly from the 0.0 mark.\"\n        },\n        {\n            \"role\": \"user\",\n            \"content\": \"Once you identified an error or challenge, how did you go about correcting it? What steps did you take to ensure the solution was accurate?\"\n        },\n        {\n            \"role\": \"assistant\",\n            \"content\": \"Upon realizing the challenge with my visualization, I recalibrated my counting method. I carefully counted each small tick from 0.0 onward to ensure I accurately reached 0.08. I made sure to pause briefly at each mark to verify my position against the known increments, confirming that I was at the eighth hundredth. This step-by-step counting method helped to solidify the placement of 0.08, ensuring my solution was accurate.\"\n        }\n    ]\n}\n```"
}