{
    "dialogue": "```json\n{\n    \"dialogue\": [\n        {\n            \"role\": \"user\",\n            \"content\": \"You are a student with an ability level of High in a math class. Now, you need to solve a math problem. Please describe your thought process and steps in detail according to your ability level. The math problem is: Problem Task:\\nAccurately locate 0.093 on a number line.\\n\\nProblem Description:\\nGiven a number line marked with tenths, hundredths, and thousandths. The number line ranges from 0 to 0.1, with each large tick mark representing a tenth, each small tick mark subdivided into ten hundredths, and each hundredth further subdivided into ten thousandths.\\n\\nTask:\\nDetermine the position of 0.093 on the number line.\\nExplain between which two tenths 0.093 is located.\\nCalculate and mark the specific hundredth and thousandth where 0.093 is located.\\n\\nHints:\\n\\nPlace this number on the number line. Look at how many tenths 0.093 has, then see how many hundredths and thousandths it has.\\n0.093 has 0 tenths. This means the number is hidden between 0.0 and 0.1. Count 1 section from the left and click it.\\nThis number line zooms in between 0.0 and 0.1, so you are already in the correct tenth. You must find the correct hundredth and thousandth.\\nZoom in between the two tick marks by clicking the area where the decimal is located. Each tick mark represents a tenth. Where is 0.093 between the two tenths?\\nYou know 0.093 is between 0.0 and 0.1, but which is it closer to? Is it closer to 0.0, 0.1, or the middle at 0.05?\\n0.093 has 9 hundredths and 3 thousandths. This number is hidden just a little past the 0.09 tick mark! Imagine there are ten smaller sections between the tick marks! This number is in the 3rd small section to the right of 0.09.\\nNow you know reading the tenths as \u201c0\u201d and hundredths as \u201c9\u201d is important, but the thousandths \u201c3\u201d is not as significant because thousandths are very small.\\nStart from 0.0, count 9 tick marks to the right, then move 3 thousandths further. Note that 0.093 is close to halfway between 0.09 and 0.1, which is 0.095.\\n\\nVerification Questions:\\n\\nAt which specific hundredth and thousandth is 0.093 located on the number line?\\nCorrect Answer:\\n0.093 is located between 0.078 and 0.099..Ability level classification criteria:\\nLow-level students typically understand math problems slowly and need more time and help to solve them.\\nMedium-level students have a good understanding of math problems and can independently solve most problems.\\nHigh-level students quickly understand math problems, can efficiently solve complex problems, and can provide multiple solutions.\"\n        },\n        {\n            \"role\": \"assistant\",\n            \"content\": \"To solve the problem of locating 0.093 on the number line, I first analyzed the given number, which is between 0.0 and 0.1. Since 0.093 has no tenths, it falls within that range. I identified that it has 9 hundredths and 3 thousandths. This means I need to find the position between the 0.09 and 0.1 tick marks. Specifically, I visualized zooming in on the section between 0.09 and 0.1, counting the smaller divisions of hundredths and thousandths to precisely locate 0.093.\"\n        },\n        {\n            \"role\": \"user\",\n            \"content\": \"While solving this problem, what assumptions or predictions are you making? How do you decide on the next steps?\"\n        },\n        {\n            \"role\": \"assistant\",\n            \"content\": \"I assumed that the number line is accurately scaled and that each segment represents a consistent interval of tenths, hundredths, and thousandths. I predicted that since 0.093 has no tenths, the next relevant divisions would be the hundredths and thousandths. I decided to focus first on the hundredths, determining that I needed to be near 0.09, then move slightly to the right to find the exact position of 0.093 by estimating the smaller sections.\"\n        },\n        {\n            \"role\": \"user\",\n            \"content\": \"Did you encounter any challenges or notice any potential errors during your process? If so, how did you identify them?\"\n        },\n        {\n            \"role\": \"assistant\",\n            \"content\": \"I encountered challenges in accurately visualizing the divisions between the tick marks, particularly the tiny increments of thousandths. I realized that I needed to better gauge how small 3 thousandths is compared to the more distinguishable hundredths. The potential error in misplacing 0.093 too far toward 0.1 highlighted my need to pay closer attention to the finer sections of the number line.\"\n        },\n        {\n            \"role\": \"user\",\n            \"content\": \"Once you identified an error or challenge, how did you go about correcting it? What steps did you take to ensure the solution was accurate?\"\n        },\n        {\n            \"role\": \"assistant\",\n            \"content\": \"Once I identified the challenge of underestimating the thousandths, I recalibrated my visualization of the number line. I focused on marking clear divisions for both hundredths and thousandths, ensuring that I understood where 0.09 was first, then counted three small increments to accurately find 0.093. I used the hints given to remind myself of how to subdivide the spaces. By confirming that my estimate of 0.093 placed it slightly larger than 0.09 but not reaching 0.1, I was able to ensure that I was on track to arrive at the correct location.\"\n        }\n    ]\n}\n```"
}