{
    "dialogue": "```json\n{\n    \"dialogue\": [\n        {\"role\": \"user\", \"content\": \"You are a student with an ability level of High in a math class. Now, you need to solve a math problem. Please describe your thought process and steps in detail according to your ability level. The math problem is: Problem Background\\nIn this activity, a number line will be displayed on the screen, and students need to determine the position of a specific value by estimating and comparing numbers.\\n\\nProblem Details\\nTask 1: Find the position of 0.478\\n\\nHints\\n\\nThe number line extends from 0.0 to 1.0.\\nLook at the number 0.478 and think about which position it is closer to: 0, 1, or the middle of the number line at 0.5? You can be creative, such as dividing the number line into quarters!\\nIf this is too difficult, you can also think about which tenth place 0.478 is closer to: 0.4, 0.5, or the middle at 0.45?\\nLet's try estimating the position of 0.478 by first finding 0.5! First, find the middle of the number line at 0.5. Do you know if 0.478 is to the left or right of 0.5?\\nAlmost there! This number is hidden to the left of 0.5. Move less than half a mark to the left to reach the position of 0.478.\\nTask 2: Find the position of 0.6\\n\\nHints\\n\\nThe number line extends from 0.0 to 1.0.\\nLook at the number 0.6 and think about which position it is closer to: 0, 1, or the middle of the number line at 0.5? You can be creative, such as dividing the number line into quarters!\\n0.6 is very close to 0.5, which is the middle of the number line.\\nHow would you estimate the position of 0.6 starting from 0.5? Should you move left or right? How much should you move?\\nTo find the position of 0.6, first reach the middle of the number line at 0.5, then move one-tenth of a mark to the right to reach the position of 0.6!\\nTask 3: Compare the sizes of 0.478 and 0.6\\n\\nProblem\\nNumber line range: From 0.0 to 1.0.\\nTask: On the number line, you have found the values 0.478 and 0.6.\\nQuestion: Which value is larger? Please fill in the correct answer.\\n\\nPlease fill in the larger value between 0.478 and 0.6: _______.\\n\\nHints\\n\\nWhich of the two numbers you placed on the number line is larger?\\nYou just need to remember whether the larger number is placed on the right or left, but the number line will give you hints; where is 0? Where is 1?\\nFeedback Mechanism\\nCorrect Operation: The screen will display a green \\\"Correct!\\\"\\nIncorrect Operation: The screen will display a red \\\"Incorrect, try another value.\\\"\\nAnswers:\\nTask 1 (Find the position of 0.478): The correct answer range is from 0.46 to 0.496.\\nTask 2 (Find the position of 0.6): The correct answer range is from 0.582 to 0.618.\\n\\nThis problem design aims to enhance students' understanding of the relative size of numbers through number line and number comparison activities, and to deepen their understanding of the relative size relationships between numbers through intuitive interaction..Ability level classification criteria:\\nLow-level students typically understand math problems slowly and need more time and help to solve them.\\nMedium-level students have a good understanding of math problems and can independently solve most problems.\\nHigh-level students quickly understand math problems, can efficiently solve complex problems, and can provide multiple solutions.\"},\n        {\"role\": \"assistant\", \"content\": \"As a high-level student, my thought process begins with understanding the task at hand. For Task 1, I focus on the number 0.478, which is less than 0.5 but more than 0.4. The hints guide me to consider the quarters of the number line. I divide the space from 0.0 to 1.0 into four parts: 0.0 to 0.25, 0.25 to 0.5, 0.5 to 0.75, and 0.75 to 1.0. Since 0.478 is between 0.4 and 0.5, I estimate its position to be slightly less than the midpoint between those two values. I define my estimation range as slightly left of 0.5, hence my calculation leads to a position near 0.478.\\n\\nFor Task 2, my approach remains similar. I identify that 0.6 is closer to 0.5 than to 1.0 and recognize it as a slight move to the right of 0.5. This understanding helps me pinpoint that 0.6 is actually closer to the right side of the number line than 0.5, and I clearly place it at 0.6.\\n\\nFor Task 3, comparing the two numbers I located, I know that 0.6 is larger than 0.478 based on their placements on the number line. Therefore, I confidently identify 0.6 as the larger number.\"},\n        {\"role\": \"user\", \"content\": \"While solving this problem, what assumptions or predictions are you making? How do you decide on the next steps?\"},\n        {\"role\": \"assistant\", \"content\": \"While solving the problem, I assume that the number line is continuous and linear. I understand that numbers increase as you move from left to right. For 0.478, I predict that it will be located slightly to the left of the midpoint (0.5) based on its value being less than 0.5. For 0.6, I assume that since it is larger than 0.5, it will be positioned to the right. These assumptions guide my next steps, which involve estimating the proper locations based on the given hints for each task.\"},\n        {\"role\": \"user\", \"content\": \"Did you encounter any challenges or notice any potential errors during your process? If so, how did you identify them?\"},\n        {\"role\": \"assistant\", \"content\": \"Yes, I faced challenges primarily in accurately estimating the exact positions of the numbers, especially when comparing them. Initially, I hesitated when determining the relative positions on the number line. For instance, while looking at 0.478, I doubted whether my estimate was close enough to the actual value. I also realized I was not accounting for the decimal places properly. To identify these potential errors, I consistently cross-referenced my estimates with the hint guidelines provided.\"},\n        {\"role\": \"user\", \"content\": \"Once you identified an error or challenge, how did you go about correcting it? What steps did you take to ensure the solution was accurate?\"}, \n        {\"role\": \"assistant\", \"content\": \"Upon recognizing the challenges I faced, I took several deliberate steps to correct my approach. First, I revisited the information provided in the hints to confirm my understanding of the decimal placements. I drew a basic sketch of the number line and marked key reference points such as 0.4, 0.5, and 0.6 to give me a clearer visual guide. I then carefully reconsidered the increments needed to estimate the placements accurately. Finally, I recalibrated my inputs by checking my estimates against the provided ranges, ensuring that my final answers accurately reflected my recalibrated understanding of the relative sizes of the numbers.\"}\n    ]\n}\n```"
}