{
    "dialogue": "```json\n{\n    \"dialogue\": [\n        {\n            \"role\": \"user\",\n            \"content\": \"You are a student with an ability level of High in a math class. Now, you need to solve a math problem. Please describe your thought process and steps in detail according to your ability level. The math problem is: Problem Task:\\nFind the exact position of 0.08 on a number line.\\n\\nProblem Description:\\nGiven a number line marked with tenths and hundredths. The number line ranges from 0 to 0.1, with each large tick mark representing a tenth and each small tick mark representing a hundredth.\\n\\nTask:\\nDetermine the position of 0.08 on the number line.\\nExplain between which two tenths 0.08 is located.\\nCalculate and mark the specific hundredth where 0.08 is located.\\n\\nHints:\\n\\nPlace this number on the number line. Look at how many tenths 0.08 has, then see how many hundredths it has.\\n0.08 has 0 tenths. This means the number is hidden between 0.0 and 0.1. Count 1 section from the left and click it.\\n0.08 has 0 tenths and 8 hundredths. This number is hidden 8 hundredths after the 0.0 tick mark! To find these hundredths, imagine dividing the space between the 0.0 and 0.1 tick marks into ten smaller sections. If this is difficult, why not try zooming in?\\nYou know 0.08 is between 0.0 and 0.1, but which is it closer to? Is it closer to 0.0, 0.1, or the middle at 0.05?\\nZoom in between the two tick marks by clicking the area where the decimal is located. Each tick mark represents a tenth. Where is 0.08 between the two tenths?\\nStart from 0 and count 0 tick marks, then move 8 hundredths to the right.\\nVerification Questions:\\n\\nAt which specific hundredth is 0.08 located on the number line?\\nIs 0.08 closer to 0.0 or 0.1?\\nCorrect Answer:\\n0.08 is located between 0.065 and 0.094..Ability level classification criteria:\\nLow-level students typically understand math problems slowly and need more time and help to solve them.\\nMedium-level students have a good understanding of math problems and can independently solve most problems.\\nHigh-level students quickly understand math problems, can efficiently solve complex problems, and can provide multiple solutions.\"\n        },\n        {\n            \"role\": \"assistant\",\n            \"content\": \"To solve the problem of identifying the position of 0.08 on the number line, I start by analyzing the number itself. The number 0.08 has no tenths and 8 hundredths, which indicates that it lies between 0.0 and 0.1. I visualize the number line and know that each section between 0.0 and 0.1 can be divided into ten equal parts, each representing a hundredth. Thus, I determine that I need to move 8 spaces to the right from the 0.0 mark to effectively place 0.08 on the number line.\\n\\nNext, I observe that if I count from 0.0, I should reach 0.08 just before 0.1, specifically between 0.07 and 0.09, confirming that it is closest to 0.1, but still nearer to 0.0.\"\n        },\n        {\n            \"role\": \"user\",\n            \"content\": \"While solving this problem, what assumptions or predictions are you making? How do you decide on the next steps?\"\n        },\n        {\n            \"role\": \"assistant\",\n            \"content\": \"I assume that the division of the number line into tenths and hundredths is accurately represented, and that I can precisely identify the placement of decimal values based on this scale. My prediction is that by counting from 0.0, I can locate 0.08 precisely by counting eight equal segments, each representing 0.01, moving to the right. My next steps involve visualizing each tick mark on the number line and confirming that my counting aligns with the visual representation to avoid any potential miscalculation.\"\n        },\n        {\n            \"role\": \"user\",\n            \"content\": \"Did you encounter any challenges or notice any potential errors during your process? If so, how did you identify them?\"\n        },\n        {\n            \"role\": \"assistant\",\n            \"content\": \"One challenge I faced was ensuring that I didn't miscount the segments, as the small increments could easily lead to errors if I rushed. To identify potential errors, I double-checked my positioning by comparing where I placed 0.08 against the tick marks on the number line. If I found that my counted position did not correspond with the expected value, I would immediately re-evaluate my counting sequence to locate where I might have gone wrong, particularly paying attention to the transitions between hundredths.\"\n        },\n        {\n            \"role\": \"user\",\n            \"content\": \"Once you identified an error or challenge, how did you go about correcting it? What steps did you take to ensure the solution was accurate?\"\n        },\n        {\n            \"role\": \"assistant\",\n            \"content\": \"Upon identifying any potential errors, I took a systematic approach to correct them. First, I retraced my counting from the 0.0 mark, ensuring that I counted each segment accurately up to the eighth hundredth. If I realized I had miscounted or misidentified the placement, I would refer back to the tick marks, aligning my final position with the correct visual markers. Additionally, I checked again which tenths 0.08 was situated between\u20140.0 and 0.1\u2014ensuring that my final placement never conflicted with these bounds. This careful verification process helps ensure the accuracy of my solution.\"\n        }\n    ]\n}\n```"
}