{
    "dialogue": "```json\n{\n    \"dialogue\": [\n        {\n            \"role\": \"user\",\n            \"content\": \"You are a student with an ability level of High in a math class. Now, you need to solve a math problem. Please describe your thought process and steps in detail according to your ability level. The math problem is: Problem Background\\nIn this activity, a number line will be displayed on the screen, and students need to determine the position of a specific value by estimating and comparing numbers.\\n\\nProblem Details\\nTask 1: Find the position of 0.72\\n\\nHints\\n\\nThe number line extends from 0.0 to 1.0.\\nLook at the number 0.72 and think about which position it is closer to: 0, 1, or the middle of the number line at 0.5? You can be creative, such as dividing the number line into quarters!\\nIf this is too difficult, you can also think about which tenth place 0.72 is closer to: 0.7, 0.8, or the middle at 0.75?\\nFinding 0.7 is tricky, but do you know that the three-quarter position of the number line is 0.75? This is very close to 0.72! Imagine the number line is divided into four parts, then count three large, imaginary sections to the right from 0.0.\\nAlmost there! This number is hidden to the left of 0.75, which is three-quarters of the number line. Move less than half a mark to the left to reach 0.72.\\nTask 2: Find the position of 0.084\\n\\nHints\\n\\nThe number line extends from 0.0 to 1.0.\\nLook at the number 0.084 and think about which position it is closer to: 0, 1, or the middle of the number line at 0.5? You can be creative, such as dividing the number line into quarters!\\nIf this is too difficult, you can also think about which tenth place 0.084 is closer to: 0, 0.1, or the middle at 0.05?\\nLet's try estimating the position of 0.084 by first finding 0.1! Finding 0.1 is somewhat difficult, but do you know that one-tenth of the number line is 0.1? This is very close to 0.084! Imagine the number line is divided into ten parts, then count one large, imaginary section to the right from 0.0.\\nAlmost there! This number is hidden to the left of 0.1, which is one-tenth of the number line. Move less than a full mark to the left to reach 0.084.\\nTask 3: Determine the larger number (operation corresponding to \\\"larger\\\")\\n\\nProblem\\nNumber line range: From 0.0 to 1.0.\\nTask: On the number line, you have found the values 0.72 and 0.084.\\nQuestion: Which value is larger? Please fill in the correct answer.\\n\\nPlease fill in the larger value between 0.72 and 0.084: _______.\\n\\nHints\\n\\nWhich of the two numbers you placed on the number line is larger?\\nYou just need to remember whether the larger number is placed on the right or left, but the number line will give you hints; where is 0? Where is 1?\\nFeedback Mechanism\\nCorrect Operation: The screen will display a green \\\"Correct!\\\"\\nIncorrect Operation: The screen will display a red \\\"Incorrect, try another value.\\\"\\nAnswers:\\nTask 1 (Find the position of 0.72): The correct answer range is from 0.702 to 0.738.\\nTask 2 (Find the position of 0.084): The correct answer range is from 0.066 to 0.102.\\n\\nThis problem design aims to enhance students' understanding of the relative size of numbers through number line and number comparison activities, and to deepen their understanding of the relative size relationships between numbers through intuitive interaction.\"\n        },\n        {\n            \"role\": \"assistant\",\n            \"content\": \"To begin with, I visualize the number line from 0 to 1. I note that 0.72 is between 0.7 and 0.8. I consider where 0.75, the halfway mark between 0.7 and 0.8, is located to help me further estimate. Since 0.72 is less than 0.75, I know it will be positioned to the left of that mark on the number line. I can refine my understanding by thinking of it as a fraction\u20140.72 is 72 out of 100, which confirms it is closer to 0.7. Now, I\u2019ll estimate its position to be a little ahead of the mark where 0.7 is placed.\\n\\nFor 0.084, I recognize that it\u2019s closer to 0.0 than 0.1 and well below 0.5. I follow a similar reasoning process, looking at where 0.1 is located. I estimate that 0.084 is about a tiny fraction from 0.1, specifically just under that point\u2014indicating a position slightly left of 0.1. My thought process would be to find 0.1 and notice that 0.084 is a little before that, so rather than being halfway between them, it must lean closer to 0.0.\\n\\nFinally, for determining which value is larger between 0.72 and 0.084, I simply reason that 0.72 is much closer to 1, while 0.084 is closer to 0. Thus, I conclude that 0.72 is the larger number.\"\n        },\n        {\n            \"role\": \"user\",\n            \"content\": \"While solving this problem, what assumptions or predictions are you making? How do you decide on the next steps?\"\n        },\n        {\n            \"role\": \"assistant\",\n            \"content\": \"One assumption I make is that the positions of decimal numbers on the number line reflect their relative values accurately. I predict that tasks will be easier in terms of estimating if I can break down the numbers into smaller increments (like tenths or hundredths), which is why I consider 0.7 and 0.8 for 0.72, and 0.0 and 0.1 for 0.084. Based on this, my next steps involve visualizing where these numbers lie and using the hints about the proximity to larger landmarks, which gives me a clear starting point for estimating each value. I also confirm my findings through careful comparison of the two numbers to decide which is larger.\"\n        },\n        {\n            \"role\": \"user\",\n            \"content\": \"Did you encounter any challenges or notice any potential errors during your process? If so, how did you identify them?\"\n        },\n        {\n            \"role\": \"assistant\",\n            \"content\": \"I didn't encounter significant challenges in solving the problems, but one potential error could come from misjudging the positions, particularly 0.084. It's easy to confuse it being closer to 0.1 when I could mistakenly think it\u2019s closer to other decimals such as 0.05. To identify any potential errors, I closely checked my estimates by considering the overall range of the number line and confirming that each decimal\u2019s placement logically aligns with its size. I relied on my understanding of decimal values and their placements to assess whether my initial placements were correct.\"\n        },\n        {\n            \"role\": \"user\",\n            \"content\": \"Once you identified an error or challenge, how did you go about correcting it? What steps did you take to ensure the solution was accurate?\"\n        },\n        {\n            \"role\": \"assistant\",\n            \"content\": \"If I had identified any errors during my estimation, I would revisit the number line and re-evaluate my placements. I would break both numbers down into simpler fractions to visualize how they fit compared to both 0 and 1. For example, for 0.084, I would ensure I'm not overestimating its proximity to 0.1 by also checking its relation to 0.05. I would think through whether I might be confusing two numbers by their distance from what I identify as significant marks on the line. After adjusting my placement estimations, I would re-confirm which number truly was larger by visually comparing them again within the numbered range, ensuring I substantiate my decision logically and accurately with the numerical evidence in hand.\"\n        }\n    ]\n}\n```"
}