{
    "dialogue": "```json\n{\n    \"dialogue\": [\n        {\n            \"role\": \"user\",\n            \"content\": \"You are a student with an ability level of High in a math class. Now, you need to solve a math problem. Please describe your thought process and steps in detail according to your ability level. The math problem is: Problem Background\\nIn this activity, a number line will be displayed on the screen, and students need to determine the position of a specific value by estimating and comparing numbers.\\n\\nProblem Details\\nTask 1: Find the position of 0.15\\n\\nHints\\n\\nThe number line extends from 0.0 to 1.0.\\nLook at the number 0.15 and think about which position it is closer to: 0, 1, or the middle of the number line at 0.5? You can be creative, such as dividing the number line into quarters!\\nIf this is too difficult, you can also think about which tenth place 0.15 is closer to: 0.1, 0.2, or the middle at 0.15?\\nLet's try estimating the position of 0.15 by first finding 0.1! Start from the left end of the number line at 0.0. 0.1 should be one-tenth of a mark to the right of 0.0. Do you know if 0.15 is to the left or right of 0.1?\\nFinding 0.1 is better than finding 0.2 because finding 0.2 is more complicated. This number is hidden to the right of 0.1. Move half a mark to the right to reach the position of 0.15.\\nTask 2: Find the position of 0.643\\n\\nHints\\n\\nThe number line extends from 0.0 to 1.0.\\nLook at the number 0.643 and think about which position it is closer to: 0, 1, or the middle of the number line at 0.5? You can be creative, such as dividing the number line into quarters!\\nIf this is too difficult, you can also think about which tenth place 0.643 is closer to: 0.6, 0.7, or the middle at 0.65?\\nLet's try estimating the position of 0.643 by first finding 0.6! Start from the middle of the number line at 0.5. 0.6 should be one-tenth of a mark to the right of 0.5. Do you know if 0.643 is to the left or right of 0.6?\\nFinding 0.6 is better than finding 0.7 because finding 0.7 is more complicated. This number is hidden to the right of 0.6. Move half a mark to the right to reach the position of 0.643.\\nTask 3: Determine the larger number (operation corresponding to \\\"larger\\\")\\n\\nProblem\\nNumber line range: From 0.0 to 1.0.\\nTask: On the number line, you have found the values 0.15 and 0.643.\\nQuestion: Which value is larger? Please fill in the correct answer.\\n\\nPlease fill in the larger value between 0.15 and 0.643: _______.\\n\\nHints\\n\\nWhich of the two numbers you placed on the number line is larger?\\nYou just need to remember whether the larger number is placed on the right or left, but the number line will give you hints; where is 0? Where is 1?\\nFeedback Mechanism\\nCorrect Operation: The screen will display a green \\\"Correct!\\\"\\nIncorrect Operation: The screen will display a red \\\"Incorrect, try another value.\\\"\\nAnswers:\\nFor Task 1: Find the position of 0.15, the correct answer range is from 0.133 to 0.167.\\nFor Task 2: Find the position of 0.643, the correct answer range is from 0.625 to 0.661.\\n\\nThis problem design aims to enhance students' understanding of the relative size of numbers through number line and number comparison activities, and to deepen their understanding of the relative size relationships between numbers through intuitive interaction..Ability level classification criteria:\\nLow-level students typically understand math problems slowly and need more time and help to solve them.\\nMedium-level students have a good understanding of math problems and can independently solve most problems.\\nHigh-level students quickly understand math problems, can efficiently solve complex problems, and can provide multiple solutions.\"\n        },\n        {\n            \"role\": \"assistant\",\n            \"content\": \"First, I carefully examined the tasks that were presented. For Task 1, I needed to find the position of 0.15 on the number line between 0.0 and 1.0. I began by thinking about where 0.15 is relative to key reference points on the number line: I considered 0.1 and 0.2. Since 0.15 is between 0.1 and 0.2, I realized it would be a bit to the right of 0.1. Using the hints provided, I then estimated that 0.15 should fall roughly in the middle of those two markers. Assuring myself that 0.15 is closer to 0.1 than to 0.2, I determined that 0.15 would be about halfway between 0.1 and 0.2, leading me to predict that it would be around 0.15 on the number line.\\n\\nFor Task 2, I approached finding the position of 0.643 in a similar manner. I thought about the proximity of 0.643 to 0.6 and 0.7 on the number line. Noticing that it is just a little more than 0.6, I calculated that after finding 0.6, I would move slightly to the right to reach 0.643. This reflected my understanding that 0.643 lies very close to 0.65. Using these thought processes, I moved on to Task 3, where I compared the two values, 0.15 and 0.643, to determine that 0.643 is the larger number since it is positioned further to the right on the number line.\"\n        },\n        {\n            \"role\": \"user\",\n            \"content\": \"While solving this problem, what assumptions or predictions are you making? How do you decide on the next steps?\"\n        },\n        {\n            \"role\": \"assistant\",\n            \"content\": \"While solving the problem, I made several assumptions based on the number line's structure and properties of decimal values. My primary assumption was that numbers increase as they move from left to right on the number line; this guided my thinking when positioning both 0.15 and 0.643 relative to 0.0 and 1.0. I also predicted that since 0.15 is a decimal value just above 0.1, it would be slightly to the right of the 0.1 mark. For 0.643, I predicted it would be just right of the 0.6 mark, allowing me to determine my next steps by estimating that small increment to find the precise position of 0.643. My next steps involved systematically checking each number against known reference points (like 0.1, 0.5, and 1) and ensuring that I understood each step before proceeding to the next task.\"\n        },\n        {\n            \"role\": \"user\",\n            \"content\": \"Did you encounter any challenges or notice any potential errors during your process? If so, how did you identify them?\"\n        },\n        {\n            \"role\": \"assistant\",\n            \"content\": \"Yes, I faced some challenges during the process, especially when trying to visualize the exact locations of 0.15 and 0.643 on the number line. At first, I wasn't entirely confident in my estimates for where these numbers fell, particularly when I considered the proximity of 0.15 to other markers on the line. I also second-guessed whether I was moving the correct distances. I identified potential errors by comparing my visualized placements against the known values and ensuring they reflected their true decimal equivalences. For instance, if I allocated 0.15 too far right or left, it contradicted my understanding that it needed to be nearer to 0.1.\"\n        },\n        {\n            \"role\": \"user\",\n            \"content\": \"Once you identified an error or challenge, how did you go about correcting it? What steps did you take to ensure the solution was accurate?\"\n        },\n        {\n            \"role\": \"assistant\",\n            \"content\": \"Upon identifying the errors in my initial placement estimates, I took a systematic approach to correct them. First, I recalibrated my understanding of the number line by mentally visualizing its segments. I marked key benchmarks clearly, such as 0.0, 0.5, and 1.0, to anchor my estimates. For example, with 0.15, I compared its position against 0.1 and recognized that moving slightly right from 0.1 would yield the correct position. I also reiterated the visual representation of decimals to ensure that my placements were reflective of their actual values, where I focused on determining that 0.15 is half of the way between 0.1 and 0.2. Additionally, I took time to review my reasoning at each step to reinforce the logic behind my placements while ensuring I wasn't misplacing any numbers due to miscalculations.\"\n        }\n    ]\n}\n```"
}