{
    "dialogue": "```json\n{\n    \"dialogue\": [\n        {\n            \"role\": \"user\",\n            \"content\": \"You are a student with an ability level of High in a math class. Now, you need to solve a math problem. Please describe your thought process and steps in detail according to your ability level. The math problem is: Problem Task:\\nFind the exact position of 0.61 on a number line.\\n\\nProblem Description:\\nGiven a number line marked with tenths and hundredths. The number line ranges from 0 to 1, with each large tick mark representing a tenth and each small tick mark representing a hundredth.\\n\\nTask:\\nDetermine the position of 0.61 on the number line.\\nExplain between which two tenths 0.61 is located.\\nCalculate and mark the specific hundredth where 0.61 is located.\\n\\nHints:\\n\\nPlace this number on the number line. Look at how many tenths 0.61 has, then see how many hundredths it has.\\n0.61 has 6 tenths. This means the number is hidden between 0.6 and 0.7. Count 7 sections from the left and click it.\\n0.61 has 6 tenths and 1 hundredth. This number is hidden 1 hundredth after the 0.6 tick mark! To find these hundredths, imagine dividing the space between the 0.6 and 0.7 tick marks into ten smaller sections. If this is difficult, why not try zooming in?\\nYou know 0.61 is between 0.6 and 0.7, but which is it closer to? Is it closer to 0.6, 0.7, or the middle at 0.65?\\nZoom in between the two tick marks by clicking the area where the decimal is located. Each tick mark represents a tenth. Where is 0.61 between the two tenths?\\nStart from 0 and count 6 tick marks, then move 1 hundredth to the right. Note that 0.61 is close to 0.6.\\nVerification Questions:\\n\\nAt which specific hundredth is 0.61 located on the number line?\\nIs 0.61 closer to 0.6 or 0.7?\\nCorrect Answer:\\n0.61 is located between 0.601 and 0.625..Ability level classification criteria:\\nLow-level students typically understand math problems slowly and need more time and help to solve them.\\nMedium-level students have a good understanding of math problems and can independently solve most problems.\\nHigh-level students quickly understand math problems, can efficiently solve complex problems, and can provide multiple solutions.\"\n        },\n        {\n            \"role\": \"assistant\",\n            \"content\": \"To solve the problem of locating 0.61 on the number line, my first step is to identify that 0.61 is a decimal number. It consists of 6 tenths (0.6) and 1 hundredth (0.01). I visualize the number line that ranges from 0 to 1, where each tenth is marked clearly with large tick marks and the hundredths are indicated with smaller ticks.\\n\\nNext, I recognize that 0.61 lies between 0.6 and 0.7. Since 0.61 is greater than 0.6 and less than 0.7, I can pinpoint that it is specifically located right after 0.6. \\n\\nTo further refine my estimation, I note that the difference between 0.6 and 0.7 is 0.1, which means I can break this into ten equal segments to find the hundredths. This allows me to reason that each small tick mark represents 0.01, and thus I count 1 tick mark from 0.6 to reach 0.61.\"\n        },\n        {\n            \"role\": \"user\",\n            \"content\": \"While solving this problem, what assumptions or predictions are you making? How do you decide on the next steps?\"\n        },\n        {\n            \"role\": \"assistant\",\n            \"content\": \"While solving this problem, I assume that the number line is accurate and well-defined, with uniform divisions between each tenth and each hundredth. My prediction is that by identifying the tenths and hundredths position clearly, I will be able to pinpoint 0.61 accurately between these marks. \\n\\nMy next steps involve counting the tenths and hundredths as indicated in the hints provided. I will first locate the placement of 0.6, then accurately move one additional hundredth to the right to mark 0.61 precisely.\"\n        },\n        {\n            \"role\": \"user\",\n            \"content\": \"Did you encounter any challenges or notice any potential errors during your process? If so, how did you identify them?\"\n        },\n        {\n            \"role\": \"assistant\",\n            \"content\": \"A potential challenge I identified while working on the problem was ensuring that I interpreted the tenths and hundredths correctly. Because it's easy to miscount when looking at a number line visually, I took care to double-check my counting of the ticks. I confirmed the placement of 0.6 and 0.7, then carefully counted to ensure I marked 0.61 correctly. I realized that a common error could stem from either rushing through the counting or misinterpreting the space between the marks.\"\n        },\n        {\n            \"role\": \"user\",\n            \"content\": \"Once you identified an error or challenge, how did you go about correcting it? What steps did you take to ensure the solution was accurate?\"\n        },\n        {\n            \"role\": \"assistant\",\n            \"content\": \"Once I recognized the challenge of ensuring accurate placement, I took a methodological approach to verify my calculations. I first stepped back and visually aligned my focus on the number line, ensuring that I could see the tick marks clearly. Then, I counted the tenths from 0 to 6 to locate 0.6. After confirming this position, I started a fresh count of the hundredths from 0.6 to identify 0.61.\\n\\nBy taking these steps, I could ensure that I accurately represented the decimals on the number line. Additionally, I may have zoomed in on the visualization of the number line to get a clearer view of where the specific ticks are located, which helped me validate that my final answer was 0.61 identified correctly between 0.601 and 0.625.\"\n        }\n    ]\n}\n```"
}