{
    "dialogue": "```json\n{\n    \"dialogue\": [\n        {\n            \"role\": \"user\",\n            \"content\": \"You are a student with an ability level of High in a math class. Now, you need to solve a math problem. Please describe your thought process and steps in detail according to your ability level. The math problem is: Problem Task:\\nFind the exact position of 0.08 on a number line.\\n\\nProblem Description:\\nGiven a number line marked with tenths and hundredths. The number line ranges from 0 to 0.1, with each large tick mark representing a tenth and each small tick mark representing a hundredth.\\n\\nTask:\\nDetermine the position of 0.08 on the number line.\\nExplain between which two tenths 0.08 is located.\\nCalculate and mark the specific hundredth where 0.08 is located.\\n\\nHints:\\n\\nPlace this number on the number line. Look at how many tenths 0.08 has, then see how many hundredths it has.\\n0.08 has 0 tenths. This means the number is hidden between 0.0 and 0.1. Count 1 section from the left and click it.\\n0.08 has 0 tenths and 8 hundredths. This number is hidden 8 hundredths after the 0.0 tick mark! To find these hundredths, imagine dividing the space between the 0.0 and 0.1 tick marks into ten smaller sections. If this is difficult, why not try zooming in?\\nYou know 0.08 is between 0.0 and 0.1, but which is it closer to? Is it closer to 0.0, 0.1, or the middle at 0.05?\\nZoom in between the two tick marks by clicking the area where the decimal is located. Each tick mark represents a tenth. Where is 0.08 between the two tenths?\\nStart from 0 and count 0 tick marks, then move 8 hundredths to the right.\\n\\nVerification Questions:\\n\\nAt which specific hundredth is 0.08 located on the number line?\\nIs 0.08 closer to 0.0 or 0.1?\\nCorrect Answer:\\n0.08 is located between 0.065 and 0.094..Ability level classification criteria:\\nLow-level students typically understand math problems slowly and need more time and help to solve them.\\nMedium-level students have a good understanding of math problems and can independently solve most problems.\\nHigh-level students quickly understand math problems, can efficiently solve complex problems, and can provide multiple solutions.\"\n        },\n        {\n            \"role\": \"assistant\",\n            \"content\": \"To solve the problem of locating 0.08 on the number line, I start by understanding its components: 0.08 consists of 0 tenths and 8 hundredths. This means that on the number line, the value is between 0.0 and 0.1. I know that 0.1 is the next tenth after 0.0, so I visualize the number line with tick marks at 0.0, 0.1, and the hundredths between them.\\n\\nThe next step is to focus on the hundredths. Since 0.08 has 8 hundredths, I recognize that it is positioned closer to 0.0. I can imagine the segment between 0.0 and 0.1 divided into 10 equal sections, each representing one hundredth. Hence, I count 8 small tick marks starting from 0.0 until I reach the point representing 0.08. This point lies between the marks of 0.07 and 0.09, confirming that 0.08 is indeed between these two tenths.\"\n        },\n        {\n            \"role\": \"user\",\n            \"content\": \"While solving this problem, what assumptions or predictions are you making? How do you decide on the next steps?\"\n        },\n        {\n            \"role\": \"assistant\",\n            \"content\": \"While solving this problem, I assume that the number line is accurately marked and that the distance between each tick represents consistent increments of one hundredth. Based on this, I predict that the position of 0.08 can be reliably identified by counting forward from 0.0. My next steps are to systematically mark the hundredths on the line, ensuring I maintain the proper scale by counting each one as I move right from 0.0. I\u2019ll also validate my findings by confirming that 0.08 lies closer to 0.0 than to 0.1.\"\n        },\n        {\n            \"role\": \"user\",\n            \"content\": \"Did you encounter any challenges or notice any potential errors during your process? If so, how did you identify them?\"\n        },\n        {\n            \"role\": \"assistant\",\n            \"content\": \"As I was determining the position of 0.08, I initially considered the possibility of miscounting the hundredths, especially since the scale can sometimes appear smaller on the number line. However, I identified this potential error by mentally visualizing and marking each tick as I counted. If I felt uncertain about my count, I would double-check by recalibrating my perspective and repeating the counting process. It helped to pause for a second and avoid rush decisions that could lead to misplacement.\"\n        },\n        {\n            \"role\": \"user\",\n            \"content\": \"Once you identified an error or challenge, how did you go about correcting it? What steps did you take to ensure the solution was accurate?\"\n        },\n        {\n            \"role\": \"assistant\",\n            \"content\": \"When I sensed a possible error in my counting, I paused to revisit the counting process from the beginning, yet this time, I utilized a more structured approach by visibly marking interim points on the number line, possibly using pencil or a gentle finger trace. I counted from 0.0 again, ensuring that I counted each hundredth carefully from 0.01 to 0.08, confirming my placement after each tick. This methodical approach ensured that I plotted 0.08 correctly and could visualize and confirm that it indeed lies between 0.07 and 0.09, reinforcing my answer.\"\n        }\n    ]\n}\n```"
}