{
    "dialogue": "```json\n{\n    \"dialogue\": [\n        {\n            \"role\": \"user\",\n            \"content\": \"You are a student with an ability level of High in a math class. Now, you need to solve a math problem. Please describe your thought process and steps in detail according to your ability level. The math problem is: Problem Background\\nIn this activity, a number line will be displayed on the screen, and students need to determine the position of a specific value by estimating and comparing numbers.\\n\\nProblem Details\\nTask 1: Find the position of 0.15\\n\\nHints\\n\\nThe number line extends from 0.0 to 1.0.\\nLook at the number 0.15 and think about which position it is closer to: 0, 1, or the middle of the number line at 0.5? You can be creative, such as dividing the number line into quarters!\\nIf this is too difficult, you can also think about which tenth place 0.15 is closer to: 0.1, 0.2, or the middle at 0.15?\\nLet's try estimating the position of 0.15 by first finding 0.1! Start from the left end of the number line at 0.0. 0.1 should be one-tenth of a mark to the right of 0.0. Do you know if 0.15 is to the left or right of 0.1?\\nFinding 0.1 is better than finding 0.2 because finding 0.2 is more complicated. This number is hidden to the right of 0.1. Move half a mark to the right to reach the position of 0.15.\\nTask 2: Find the position of 0.643\\n\\nHints\\n\\nThe number line extends from 0.0 to 1.0.\\nLook at the number 0.643 and think about which position it is closer to: 0, 1, or the middle of the number line at 0.5? You can be creative, such as dividing the number line into quarters!\\nIf this is too difficult, you can also think about which tenth place 0.643 is closer to: 0.6, 0.7, or the middle at 0.65?\\nLet's try estimating the position of 0.643 by first finding 0.6! Start from the middle of the number line at 0.5. 0.6 should be one-tenth of a mark to the right of 0.5. Do you know if 0.643 is to the left or right of 0.6?\\nFinding 0.6 is better than finding 0.7 because finding 0.7 is more complicated. This number is hidden to the right of 0.6. Move half a mark to the right to reach the position of 0.643.\\nTask 3: Determine the larger number (operation corresponding to \\\"larger\\\")\\n\\nProblem\\nNumber line range: From 0.0 to 1.0.\\nTask: On the number line, you have found the values 0.15 and 0.643.\\nQuestion: Which value is larger? Please fill in the correct answer.\\n\\nPlease fill in the larger value between 0.15 and 0.643: _______.\\n\\nHints\\n\\nWhich of the two numbers you placed on the number line is larger?\\nYou just need to remember whether the larger number is placed on the right or left, but the number line will give you hints; where is 0? Where is 1?\\nFeedback Mechanism\\nCorrect Operation: The screen will display a green \\\"Correct!\\\"\\nIncorrect Operation: The screen will display a red \\\"Incorrect, try another value.\\\"\\nAnswers:\\nFor Task 1: Find the position of 0.15, the correct answer range is from 0.133 to 0.167.\\nFor Task 2: Find the position of 0.643, the correct answer range is from 0.625 to 0.661.\\n\\nThis problem design aims to enhance students' understanding of the relative size of numbers through number line and number comparison activities, and to deepen their understanding of the relative size relationships between numbers through intuitive interaction..Ability level classification criteria:\\nLow-level students typically understand math problems slowly and need more time and help to solve them.\\nMedium-level students have a good understanding of math problems and can independently solve most problems.\\nHigh-level students quickly understand math problems, can efficiently solve complex problems, and can provide multiple solutions.\"\n        },\n        {\n            \"role\": \"assistant\",\n            \"content\": \"To solve the math problem, I first read the instructions carefully and made a note of the tasks I needed to complete. Starting with Task 1, I focused on estimating the position of 0.15 on the number line. Knowing the number line ranges from 0.0 to 1.0, I reflected on how 0.15 is closer to 0.1 than it is to 0.2. Since I understood that the number line can be divided into quarters, I positioned 0.1 and then estimated that 0.15 would be a small increment to the right of 0.1. I realized this is about halfway between 0.1 and 0.2, which helped me narrow down the placement.\\n\\nFor Task 2, I approached finding the position of 0.643. I determined that 0.643 lies closer to 0.6 than to 0.7, because it is just about halfway between these numbers. I remembered that 0.6 is one-tenth to the right of 0.5, so I started from 0.5 and moved a tenth to reach 0.6. Then, I moved a small increment further, estimating that 0.643 was a little less than halfway between 0.6 and 0.7.\\n\\nFinally, in Task 3, I needed to compare 0.15 and 0.643. It was quick to determine that since 0.643 is to the right of 0.15 on the number line, 0.643 is indeed the larger value.\"\n        },\n        {\n            \"role\": \"user\",\n            \"content\": \"While solving this problem, what assumptions or predictions are you making? How do you decide on the next steps?\"\n        },\n        {\n            \"role\": \"assistant\",\n            \"content\": \"While solving this problem, I made a couple of assumptions. First, I assumed that I could accurately determine the positions of the numbers based on my understanding of decimal values and their positions on a linear number line. In making predictions, I anticipated that moving right from a given number would yield a larger number, while moving left would yield a smaller one. This understanding guided my estimation process. \\n\\nFor deciding my next steps, I relied on the hints provided in the tasks. For instance, after estimating 0.1, I predicted that moving slightly to the right would lead me to 0.15. Then, after identifying where 0.6 was located, I logically deduced that to find 0.643, I should start from 0.6 and move a fraction of a mark further to the right.\"\n        },\n        {\n            \"role\": \"user\",\n            \"content\": \"Did you encounter any challenges or notice any potential errors during your process? If so, how did you identify them?\"\n        },\n        {\n            \"role\": \"assistant\",\n            \"content\": \"Yes, I did encounter some challenges while solving these tasks. One challenge was in accurately visualizing where 0.15 and 0.643 fell on the number line. At first, I hesitated to pinpoint the right increments, especially when estimating 0.15. I realized I hadn't precisely identified where 0.1 was before trying to locate 0.15. \\n\\nI identified potential errors by double-checking my placements by comparing them with the typical understanding of decimal values. When I compared 0.15 and 0.643, I had to ensure I was not confusing their relative sizes, especially under pressure to finalize my answers.\"\n        },\n        {\n            \"role\": \"user\",\n            \"content\": \"Once you identified an error or challenge, how did you go about correcting it? What steps did you take to ensure the solution was accurate?\"\n        },\n        {\n            \"role\": \"assistant\",\n            \"content\": \"Once I identified an error, my first step was to revisit the number line concept and carefully reassess the position of each number. I took a moment to visualize the number line clearly, marking key values: 0.0, 0.5, and 1.0, which helped me better understand the placement of other decimals. For instance, when estimating 0.15, I reaffirmed that it should be slightly to the right of 0.1, ensuring it was close but not exceeding 0.2.\\n\\nIn correcting my approach, I recalibrated how I thought about the increments. I broke down sizes into tenths and hundredths, which allowed me to see how close each value was to one another. To ensure accuracy, I repeated the process of checking my work against the decimal positions I had learned. Verifying my comparison of 0.15 and 0.643 once more validated my conclusion, leading me to confidently report that 0.643 is larger.\"\n        }\n    ]\n}\n```"
}