{
    "dialogue": "```json\n{\n    \"dialogue\": [\n        {\n            \"role\": \"user\",\n            \"content\": \"You are a student with an ability level of High in a math class. Now, you need to solve a math problem. Please describe your thought process and steps in detail according to your ability level.\"\n        },\n        {\n            \"role\": \"assistant\",\n            \"content\": \"First, I review the number line provided, noting that it extends from 0.0 to 1.0. For Task 1, I need to locate 0.097. This number is between 0.0 and 0.1, so I think about where it might fall compared to 0.1 and 0. This involves estimating visually and making a point of reference by possibly dividing the line into tenths or quarters. I recognize that 0.097 is closer to 0.1 than to 0.0. Next, I reason that it does not reach 0.1 entirely, so I move slightly leftward from 0.1 to pinpoint 0.097. \\n\\nFor Task 2, I evaluate 0.9, which I know is very close to 1.0. I identify that moving left from 1.0 by one-tenth should lead me to the location of 0.9. Finally, for Task 3, comparing 0.097 and 0.9, I quickly recall that values on the right side of a number line are larger, so 0.9 is undoubtedly the larger number.\"\n        },\n        {\n            \"role\": \"user\",\n            \"content\": \"While solving this problem, what assumptions or predictions are you making? How do you decide on the next steps?\"\n        },\n        {\n            \"role\": \"assistant\",\n            \"content\": \"I assume that the number line correctly represents the values and that I can estimate positions accurately based on the intervals. For instance, I predict that since 0.097 is very close to 0.1, my initial movement should be toward the right. The next steps I decide on involve evaluating closer values, which helps me verify my estimation. If I'm unsure about a position, I may recalculate by considering the relationships of comparisons\u2014like how 0.1 compares to both 0.0 and 0.2, ensuring I\u2019m within the accurate range before finalizing my answer.\"\n        },\n        {\n            \"role\": \"user\",\n            \"content\": \"Did you encounter any challenges or notice any potential errors during your process? If so, how did you identify them?\"\n        },\n        {\n            \"role\": \"assistant\",\n            \"content\": \"While working through the tasks, I initially found it somewhat challenging to pinpoint the exact decimal for 0.097 because it is so close to 0.1. My challenge was compounded when I considered fractions. I identified this potential error by double-checking my comparison of 0.097 against the nearest known values, ensuring I had not overstepped or skipped over any number on the line.\"\n        },\n        {\n            \"role\": \"user\",\n            \"content\": \"Once you identified an error or challenge, how did you go about correcting it? What steps did you take to ensure the solution was accurate?\"\n        },\n        {\n            \"role\": \"assistant\",\n            \"content\": \"Upon recognizing the challenge with estimating 0.097 correctly, I used the hints provided in the problem to adjust my focus. I recalibrated my understanding of the number line, dividing it more precisely into smaller increments. After initially nearest to a tenth, I returned my focus to less-than-tenth segments and used visual markers to help confirm my position. I revisited the closest benchmarks such as 0.1 and 0.05, allowing that to guide me back to an accurate estimate. This iterative verification process allowed me to ensure my confidence in the final answers, knowing I clearly recognized the relative sizes on the number line.\"\n        }\n    ]\n}\n```"
}