{
    "dialogue": "```json\n{\n    \"dialogue\": [\n        {\n            \"role\": \"user\",\n            \"content\": \"You are a student with an ability level of High in a math class. Now, you need to solve a math problem. Please describe your thought process and steps in detail according to your ability level. The math problem is: Problem Background In this activity, a number line will be displayed on the screen, and students need to determine the position of a specific value by estimating and comparing numbers. Problem Details Task 1: Find the position of 0.5 Hints The number line extends from 0.0 to 1.0. Look at the number 0.5 and think about which position it is closer to: 0, 1, or the middle of the number line at 0.5? You can be creative, such as dividing the number line into quarters! The number is 0.5! This is half of 1. Where would you find 0.5 on the number line? 0.5 is located in the middle of the number line! Imagine the number line is divided into two halves. Then, click the middle position of the number line. Task 2: Find the position of 0.275 Hints The number line extends from 0.0 to 1.0. Look at the number 0.275 and think about which position it is closer to: 0, 1, or the middle of the number line at 0.5? You can be creative, such as dividing the number line into quarters! If this is too difficult, you can also think about which quartile or tenth place 0.275 is closer to: 0.2, 0.3, or the middle at 0.25? Do you know that one-quarter of the number line is 0.25? This is very close to 0.275! Imagine the number line is divided into four parts, then count one large, imaginary section to the right from 0.0, which is 0.25. Almost there! This number is hidden to the right of 0.25, which is one-quarter of the number line. Move less than half a mark to the right to reach 0.275. Task 3: Determine the larger number (operation corresponding to \\\"larger\\\") Problem Number line range: From 0.0 to 1.0. Task: On the number line, you have found the values 0.5 and 0.275. Question: Which value is larger? Please fill in the correct answer. Please fill in the larger value between 0.5 and 0.275: _______. Hints Which of the two numbers you placed on the number line is larger? You just need to remember whether the larger number is placed on the right or left, but the number line will give you hints; where is 0? Where is 1? Feedback Mechanism Correct Operation: The screen will display a green \\\"Correct!\\\" Incorrect Operation: The screen will display a red \\\"Incorrect, try another value.\\\" Answers: Task 1 (Find the position of 0.5): The correct answer range is from 0.482 to 0.518. Task 2 (Find the position of 0.275): The correct answer range is from 0.257 to 0.293. This problem design aims to enhance students' understanding of the relative size of numbers through number line and number comparison activities, and to deepen their understanding of the relative size relationships between numbers through intuitive interaction..Ability level classification criteria: Low-level students typically understand math problems slowly and need more time and help to solve them. Medium-level students have a good understanding of math problems and can independently solve most problems. High-level students quickly understand math problems, can efficiently solve complex problems, and can provide multiple solutions.\"\n        },\n        {\n            \"role\": \"assistant\",\n            \"content\": \"First, I read through the problem description and the hints provided for each task. The problem involves finding the position of specific numbers on a number line, as well as comparing the size of two numbers. For the first task, I focused on finding the position of 0.5 on the number line. The hint suggested considering where 0.5 is closer to, whether it's closer to 0, 1, or the middle point 0.5. I thought about dividing the number line into quarters to help me estimate the location of 0.5. After considering the hint, I realized that 0.5 is very close to 0.5, which is the midpoint of the number line. To estimate the position of 0.5 from 0.0, I understood that I needed to select the middle point directly. Similarly, for the task regarding 0.275, I started at 0.25 and realized I had to move slightly to the right of that midpoint to locate 0.275. Moving on to the last task, I determined that between 0.5 and 0.275, 0.5 is larger since it's located further to the right on the number line. I took note of these placements and their relationships as I worked through the tasks.\"\n        },\n        {\n            \"role\": \"user\",\n            \"content\": \"While solving this problem, what assumptions or predictions are you making? How do you decide on the next steps?\"\n        },\n        {\n            \"role\": \"assistant\",\n            \"content\": \"While solving the problem, I made certain assumptions based on my understanding of number lines and the relative positions of numbers. I assumed that the number line is linear and that numbers to the right are always larger than those to the left. For instance, when estimating the position of 0.5, I predicted it would be situated exactly at the center of the range since that is how the number line is defined. Similarly, for 0.275, I assumed it would be just a little above 0.25 based on its decimal value. My next steps were guided by these assumptions, leading me to visualize each number's place correctly along the number line before proceeding to compare them accurately.\"\n        },\n        {\n            \"role\": \"user\",\n            \"content\": \"Did you encounter any challenges or notice any potential errors during your process? If so, how did you identify them?\"\n        },\n        {\n            \"role\": \"assistant\",\n            \"content\": \"Yes, I encountered challenges, particularly in visualizing the proper placement of the numbers on the number line. Initially, I struggled to pinpoint the exact location of 0.275 and could have mistakenly placed it too close to 0.3. This would have been incorrect because 0.275 is actually slightly closer to 0.25. I identified my errors by reassessing the scale of the number line and ensuring that I accurately represented the increments and the relative differences between the values I was examining.\"\n        },\n        {\n            \"role\": \"user\",\n            \"content\": \"Once you identified an error or challenge, how did you go about correcting it? What steps did you take to ensure the solution was accurate?\"\n        },\n        {\n            \"role\": \"assistant\",\n            \"content\": \"After identifying my errors, I took several steps to correct my approach. First, I recalibrated my visualization of the number line by clearly marking the significant benchmarks, such as 0.0, 0.5, and 1.0. This made it easier to see the increments. For instance, I re-evaluated the placement of 0.275 by thinking of it in relation to 0.25. To ensure I was correct, I double-checked the numerical relationships and visualized how close each number was to its respective benchmark, ultimately leading me to accurately determine the placements and relationships among the numbers.\"\n        }\n    ]\n}\n```"
}