{
    "dialogue": "```json\n{\n    \"dialogue\": [\n        {\n            \"role\": \"user\",\n            \"content\": \"You are a student with an ability level of High in a math class. Now, you need to solve a math problem. Please describe your thought process and steps in detail according to your ability level. The math problem is: Problem Background\\nIn this activity, a number line will be displayed on the screen, and students need to determine the position of a specific value by estimating and comparing numbers.\\n\\nProblem Details\\nTask 1: Find the position of 0.72\\n\\nHints\\n\\nThe number line extends from 0.0 to 1.0.\\nLook at the number 0.72 and think about which position it is closer to: 0, 1, or the middle of the number line at 0.5? You can be creative, such as dividing the number line into quarters!\\nIf this is too difficult, you can also think about which tenth place 0.72 is closer to: 0.7, 0.8, or the middle at 0.75?\\nFinding 0.7 is tricky, but do you know that the three-quarter position of the number line is 0.75? This is very close to 0.72! Imagine the number line is divided into four parts, then count three large, imaginary sections to the right from 0.0.\\nAlmost there! This number is hidden to the left of 0.75, which is three-quarters of the number line. Move less than half a mark to the left to reach 0.72.\\nTask 2: Find the position of 0.084\\n\\nHints\\n\\nThe number line extends from 0.0 to 1.0.\\nLook at the number 0.084 and think about which position it is closer to: 0, 1, or the middle of the number line at 0.5? You can be creative, such as dividing the number line into quarters!\\nIf this is too difficult, you can also think about which tenth place 0.084 is closer to: 0, 0.1, or the middle at 0.05?\\nLet's try estimating the position of 0.084 by first finding 0.1! Finding 0.1 is somewhat difficult, but do you know that one-tenth of the number line is 0.1? This is very close to 0.084! Imagine the number line is divided into ten parts, then count one large, imaginary section to the right from 0.0.\\nAlmost there! This number is hidden to the left of 0.1, which is one-tenth of the number line. Move less than a full mark to the left to reach 0.084.\\nTask 3: Determine the larger number (operation corresponding to 'larger')\\n\\nProblem\\nNumber line range: From 0.0 to 1.0.\\nTask: On the number line, you have found the values 0.72 and 0.084.\\nQuestion: Which value is larger? Please fill in the correct answer.\\n\\nPlease fill in the larger value between 0.72 and 0.084: _______.\\n\\nHints\\n\\nWhich of the two numbers you placed on the number line is larger?\\nYou just need to remember whether the larger number is placed on the right or left, but the number line will give you hints; where is 0? Where is 1?\\nFeedback Mechanism\\nCorrect Operation: The screen will display a green 'Correct!'\\nIncorrect Operation: The screen will display a red 'Incorrect, try another value.'\\nAnswers:\\nTask 1 (Find the position of 0.72): The correct answer range is from 0.702 to 0.738.\\nTask 2 (Find the position of 0.084): The correct answer range is from 0.066 to 0.102.\\n\\nThis problem design aims to enhance students' understanding of the relative size of numbers through number line and number comparison activities, and to deepen their understanding of the relative size relationships between numbers through intuitive interaction..Ability level classification criteria:\\nLow-level students typically understand math problems slowly and need more time and help to solve them.\\nMedium-level students have a good understanding of math problems and can independently solve most problems.\\nHigh-level students quickly understand math problems, can efficiently solve complex problems, and can provide multiple solutions.\"\n        },\n        {\n            \"role\": \"assistant\",\n            \"content\": \"First, I read through the problem description and the hints provided for each task. The problem involves finding the position of specific numbers on a number line, as well as comparing the size of two numbers.\\n\\nFor Task 1, I focused on finding the position of 0.72. I recognized that it's between 0.7 and 0.8, with a closer proximity to 0.75. This led me to estimate its position as slightly less than 0.75. To clarify, I could imagine 0.7 at three-quarters of the way to 0.75 on the scale, which would position 0.72 just a bit to the left of that point.\\n\\nIn Task 2, locating 0.084 involved similar reasoning. I anticipated starting close to 0, realizing that 0.084 is just to the left of the rounded figure of 0.1. That required me to visualize the number being very small and positioned slightly right of 0.0, but left enough to avoid exceeding 0.1.\\n\\nFor Task 3, I simply compared 0.72 and 0.084. I inferred that 0.72, being significantly larger than 0.084, would be positioned to the right of it on the number line, leading to the conclusion that 0.72 is the larger number.\"\n        },\n        {\n            \"role\": \"user\",\n            \"content\": \"While solving this problem, what assumptions or predictions are you making? How do you decide on the next steps?\"\n        },\n        {\n            \"role\": \"assistant\",\n            \"content\": \"While solving the problem, I assumed that all numbers are placed linearly on the number line, with higher values always positioned further to the right. When I encountered 0.72, I predicted it would fall between 0.7 and 0.8, leaning closer to the latter due to its decimal. This reasoning guided my approach in Task 1, leading me to decide on exploring the segment of the number line between these two values. For Task 2, I similarly assumed that since 0.084 is a small number, I would primarily work around the lower end of the number line, focusing on values near 0.1. My general approach for next steps was based on accurately estimating the decimal increments based on logical proximity.\"\n        },\n        {\n            \"role\": \"user\",\n            \"content\": \"Did you encounter any challenges or notice any potential errors during your process? If so, how did you identify them?\"\n        },\n        {\n            \"role\": \"assistant\",\n            \"content\": \"Yes, I faced some challenges, particularly in accurately visualizing the relative positions of the numbers. In estimating the position of 0.72, I hesitated between its placement and determining how much less than 0.75 it actually is. This uncertainty made me second-guess my answers. When comparing 0.72 and 0.084, I caught myself initially doubting my judgment of which number is actually larger. I identified these errors by reviewing the numeric values and recalling their basic properties; ensuring I had a correct mental image helped me clarify my initial confusion.\"\n        },\n        {\n            \"role\": \"user\",\n            \"content\": \"Once you identified an error or challenge, how did you go about correcting it? What steps did you take to ensure the solution was accurate?\"\n        },\n        {\n            \"role\": \"assistant\",\n            \"content\": \"Upon identifying the uncertainty in my placements, I took several corrective steps. First, I re-evaluated my approach to the problem, focusing on each task's hints more thoroughly. For example, I marked 0.5 and 0.75 on a mental number line while solving the first task, clarifying the increments between numbers. This helped me visualize where 0.72 fits in relation to both benchmarks. For the comparison task, I meticulously re-examined both numbers, considering their decimal differences. I reminded myself that accurate placement on the number line is crucial, and this led me to finalize that 0.72 is indeed larger than 0.084 confidently.\"\n        }\n    ]\n}\n```"
}