{
    "dialogue": "{\n    \"dialogue\": [\n        {\n            \"role\": \"user\",\n            \"content\": \"You are a student with an ability level of High in a math class. Now, you need to solve a math problem. Please describe your thought process and steps in detail according to your ability level. The math problem is: Problem Task: Accurately locate 0.093 on a number line.\\n\\nProblem Description: Given a number line marked with tenths, hundredths, and thousandths. The number line ranges from 0 to 0.1, with each large tick mark representing a tenth, each small tick mark subdivided into ten hundredths, and each hundredth further subdivided into ten thousandths.\\n\\nTask: Determine the position of 0.093 on the number line. Explain between which two tenths 0.093 is located. Calculate and mark the specific hundredth and thousandth where 0.093 is located.\\n\\nHints: Place this number on the number line. Look at how many tenths 0.093 has, then see how many hundredths and thousandths it has. 0.093 has 0 tenths. This means the number is hidden between 0.0 and 0.1. Count 1 section from the left and click it. This number line zooms in between 0.0 and 0.1, so you are already in the correct tenth. You must find the correct hundredth and thousandth. Zoom in between the two tick marks by clicking the area where the decimal is located. Each tick mark represents a tenth. Where is 0.093 between the two tenths? You know 0.093 is between 0.0 and 0.1, but which is it closer to? Is it closer to 0.0, 0.1, or the middle at 0.05? 0.093 has 9 hundredths and 3 thousandths. This number is hidden just a little past the 0.09 tick mark! Imagine there are ten smaller sections between the tick marks! This number is in the 3rd small section to the right of 0.09. Now you know reading the tenths as \u201c0\u201d and hundredths as \u201c9\u201d is important, but the thousandths \u201c3\u201d is not as significant because thousandths are very small. Start from 0.0, count 9 tick marks to the right, then move 3 thousandths further. Note that 0.093 is close to halfway between 0.09 and 0.1, which is 0.095.\\n\\nVerification Questions: At which specific hundredth and thousandth is 0.093 located on the number line? Correct Answer: 0.093 is located between 0.078 and 0.099.\\nAbility level classification criteria: Low-level students typically understand math problems slowly and need more time and help to solve them. Medium-level students have a good understanding of math problems and can independently solve most problems. High-level students quickly understand math problems, can efficiently solve complex problems, and can provide multiple solutions.\"\n        },\n        {\n            \"role\": \"assistant\",\n            \"content\": \"To solve this problem, I first recognize that I need to locate 0.093 on a number line that is divided into tenths, hundredths, and thousandths. I note that since 0.093 is clearly between 0.0 and 0.1, it is essential to focus on the marks between these two tenths. Next, I identify that 0.093 comprises no tenths (0), nine hundredths (0.09), and three thousandths (0.003).\\n\\nI start by marking the position of 0.09 on the line as it gives me a reference point. The hints suggest moving to the right to locate 0.093. Thus, I visualize and mentally divide the space between 0.09 and 0.1 into ten smaller sections, to intuitively find that 0.093 resides in the third section following 0.09. I confidently conclude that 0.093 exists slightly beyond 0.09, well within the range between 0.09 and 0.1.\"\n        },\n        {\n            \"role\": \"user\",\n            \"content\": \"While solving this problem, what assumptions or predictions are you making? How do you decide on the next steps?\"\n        },\n        {\n            \"role\": \"assistant\",\n            \"content\": \"I assume that the number line is accurately marked and that the divisions are equal, which means I can rely on these markers to find the correct placement of 0.093. I predict that since 0.093 is a value that is closer to 0.1, I will need to move right from 0.09 to find its exact location. After establishing this, my next step is to visualize the number line and count how many subdivisions I need to traverse from 0.09 to find the precise location of 0.093. This systematic approach helps me ensure I don't overshoot or miss the intended spot.\"\n        },\n        {\n            \"role\": \"user\",\n            \"content\": \"Did you encounter any challenges or notice any potential errors during your process? If so, how did you identify them?\"\n        },\n        {\n            \"role\": \"assistant\",\n            \"content\": \"While working through this problem, I did encounter a moment of hesitation regarding whether the placement of numbers was precise enough. Initially, I considered the possibility of miscounting the sections between 0.09 and 0.1. I identified this potential error by pausing to double-check my counting of the small divisions. By consistently referring back to the tick marks and ensuring that I counted accurately from 0.09, I could verify my understanding and maintain confidence in finding the correct position of 0.093.\"\n        },\n        {\n            \"role\": \"user\",\n            \"content\": \"Once you identified an error or challenge, how did you go about correcting it? What steps did you take to ensure the solution was accurate?\"\n        },\n        {\n            \"role\": \"assistant\",\n            \"content\": \"To address my uncertainty about the placement of 0.093, I took the opportunity to reassess the relative distances and visualization of the number line. I re-visualized the space between 0.09 and 0.1, counting each small section more carefully this time. By marking the ticks and focusing on their positions, I confirmed my previous count of three sections to the right of 0.09. I also referenced the decimal value of 0.093 in relation to 0.09 and 0.1 to ensure accuracy. This cautious approach of visual verification and repeated checks helped solidify my confidence in the placement of 0.093 on the number line.\"\n        }\n    ]\n}"
}