{
    "dialogue": "```json\n{\n    \"dialogue\": [\n        {\n            \"role\": \"user\",\n            \"content\": \"You are a student with an ability level of High in a math class. Now, you need to solve a math problem. Please describe your thought process and steps in detail according to your ability level. The math problem is: Problem Background\\nIn this activity, a number line will be displayed on the screen, and students need to determine the position of a specific value by estimating and comparing numbers.\\n\\nProblem Details\\nTask 1: Find the position of 0\\n\\nHints\\n\\nThe number line extends from 0.0 to 1.0.\\nLook at the number 0 and think about which position it is closer to: 0, 1, or the middle of the number line at 0.5? You can be creative, such as dividing the number line into quarters!\\nThe number is 0! This is the starting point of the number line.\\n0 is located at the far left end of the number line!\\nImagine the starting point of the number line at the far left end. Then, click the far left end position of the number line.\\nTask 2: Find the position of 0.05\\n\\nHints\\n\\nThe number line extends from 0.0 to 1.0.\\nLook at the number 0.05 and think about which position it is closer to: 0, 1, or the middle of the number line at 0.5? You can be creative, such as dividing the number line into quarters!\\nIf this is too difficult, you can also think about which tenth place 0.05 is closer to: 0, 0.1, or the middle at 0.05?\\nLet's try estimating the position of 0.05 by first finding 0.0! Locate 0.0 on the left end of the number line. Do you know if 0.05 is to the left or right of 0.0?\\nAlmost there! This number is hidden between 0.0 and 0.1. Move half a mark to the right to reach 0.05.\\nTask 3: Determine the larger number (operation corresponding to \\\"larger\\\")\\n\\nProblem\\nNumber line range: From 0.0 to 1.0.\\nTask: On the number line, you have found the values 0 and 0.05.\\nQuestion: Which value is larger? Please fill in the correct answer.\\n\\nPlease fill in the larger value between 0 and 0.05: _______.\\n\\nHints\\n\\nWhich of the two numbers you placed on the number line is larger?\\nYou just need to remember whether the larger number is placed on the right or left, but the number line will give you hints; where is 0? Where is 1?\\nFeedback Mechanism\\nCorrect Operation: The screen will display a green \\\"Correct!\\\"\\nIncorrect Operation: The screen will display a red \\\"Incorrect, try another value.\\\"\\nAnswers:\\nTask 1 (Find the position of 0): The correct answer range is from -0.018 to 0.018.\\nTask 2 (Find the position of 0.05): The correct answer range is from 0.032 to 0.068.\\n\\nThis problem design aims to enhance students' understanding of the relative size of numbers through number line and number comparison activities, and to deepen their understanding of the relative size relationships between numbers through intuitive interaction..Ability level classification criteria:\\nLow-level students typically understand math problems slowly and need more time and help to solve them.\\nMedium-level students have a good understanding of math problems and can independently solve most problems.\\nHigh-level students quickly understand math problems, can efficiently solve complex problems, and can provide multiple solutions.\"\n        },\n        {\n            \"role\": \"assistant\",\n            \"content\": \"To solve the problem, I first carefully read through the entire problem statement and the hints provided. I recognized that the tasks involve determining positions on a number line, which requires understanding the placement of decimal values relative to the defined range. For each task, I mentally visualize the number line and identify key points: 0.0, 1.0, and the midpoint at 0.5. In making predictions about 0 and 0.05, I understand that 0 is at the far left end, while 0.05 will fall slightly to the right of 0.0, specifically between 0.0 and 0.1.\"\n        },\n        {\n            \"role\": \"user\",\n            \"content\": \"While solving this problem, what assumptions or predictions are you making? How do you decide on the next steps?\"\n        },\n        {\n            \"role\": \"assistant\",\n            \"content\": \"I assume that the number line will have precise markings to help me identify the intervals accurately. My prediction for task 1 is straightforward: since 0 is the starting point, I do not need to make any complex estimations. For task 2, I predict that 0.05 will be closer to 0.0 and a bit past the midpoint; hence, I plan to visually estimate its position by subdividing the section between 0.0 and 0.1 into smaller parts. As I progress, I will double-check my inferred positions by considering the distances from these key points.\"\n        },\n        {\n            \"role\": \"user\",\n            \"content\": \"Did you encounter any challenges or notice any potential errors during your process? If so, how did you identify them?\"\n        },\n        {\n            \"role\": \"assistant\",\n            \"content\": \"One challenge I faced was making sure I accurately placed 0.05. Initially, I might have considered moving too far to the right instead of properly estimating the midpoint. I identified this potential error by remembering the relative size and position of decimal values, checking whether I was exceeding or underestimating the mark I aimed to click on the number line. Reflecting on my understanding of fractions also helped me avoid potential pitfalls in placement.\"\n        },\n        {\n            \"role\": \"user\",\n            \"content\": \"Once you identified an error or challenge, how did you go about correcting it? What steps did you take to ensure the solution was accurate?\"\n        },\n        {\n            \"role\": \"assistant\",\n            \"content\": \"To correct the initial estimation challenge with 0.05, I took a moment to reconsider the visual layout of the number line. I mentally redivided the segment between 0.0 and 0.1 into tenths and highlighted the idea that 0.05 is exactly halfway between these two points. This helped me identify the critical intermediate step of placing it precisely. I returned to focus on checking my position carefully against these subdivisions, confirming each step along the way to ensure my placement was both accurate and clear.\"\n        }\n    ]\n}\n```"
}