{
    "dialogue": "```json\n{\n    \"dialogue\": [\n        {\n            \"role\": \"user\",\n            \"content\": \"You are a student with an ability level of High in a math class. Now, you need to solve a math problem. Please describe your thought process and steps in detail according to your ability level. The math problem is: Problem Background In this activity, a number line will be displayed on the screen, and students need to determine the position of a specific value by estimating and comparing numbers. Problem Details Task 1: Find the position of 0.097 Hints The number line extends from 0.0 to 1.0. Think about which number 0.097 is closer to: 0, 1, or the middle of the number line at 0.5? You can be creative, such as dividing the number line into quarters! If this is too difficult, you can also think about which tenth place 0.097 is closer to: 0, 0.1, or the middle at 0.05? Note that this number is very close to 0.1. Therefore, once you estimate the position of 0.1, it's already a good estimate! Then move slightly to the left to reach the position of 0.097. Let's try estimating the position of 0.097 by first finding 0.1! Start from the left end of the number line at 0.0. 0.1 should be one-tenth of a mark to the right of 0.0. Do you know if 0.097 is to the left or right of 0.1? Should you move left or right? Task 2: Find the position of 0.9 Hints The number line extends from 0.0 to 1.0. Look at the number 0.9 and think about which position it is closer to: 0, 1, or the middle of the number line at 0.5? You can be creative, such as dividing the number line into quarters! 0.9 is very close to 1, which is the right end of the number line. How would you estimate the position of 0.9 starting from 1? Should you move left or right? How much should you move? To find the position of 0.9, first reach the right end of the number line at 1, then move one-tenth of a mark to the left to reach the position of 0.9! Task 3: Compare the sizes of 0.097 and 0.9 Problem Number line range: From 0.0 to 1.0. Task: On the number line, you have found the values 0.097 and 0.9. Question: Which value is larger? Please fill in the correct answer. Please fill in the larger value between 0.097 and 0.9: _______. Hints Which of the two numbers you placed on the number line is larger? You just need to remember whether the larger number is placed on the right or left, but the number line will give you hints; where is 0? Where is 1? Feedback Mechanism Correct Operation: The screen will display a green \\\"Correct!\\\" Incorrect Operation: The screen will display a red \\\"Incorrect, try another value.\\\" Answers: Task 1 (Find the position of 0.097): The correct answer range is from 0.079 to 0.1. Task 2 (Find the position of 0.9): The correct answer range is from 0.882 to 0.918. This problem design aims to enhance students' understanding of the relative size of numbers through number line and number comparison activities, and to deepen their understanding of the relative size relationships between numbers through intuitive interaction..Ability level classification criteria: Low-level students typically understand math problems slowly and need more time and help to solve them. Medium-level students have a good understanding of math problems and can independently solve most problems. High-level students quickly understand math problems, can efficiently solve complex problems, and can provide multiple solutions.\"\n        },\n        {\n            \"role\": \"assistant\",\n            \"content\": \"First, I read through the problem description and the hints provided for each task. The combined tasks involve finding the position of two numbers on a number line as well as comparing their sizes. I understood that I would need to estimate the positions of these numbers based on their decimal values relative to 0, 1, and the midpoint of the number line. I started by isolating each task, focusing first on identifying where 0.097 would fall on the line. Since 0.097 is very close to 0.1, I began with that point, moving slightly left to accurately locate 0.097. This involved visualizing the number line divided into tenths and recognizing that 0.097 is just a bit less than 0.1.\\n\\nFor 0.9, I reasoned that it is close to the right end of the number line at 1. I moved from 1 and stepped left by one-tenth of a unit to place 0.9 correctly. Lastly, I compared the two numbers, taking into account my previous placements to determine which was larger. Logically, I knew that 0.9 would be farther to the right on the number line than 0.097, thus concluding that 0.9 is indeed the larger number.\"\n        },\n        {\n            \"role\": \"user\",\n            \"content\": \"While solving this problem, what assumptions or predictions are you making? How do you decide on the next steps?\"\n        },\n        {\n            \"role\": \"assistant\",\n            \"content\": \"While working through the problems, I made several assumptions regarding the nature of the number line. I assumed it was linear and that movement towards the right would always lead to larger numbers and movement to the left would correspond with smaller values. When considering the position of 0.097, I predicted it would be just slightly left of 0.1 because it is a smaller value. My decision to first locate 0.1 was based on its proximity to 0.097, guiding my next step of moving a tiny bit left. For the position of 0.9, I assumed it would be very close to 1 and decided to approach it by starting from 1 and moving left just a small step, which helped solidify my understanding of decimal placement.\"\n        },\n        {\n            \"role\": \"user\",\n            \"content\": \"Did you encounter any challenges or notice any potential errors during your process? If so, how did you identify them?\"\n        },\n        {\n            \"role\": \"assistant\",\n            \"content\": \"I did encounter some challenges, particularly regarding the accuracy of my estimations along the number line. Initially, I hesitated while determining whether my placement of 0.097 was correct, as I wasn\u2019t sure if I was visualizing the decimal increments precisely enough. Additionally, when comparing 0.097 and 0.9, I found myself briefly second-guessing which one was larger. I identified these potential errors by double-checking my placements against my understanding of decimal values. For instance, if I pictured 0.1 clearly marked, it became much easier to see where 0.097 lay in relation to that benchmark.\"\n        },\n        {\n            \"role\": \"user\",\n            \"content\": \"Once you identified an error or challenge, how did you go about correcting it? What steps did you take to ensure the solution was accurate?\"\n        },\n        {\n            \"role\": \"assistant\",\n            \"content\": \"Upon realizing an error or challenge in my placement, I first took a moment to clarify my understanding of the number line in relation to each decimal value. I approached it by reaffirming the positions of 0.0, 0.1, and 1.0 in my mind, which provided a clearer visual reference. For instance, I re-evaluated how 0.097 should fit between 0.0 and 0.1 and corrected my estimation accordingly. I also considered the decimal increments more carefully. Specifically, to ensure that my comparisons were accurate, I reaffirmed the basic rule that numbers to the right are larger and cross-checked my placements by imagining a line marked with smaller intervals, enhancing my clarity and ultimately leading me to accurate solutions.\"\n        }\n    ]\n}\n```"
}