{
    "dialogue": "```json\n{\n    \"dialogue\": [\n        {\n            \"role\": \"user\",\n            \"content\": \"You are a student with an ability level of High in a math class. Now, you need to solve a math problem. Please describe your thought process and steps in detail according to your ability level. The math problem is: Problem Task:\\nAccurately locate 0.093 on a number line.\\n\\nProblem Description:\\nGiven a number line marked with tenths, hundredths, and thousandths. The number line ranges from 0 to 0.1, with each large tick mark representing a tenth, each small tick mark subdivided into ten hundredths, and each hundredth further subdivided into ten thousandths.\\n\\nTask:\\nDetermine the position of 0.093 on the number line.\\nExplain between which two tenths 0.093 is located.\\nCalculate and mark the specific hundredth and thousandth where 0.093 is located.\\n\\nHints:\\n\\nPlace this number on the number line. Look at how many tenths 0.093 has, then see how many hundredths and thousandths it has.\\n0.093 has 0 tenths. This means the number is hidden between 0.0 and 0.1. Count 1 section from the left and click it.\\nThis number line zooms in between 0.0 and 0.1, so you are already in the correct tenth. You must find the correct hundredth and thousandth.\\nZoom in between the two tick marks by clicking the area where the decimal is located. Each tick mark represents a tenth. Where is 0.093 between the two tenths?\\nYou know 0.093 is between 0.0 and 0.1, but which is it closer to? Is it closer to 0.0, 0.1, or the middle at 0.05?\\n0.093 has 9 hundredths and 3 thousandths. This number is hidden just a little past the 0.09 tick mark! Imagine there are ten smaller sections between the tick marks! This number is in the 3rd small section to the right of 0.09.\\nNow you know reading the tenths as \u201c0\u201d and hundredths as \u201c9\u201d is important, but the thousandths \u201c3\u201d is not as significant because thousandths are very small.\\nStart from 0.0, count 9 tick marks to the right, then move 3 thousandths further. Note that 0.093 is close to halfway between 0.09 and 0.1, which is 0.095.\\nVerification Questions:\\n\\nAt which specific hundredth and thousandth is 0.093 located on the number line?\\nCorrect Answer:\\n0.093 is located between 0.078 and 0.099..Ability level classification criteria:\\nLow-level students typically understand math problems slowly and need more time and help to solve them.\\nMedium-level students have a good understanding of math problems and can independently solve most problems.\\nHigh-level students quickly understand math problems, can efficiently solve complex problems, and can provide multiple solutions.\"\n        },\n        {\n            \"role\": \"assistant\",\n            \"content\": \"To solve this problem, I start by identifying the tenths, hundredths, and thousandths in 0.093. I know that 0.1 is the next tenth after 0.0, so 0.093 must be located between these two points. I first analyze the place value: 0 tenths, 9 hundredths, and 3 thousandths. This means I need to find point 0.09 on the number line and then move a bit to the right to account for the 3 thousandths. \\n\\nNext, I visualize the number line and the subdivisions. Each tenth is divided into 10 equal parts (the hundredths), and the interval between 0.09 and the next tenth (0.1) is also divided into these smaller sections. Specifically, I need to count 9 tick marks to the right for the hundredths and then 3 more small sections for the thousandths. Following this methodical approach allows me to pinpoint 0.093 accurately on the number line.\"\n        },\n        {\n            \"role\": \"user\",\n            \"content\": \"While solving this problem, what assumptions or predictions are you making? How do you decide on the next steps?\"\n        },\n        {\n            \"role\": \"assistant\",\n            \"content\": \"I am assuming that the number line is accurately marked and that each subdivision correctly represents the values of the tenths, hundredths, and thousandths. I predict that by counting the subdivisions accurately, I should be able to find 0.093 without any issues. My next steps involve carefully assessing the number line, ensuring I understand the distribution of ticks and making sure that I am counting from the right starting point, which is 0.0 to 0.1. I always double-check my position at each step to confirm accuracy.\"\n        },\n        {\n            \"role\": \"user\",\n            \"content\": \"Did you encounter any challenges or notice any potential errors during your process? If so, how did you identify them?\"\n        },\n        {\n            \"role\": \"assistant\",\n            \"content\": \"One challenge I faced was ensuring that I was accurately counting the small subdivisions from 0.09 to 0.1. At first, it was easy to miscount the tiny divisions, especially given that they are close together. I identified this potential error by frequently verifying my position with the tick marks. If I felt uncertain, I would double check the subdivisions to prevent any miscalculations.\"\n        },\n        {\n            \"role\": \"user\",\n            \"content\": \"Once you identified an error or challenge, how did you go about correcting it? What steps did you take to ensure the solution was accurate?\"\n        },\n        {\n            \"role\": \"assistant\",\n            \"content\": \"Upon noticing any miscounting, I would pause and retrace my steps to ensure that I was accurately counting each tick mark from 0.09. I would count the tick marks again slowly, ensuring each step was precise. I also made a point to visualize the subdivisions in terms of decimal placements, confirming that my count accurately reflected the decimal places (0.09, followed by 0.093, and moving towards 0.1). Through this meticulous approach, I ensured that my solution was accurate.\"\n        }\n    ]\n}\n```"
}