{
    "dialogue": "```json\n{\n    \"dialogue\": [\n        {\n            \"role\": \"user\",\n            \"content\": \"You are a student with an ability level of High in a math class. Now, you need to solve a math problem. Please describe your thought process and steps in detail according to your ability level. The math problem is: Problem Background\\nIn this activity, a number line will be displayed on the screen, and students need to determine the position of a specific value by estimating and comparing numbers.\\n\\nProblem Details\\nTask 1: Find the position of 0.5\\n\\nHints\\n\\nThe number line extends from 0.0 to 1.0.\\nLook at the number 0.5 and think about which position it is closer to: 0, 1, or the middle of the number line at 0.5? You can be creative, such as dividing the number line into quarters!\\nThe number is 0.5! This is half of 1. Where would you find 0.5 on the number line?\\n0.5 is located in the middle of the number line!\\nImagine the number line is divided into two halves. Then, click the middle position of the number line.\\nTask 2: Find the position of 0.275\\n\\nHints\\n\\nThe number line extends from 0.0 to 1.0.\\nLook at the number 0.275 and think about which position it is closer to: 0, 1, or the middle of the number line at 0.5? You can be creative, such as dividing the number line into quarters!\\nIf this is too difficult, you can also think about which quartile or tenth place 0.275 is closer to: 0.2, 0.3, or the middle at 0.25?\\nDo you know that one-quarter of the number line is 0.25? This is very close to 0.275! Imagine the number line is divided into four parts, then count one large, imaginary section to the right from 0.0, which is 0.25.\\nAlmost there! This number is hidden to the right of 0.25, which is one-quarter of the number line. Move less than half a mark to the right to reach 0.275.\\nTask 3: Determine the larger number (operation corresponding to \\\"larger\\\")\\n\\nProblem\\nNumber line range: From 0.0 to 1.0.\\nTask: On the number line, you have found the values 0.5 and 0.275.\\nQuestion: Which value is larger? Please fill in the correct answer.\\n\\nPlease fill in the larger value between 0.5 and 0.275: _______.\\n\\nHints\\n\\nWhich of the two numbers you placed on the number line is larger?\\nYou just need to remember whether the larger number is placed on the right or left, but the number line will give you hints; where is 0? Where is 1?\\nFeedback Mechanism\\nCorrect Operation: The screen will display a green \\\"Correct!\\\"\\nIncorrect Operation: The screen will display a red \\\"Incorrect, try another value.\\\"\\nAnswers:\\nTask 1 (Find the position of 0.5): The correct answer range is from 0.482 to 0.518.\\nTask 2 (Find the position of 0.275): The correct answer range is from 0.257 to 0.293.\\n\\nThis problem design aims to enhance students' understanding of the relative size of numbers through number line and number comparison activities, and to deepen their understanding of the relative size relationships between numbers through intuitive interaction..Ability level classification criteria:\\nLow-level students typically understand math problems slowly and need more time and help to solve them.\\nMedium-level students have a good understanding of math problems and can independently solve most problems.\\nHigh-level students quickly understand math problems, can efficiently solve complex problems, and can provide multiple solutions.\"\n        },\n        {\n            \"role\": \"assistant\",\n            \"content\": \"To tackle this problem, I started by analyzing the details provided in each task. I gathered that the first task involved locating the number 0.5 on the number line, which I recognized as the midpoint between 0 and 1. By conceptualizing the number line, I immediately understood that 0.5 would be located exactly in the center. This helped me visualize the number line clearly.\\n\\nFor the second task, the goal was to locate 0.275. I utilized the hints to compare it with known points like 0.25 and 0.3. Understanding that 0.275 is very close to 0.25, I could estimate its position effectively, visualizing it just a bit further to the right of 0.25.\\n\\nThe final task required me to compare 0.5 and 0.275. I reflected on their positions on the number line; since 0.5 sits further to the right, I could confidently conclude that it was the larger value.\"\n        },\n        {\n            \"role\": \"user\",\n            \"content\": \"While solving this problem, what assumptions or predictions are you making? How do you decide on the next steps?\"\n        },\n        {\n            \"role\": \"assistant\",\n            \"content\": \"During the problem-solving process, I made certain assumptions based on my familiarity with decimal values and their placements on the number line. I presumed that since numbers increase as you move right on the number line, 0.5 would definitely be larger than 0.275. Additionally, I anticipated that both numbers involved would be within the interval of 0.0 to 1.0, which simplified the task. My next steps were guided by these predictions; for instance, after identifying where 0.5 is, I focused on comparing 0.275 close to it and quickly moved to analyze which of the two numbers was larger.\"\n        },\n        {\n            \"role\": \"user\",\n            \"content\": \"Did you encounter any challenges or notice any potential errors during your process? If so, how did you identify them?\"\n        },\n        {\n            \"role\": \"assistant\",\n            \"content\": \"While working through the tasks, I did encounter some challenges, particularly in accurately visualizing the exact placement of 0.275 on the number line. Although I knew it was close to 0.25, I hesitated briefly on its exact position between known benchmarks. Additionally, while comparing the two numbers, I recognized potential errors in judgment where I mistakenly visualized the scale incorrectly. I identified these issues by continually referencing my mental image of the number line, checking for consistency with my expectations regarding the decimal values, and reassessing whether the placements aligned correctly.\"\n        },\n        {\n            \"role\": \"user\",\n            \"content\": \"Once you identified an error or challenge, how did you go about correcting it? What steps did you take to ensure the solution was accurate?\"\n        },\n        {\n            \"role\": \"assistant\",\n            \"content\": \"Upon identifying the challenges in my visualizations, I took specific steps to correct my approach. First, I recalibrated my understanding of the number line, ensuring I had clear benchmarks for 0.0, 0.5, and 1.0 clearly marked in my mind. I then focused on segmenting the line into quarters, utilizing the hints to reaffirm my estimations for 0.275 by going back and visualizing its proximity to 0.25 and 0.3. Lastly, to confirm the accuracy of my solutions, I double-checked my placements by considering slight increments and ensuring that my final placements adhered to the pattern of the decimal system. This thorough review process allowed me to confidently conclude my assessments.\"\n        }\n    ]\n}\n```"
}