{
    "dialogue": "```json\n{\n    \"dialogue\": [\n        {\n            \"role\": \"user\",\n            \"content\": \"You are a student with an ability level of High in a math class. Now, you need to solve a math problem. Please describe your thought process and steps in detail according to your ability level. The math problem is: Problem Background\\nIn this activity, a number line will be displayed on the screen, and students need to determine the position of a specific value by estimating and comparing numbers.\\n\\nProblem Details\\nTask 1: Find the position of 0.15\\n\\nHints\\n\\nThe number line extends from 0.0 to 1.0.\\nLook at the number 0.15 and think about which position it is closer to: 0, 1, or the middle of the number line at 0.5? You can be creative, such as dividing the number line into quarters!\\nIf this is too difficult, you can also think about which tenth place 0.15 is closer to: 0.1, 0.2, or the middle at 0.15?\\nLet's try estimating the position of 0.15 by first finding 0.1! Start from the left end of the number line at 0.0. 0.1 should be one-tenth of a mark to the right of 0.0. Do you know if 0.15 is to the left or right of 0.1?\\nFinding 0.1 is better than finding 0.2 because finding 0.2 is more complicated. This number is hidden to the right of 0.1. Move half a mark to the right to reach the position of 0.15.\\nTask 2: Find the position of 0.643\\n\\nHints\\n\\nThe number line extends from 0.0 to 1.0.\\nLook at the number 0.643 and think about which position it is closer to: 0, 1, or the middle of the number line at 0.5? You can be creative, such as dividing the number line into quarters!\\nIf this is too difficult, you can also think about which tenth place 0.643 is closer to: 0.6, 0.7, or the middle at 0.65?\\nLet's try estimating the position of 0.643 by first finding 0.6! Start from the middle of the number line at 0.5. 0.6 should be one-tenth of a mark to the right of 0.5. Do you know if 0.643 is to the left or right of 0.6?\\nFinding 0.6 is better than finding 0.7 because finding 0.7 is more complicated. This number is hidden to the right of 0.6. Move half a mark to the right to reach the position of 0.643.\\nTask 3: Determine the larger number (operation corresponding to \\\"larger\\\")\\n\\nProblem\\nNumber line range: From 0.0 to 1.0.\\nTask: On the number line, you have found the values 0.15 and 0.643.\\nQuestion: Which value is larger? Please fill in the correct answer.\\n\\nPlease fill in the larger value between 0.15 and 0.643: _______.\\n\\nHints\\n\\nWhich of the two numbers you placed on the number line is larger?\\nYou just need to remember whether the larger number is placed on the right or left, but the number line will give you hints; where is 0? Where is 1?\\nFeedback Mechanism\\nCorrect Operation: The screen will display a green \\\"Correct!\\\"\\nIncorrect Operation: The screen will display a red \\\"Incorrect, try another value.\\\"\\nAnswers:\\nFor Task 1: Find the position of 0.15, the correct answer range is from 0.133 to 0.167.\\nFor Task 2: Find the position of 0.643, the correct answer range is from 0.625 to 0.661.\\n\\nThis problem design aims to enhance students' understanding of the relative size of numbers through number line and number comparison activities, and to deepen their understanding of the relative size relationships between numbers through intuitive interaction.\\nAbility level classification criteria:\\nLow-level students typically understand math problems slowly and need more time and help to solve them.\\nMedium-level students have a good understanding of math problems and can independently solve most problems.\\nHigh-level students quickly understand math problems, can efficiently solve complex problems, and can provide multiple solutions.\"\n        },\n        {\n            \"role\": \"assistant\",\n            \"content\": \"To solve the problem, I first visualize the number line stretching from 0.0 to 1.0. I analyze the value 0.15 and notice that it is closer to 0.1 on the left side than to 0.2 on the right. By dividing the number line into quarters, I deduce that 0.15 falls slightly above 0.1. Next, for 0.643, I recognize it is closer to 0.6 than 0.7, so I locate 0.6 by starting at 0.5 and moving 0.1 to the right. Once I confirm the positions, I can determine which value is larger by comparing 0.15 and 0.643 visually on the number line.\"\n        },\n        {\n            \"role\": \"user\",\n            \"content\": \"While solving this problem, what assumptions or predictions are you making? How do you decide on the next steps?\"\n        },\n        {\n            \"role\": \"assistant\",\n            \"content\": \"I assume that I can find the position of any decimal point by comparing it to known fractions or decimals on the number line. My first prediction is that both values will fit predictably into the established segments of the number line. Based on this assumption, I decide to begin my calculations by finding 0.1 and 0.6 as reference points. This structured approach helps me clearly visualize where other values like 0.15 and 0.643 should fall in relation to these reference points.\"\n        },\n        {\n            \"role\": \"user\",\n            \"content\": \"Did you encounter any challenges or notice any potential errors during your process? If so, how did you identify them?\"\n        },\n        {\n            \"role\": \"assistant\",\n            \"content\": \"One potential challenge I encountered was estimating the exact placement of 0.643, as it initially felt ambiguous compared to values like 0.6 or 0.7. To identify this, I revisited the number line after placing my initial estimates and noticed that my range for 0.643 could swing quite a bit based on my understanding of decimal placement. I double-checked the increments I had established and reassessed my previous placements to ensure accuracy.\"\n        },\n        {\n            \"role\": \"user\",\n            \"content\": \"Once you identified an error or challenge, how did you go about correcting it? What steps did you take to ensure the solution was accurate?\"\n        },\n        {\n            \"role\": \"assistant\",\n            \"content\": \"Upon identifying the uncertainty with 0.643, I refined my approach by recalculating its position with more attention to the decimal increments. I broke down the range further by considering the distance between 0.6 and 0.7, and observed that 0.643 is closer to the minimum of this range. To ensure accuracy, I marked key points between those values, focusing on a finer scale to accurately locate 0.643 on the number line. This methodical checking allowed me to confirm that I was placing each number correctly.\"\n        }\n    ]\n}\n```"
}