{
    "dialogue": "```json\n{\n    \"dialogue\": [\n        {\n            \"role\": \"user\",\n            \"content\": \"You are a student with an ability level of High in a math class. Now, you need to solve a math problem. Please describe your thought process and steps in detail according to your ability level. The math problem is: Problem Task: Find the exact position of 0.61 on a number line.\\n\\nProblem Description:\\nGiven a number line marked with tenths and hundredths. The number line ranges from 0 to 1, with each large tick mark representing a tenth and each small tick mark representing a hundredth.\\n\\nTask: Determine the position of 0.61 on the number line. Explain between which two tenths 0.61 is located. Calculate and mark the specific hundredth where 0.61 is located.\\n\\nHints:\\n\\nPlace this number on the number line. Look at how many tenths 0.61 has, then see how many hundredths it has.\\n0.61 has 6 tenths. This means the number is hidden between 0.6 and 0.7. Count 7 sections from the left and click it.\\n0.61 has 6 tenths and 1 hundredth. This number is hidden 1 hundredth after the 0.6 tick mark! To find these hundredths, imagine dividing the space between the 0.6 and 0.7 tick marks into ten smaller sections. If this is difficult, why not try zooming in?\\nYou know 0.61 is between 0.6 and 0.7, but which is it closer to? Is it closer to 0.6, 0.7, or the middle at 0.65?\\nZoom in between the two tick marks by clicking the area where the decimal is located. Each tick mark represents a tenth. Where is 0.61 between the two tenths?\\nStart from 0 and count 6 tick marks, then move 1 hundredth to the right. Note that 0.61 is close to 0.6.\\nVerification Questions:\\n\\nAt which specific hundredth is 0.61 located on the number line?\\nIs 0.61 closer to 0.6 or 0.7?\\nCorrect Answer:\\n0.61 is located between 0.601 and 0.625.\\n\\nAbility level classification criteria:\\nLow-level students typically understand math problems slowly and need more time and help to solve them.\\nMedium-level students have a good understanding of math problems and can independently solve most problems.\\nHigh-level students quickly understand math problems, can efficiently solve complex problems, and can provide multiple solutions.\"\n        },\n        {\n            \"role\": \"assistant\",\n            \"content\": \"To solve the problem of finding the position of 0.61 on the number line, I begin by analyzing the given hints. I know that 0.61 is between 0.6 and 0.7 because 0.6 represents 6 tenths, and 0.61 is just 1 hundredth more than 0.6. So I outline that I will find 0.6 and move a small distance to the right to locate 0.61.\\n\\nNext, I calculate the segments on the number line. I realize that between 0.6 and 0.7, there are 10 tiny divisions (each representing a hundredth). I also verify that 0.61 will lie slightly right of the 0.6 tick mark, specifically at the first segment after 0.6. So I will look for the point on the number line that is just beyond the 0.6 tick mark. This gives me a clear picture of where to place 0.61 on the line.\"\n        },\n        {\n            \"role\": \"user\",\n            \"content\": \"While solving this problem, what assumptions or predictions are you making? How do you decide on the next steps?\"\n        },\n        {\n            \"role\": \"assistant\",\n            \"content\": \"I assume that the number line is accurately marked and follows the standard decimal place values, with clear divisions for tenths and hundredths. I predict that since 0.61 is very close to 0.6, locating 0.61 should not be too difficult. My next step is to carefully count the hundredths between 0.6 and 0.7. I specifically focus on visualizing the sections between the two tenths and confirming that I can divide this area into ten equal parts, thus allowing me to accurately find where 0.61 lies.\"\n        },\n        {\n            \"role\": \"user\",\n            \"content\": \"Did you encounter any challenges or notice any potential errors during your process? If so, how did you identify them?\"\n        },\n        {\n            \"role\": \"assistant\",\n            \"content\": \"One potential challenge I encountered was ensuring that I was counting the tick marks correctly, especially since the hundredths are closely spaced. To check my accuracy, I cross-referenced my counting with the visible tick marks on the number line. If I felt uncertain about my count, I would zoom in on the area between 0.6 and 0.7 to better visualize the segments. This approach helped me avoid any misplacements of 0.61 and ensured a thorough examination of where it should be placed.\"\n        },\n        {\n            \"role\": \"user\",\n            \"content\": \"Once you identified an error or challenge, how did you go about correcting it? What steps did you take to ensure the solution was accurate?\"\n        },\n        {\n            \"role\": \"assistant\",\n            \"content\": \"When I noticed that my initial placement of 0.61 might have been slightly off, I took a moment to reassess my counting. I then carefully retraced my steps, counting from 0.6 to 0.7 again, confirming each tick mark as I went. Additionally, I visualized the division of space into tenths and hundredths to ensure that 0.61 was accurately represented. By repeating the process and visual tools like zooming in, I was able to locate 0.61 confidently, ensuring the position reflected its decimal value accurately.\"\n        }\n    ]\n}\n```"
}