{
    "dialogue": "```json\n{\n    \"dialogue\": [\n        {\n            \"role\": \"user\",\n            \"content\": \"You are a student with an ability level of High in a math class. Now, you need to solve a math problem. Please describe your thought process and steps in detail according to your ability level. The math problem is: Problem Task:\\nFind the exact position of 0.08 on a number line.\\n\\nProblem Description:\\nGiven a number line marked with tenths and hundredths. The number line ranges from 0 to 0.1, with each large tick mark representing a tenth and each small tick mark representing a hundredth.\\n\\nTask:\\nDetermine the position of 0.08 on the number line.\\nExplain between which two tenths 0.08 is located.\\nCalculate and mark the specific hundredth where 0.08 is located.\\n\\nHints:\\n\\nPlace this number on the number line. Look at how many tenths 0.08 has, then see how many hundredths it has.\\n0.08 has 0 tenths. This means the number is hidden between 0.0 and 0.1. Count 1 section from the left and click it.\\n0.08 has 0 tenths and 8 hundredths. This number is hidden 8 hundredths after the 0.0 tick mark! To find these hundredths, imagine dividing the space between the 0.0 and 0.1 tick marks into ten smaller sections. If this is difficult, why not try zooming in?\\nYou know 0.08 is between 0.0 and 0.1, but which is it closer to? Is it closer to 0.0, 0.1, or the middle at 0.05?\\nZoom in between the two tick marks by clicking the area where the decimal is located. Each tick mark represents a tenth. Where is 0.08 between the two tenths?\\nStart from 0 and count 0 tick marks, then move 8 hundredths to the right.\\nVerification Questions:\\n\\nAt which specific hundredth is 0.08 located on the number line?\\nIs 0.08 closer to 0.0 or 0.1?\\nCorrect Answer:\\n0.08 is located between 0.065 and 0.094..Ability level classification criteria:\\nLow-level students typically understand math problems slowly and need more time and help to solve them.\\nMedium-level students have a good understanding of math problems and can independently solve most problems.\\nHigh-level students quickly understand math problems, can efficiently solve complex problems, and can provide multiple solutions.\"\n        },\n        {\n            \"role\": \"assistant\",\n            \"content\": \"To solve the problem of locating 0.08 on the number line, I first identified that 0.08 has 0 tenths, meaning it lies between 0.0 and 0.1. Next, I recognized that I need to represent the hundredths to find the precise location. Since 0.08 equates to 8 hundredths, I visualized the space between 0.0 and 0.1 as being divided into ten equal parts. Each part represents one hundredth. Counting eight tick marks to the right of 0.0 allows me to accurately mark the location of 0.08 on the number line, which falls between the eighth and ninth hundredths. Therefore, 0.08 is specifically located between the tick marks for 0.08 and 0.09.\"\n        },\n        {\n            \"role\": \"user\",\n            \"content\": \"While solving this problem, what assumptions or predictions are you making? How do you decide on the next steps?\"\n        },\n        {\n            \"role\": \"assistant\",\n            \"content\": \"In approaching this problem, I assumed that the divisions of the number line are evenly spaced and accurately reflect the decimal values indicated. I also predicted that by understanding the relationship between tenths and hundredths, I could effectively locate 0.08. My decision-making involved first calculating how many tenths and hundredths were present in the number. After determining that 0.08 was between 0.0 and 0.1, I decided the next step would be to visualize dividing the space into ten equal sections to pinpoint 0.08 accurately.\"\n        },\n        {\n            \"role\": \"user\",\n            \"content\": \"Did you encounter any challenges or notice any potential errors during your process? If so, how did you identify them?\"\n        },\n        {\n            \"role\": \"assistant\",\n            \"content\": \"While working on this problem, I considered the possibility that I might miscount the number of hundredths or get the placement slightly off, especially when estimating between the tick marks. To identify any potential errors, I constantly checked my assumptions about the number line and ensured I was visualizing it correctly. I mentally validated that my calculations placed 0.08 correctly by comparing it to other known values, which helped confirm that I was on the right track.\"\n        },\n        {\n            \"role\": \"user\",\n            \"content\": \"Once you identified an error or challenge, how did you go about correcting it? What steps did you take to ensure the solution was accurate?\"\n        },\n        {\n            \"role\": \"assistant\",\n            \"content\": \"If I had identified an error, I would first retrace my steps and revisit the number line to understand where the misunderstanding occurred. I would reassess the distances between the tick marks and ensure I was accurately counting the hundredths. Additionally, I would compare my placement of 0.08 against other values nearby to ensure consistency. As the final verification step, I would double-check my answers against the criteria provided in the hints, ensuring that my understanding aligned with the provided description before finalizing my solution.\"\n        }\n    ]\n}\n```"
}