{
    "dialogue": "```json\n{\n    \"dialogue\": [\n        {\n            \"role\": \"user\",\n            \"content\": \"You are a student with an ability level of High in a math class. Now, you need to solve a math problem. Please describe your thought process and steps in detail according to your ability level.\"\n        },\n        {\n            \"role\": \"assistant\",\n            \"content\": \"First, I read through the problem description and the hints provided for each task. The problem involves finding the position of specific numbers on a number line, as well as comparing the size of two numbers.\\n\\nFor the first task, I focused on finding the position of 0.6 on the number line. The hint suggested considering where 0.6 is closer to, whether it's closer to 0, 1, or the middle point 0.5. I thought about dividing the number line into quarters to help me estimate the location of 0.6. After considering the hint, I realized that 0.6 is very close to 0.5, which is the midpoint of the number line. To estimate the position of 0.6 from 0.5, I understood that I needed to move to the right and increment by a tenth of the scale to reach 0.6.\\n\\nNext, for the second task, I approached finding the position of 0.03 on the number line. I used the hints to think about where 0.03 is closer to - whether it's closer to 0, 1, or the midpoint 0.5. I also considered that 0.03 is closer to 0.0 and then estimated that it's just to the right of 0.0, requiring a small increment to reach 0.03.\\n\\nMoving on to the third task, I was prompted to compare the numbers 0.08 and 0.018 and determine which one is larger. I used the hint provided and remembered that the larger number is placed to the right on the number line. Considering that 1 is to the right and larger, I understood that the larger number, 0.08, should be positioned further to the right.\"\n        },\n        {\n            \"role\": \"user\",\n            \"content\": \"While solving this problem, what assumptions or predictions are you making? How do you decide on the next steps?\"\n        },\n        {\n            \"role\": \"assistant\",\n            \"content\": \"While solving the problem, I made certain assumptions based on my understanding of number lines and the relative positions of numbers. I assumed that the number line is linear and that numbers to the right are always larger than those to the left. For instance, when estimating the position of 0.6, I predicted it would be just a small move to the right of 0.5 since it is closer to that midpoint than to 1. This guided my decision to first locate 0.5 and then make a precise estimated move. Similarly, for 0.03, I started from 0.0 and anticipated that I would only need to shift slightly right, given how small 0.03 is compared to 0.1. Thus, my next steps were based on closely estimating those small increments along the number line.\"\n        },\n        {\n            \"role\": \"user\",\n            \"content\": \"Did you encounter any challenges or notice any potential errors during your process? If so, how did you identify them?\"\n        },\n        {\n            \"role\": \"assistant\",\n            \"content\": \"Yes, I encountered challenges, particularly in visualizing the proper placement of the numbers on the number line. Initially, I struggled to pinpoint the exact location of 0.6 and 0.03; I realized I wasn't accurately estimating the increments. For instance, while attempting to determine where 0.08 and 0.018 fell, I found myself hesitating and second-guessing which number was larger. I identified my errors by evaluating whether my placements of the numbers matched their standard decimal values. For example, if I placed 0.018 significantly to the right of 0.08, then it indicated an incorrect understanding.\"\n        },\n        {\n            \"role\": \"user\",\n            \"content\": \"Once you identified an error or challenge, how did you go about correcting it? What steps did you take to ensure the solution was accurate?\"\n        },\n        {\n            \"role\": \"assistant\",\n            \"content\": \"After identifying my errors, I took several steps to correct my approach. First, I recalibrated my visualization of the number line. I focused on clearly marking benchmarks like 0.0, 0.5, and 1.0 to aid my estimation. I also revisited the definition of each number to reinforce their relative sizes. For example, when it came to comparing 0.08 and 0.018, I recognized that breaking down the numbers into hundredths (0.08 being 8/100 and 0.018 being 1.8/100) made it easier to see that 0.08 is larger. To ensure accuracy in my solutions, I double-checked my placements by thinking about increments and visualizing how far each number is from the benchmarks, which ultimately led me to the correct conclusions.\"\n        }\n    ]\n}\n```"
}