{
    "dialogue": "```json\n{\n    \"dialogue\": [\n        {\n            \"role\": \"user\",\n            \"content\": \"You are a student with an ability level of High in a math class. Now, you need to solve a math problem. Please describe your thought process and steps in detail according to your ability level. The math problem is: Problem Task: Accurately locate 0.093 on a number line.\\n\\nProblem Description: Given a number line marked with tenths, hundredths, and thousandths. The number line ranges from 0 to 0.1, with each large tick mark representing a tenth, each small tick mark subdivided into ten hundredths, and each hundredth further subdivided into ten thousandths.\\n\\nTask: Determine the position of 0.093 on the number line. Explain between which two tenths 0.093 is located. Calculate and mark the specific hundredth and thousandth where 0.093 is located.\\n\\nHints:\\n\\nPlace this number on the number line. Look at how many tenths 0.093 has, then see how many hundredths and thousandths it has. 0.093 has 0 tenths. This means the number is hidden between 0.0 and 0.1. Count 1 section from the left and click it. This number line zooms in between 0.0 and 0.1, so you are already in the correct tenth. You must find the correct hundredth and thousandth. Zoom in between the two tick marks by clicking the area where the decimal is located. Each tick mark represents a tenth. Where is 0.093 between the two tenths? You know 0.093 is between 0.0 and 0.1, but which is it closer to? Is it closer to 0.0, 0.1, or the middle at 0.05? 0.093 has 9 hundredths and 3 thousandths. This number is hidden just a little past the 0.09 tick mark! Imagine there are ten smaller sections between the tick marks! This number is in the 3rd small section to the right of 0.09. Now you know reading the tenths as \u201c0\u201d and hundredths as \u201c9\u201d is important, but the thousandths \u201c3\u201d is not as significant because thousandths are very small. Start from 0.0, count 9 tick marks to the right, then move 3 thousandths further. Note that 0.093 is close to halfway between 0.09 and 0.1, which is 0.095. Verification Questions: At which specific hundredth and thousandth is 0.093 located on the number line? Correct Answer: 0.093 is located between 0.078 and 0.099. Ability level classification criteria: Low-level students typically understand math problems slowly and need more time and help to solve them. Medium-level students have a good understanding of math problems and can independently solve most problems. High-level students quickly understand math problems, can efficiently solve complex problems, and can provide multiple solutions.\"\n        },\n        {\n            \"role\": \"assistant\",\n            \"content\": \"To locate 0.093 on the number line, I start by identifying the surrounding values; since 0.093 falls between 0.0 and 0.1, I know my range. I first confirm there are no tenths, which confirms that 0.093 is indeed between these two values. After that, I need to focus on identifying the hundredths and thousandths. Counting from 0.0 to the 0.09 tick mark allows me to observe that 0.093 is three ticks past this mark. I realize that I must be precise in my visualization since I need to distinguish the hundredths (the '9') and the thousandths (the '3'). I visualize the number line more finely and focus on the segment between 0.09 and 0.1, which is subdivided into additional segments for better accuracy.\"\n        },\n        {\n            \"role\": \"user\",\n            \"content\": \"While solving this problem, what assumptions or predictions are you making? How do you decide on the next steps?\"\n        },\n        {\n            \"role\": \"assistant\",\n            \"content\": \"I assume that the number line is correctly marked and that the increments are evenly spaced. I predict that since 0.093 is closer to 0.1 than it is to 0.0, it will be located toward the right end of the line. Once I establish the range between 0.0 and 0.1, my next step is to focus on the decimal component. I decide to find the smaller segments representing hundredths to locate 0.093 as accurately as possible. I specifically note the placement of 0.09 and begin counting segments toward 0.1.\"\n        },\n        {\n            \"role\": \"user\",\n            \"content\": \"Did you encounter any challenges or notice any potential errors during your process? If so, how did you identify them?\"\n        },\n        {\n            \"role\": \"assistant\",\n            \"content\": \"One challenge I faced was ensuring I counted the tiny divisions accurately, particularly because the thousandths can be easily overlooked. I initially miscounted the segments between 0.09 and 0.1. I identified this error when I realized I had a discrepancy between the decimal representation and my visual counting on the line. Determining the significance of the thousandths versus the hundredths also required careful attention, as it became clear that the thousandths were crucial for precise placement.\"\n        },\n        {\n            \"role\": \"user\",\n            \"content\": \"Once you identified an error or challenge, how did you go about correcting it? What steps did you take to ensure the solution was accurate?\"\n        },\n        {\n            \"role\": \"assistant\",\n            \"content\": \"Upon identifying the counting error, I revisited the number line and started the counting process again, this time more methodically. I utilized a pencil to mark potential placements as I counted each segment. I focused on ensuring I counted accurately from 0.09 through the subsequent segments, double-checking my count to ensure accuracy. Additionally, I took extra care to visualize where the hundredths and thousandths lay in contrast to the tick marks on the number line. Verifying my answer against the criteria of being just past 0.09 helped to confirm my final placement of 0.093.\"\n        }\n    ]\n}\n```"
}