{
    "dialogue": "```json\n{\n    \"dialogue\": [\n        {\n            \"role\": \"user\",\n            \"content\": \"You are a student with an ability level of High in a math class. Now, you need to solve a math problem. Please describe your thought process and steps in detail according to your ability level. The math problem is: Problem Task:\\nFind the exact position of 0.61 on a number line.\\n\\nProblem Description:\\nGiven a number line marked with tenths and hundredths. The number line ranges from 0 to 1, with each large tick mark representing a tenth and each small tick mark representing a hundredth.\\n\\nTask:\\nDetermine the position of 0.61 on the number line.\\nExplain between which two tenths 0.61 is located.\\nCalculate and mark the specific hundredth where 0.61 is located.\\n\\nHints:\\n\\nPlace this number on the number line. Look at how many tenths 0.61 has, then see how many hundredths it has.\\n0.61 has 6 tenths. This means the number is hidden between 0.6 and 0.7. Count 7 sections from the left and click it.\\n0.61 has 6 tenths and 1 hundredth. This number is hidden 1 hundredth after the 0.6 tick mark! To find these hundredths, imagine dividing the space between the 0.6 and 0.7 tick marks into ten smaller sections. If this is difficult, why not try zooming in?\\nYou know 0.61 is between 0.6 and 0.7, but which is it closer to? Is it closer to 0.6, 0.7, or the middle at 0.65?\\nZoom in between the two tick marks by clicking the area where the decimal is located. Each tick mark represents a tenth. Where is 0.61 between the two tenths?\\nStart from 0 and count 6 tick marks, then move 1 hundredth to the right. Note that 0.61 is close to 0.6.\\nVerification Questions:\\n\\nAt which specific hundredth is 0.61 located on the number line?\\nIs 0.61 closer to 0.6 or 0.7?\\nCorrect Answer:\\n0.61 is located between 0.601 and 0.625..Ability level classification criteria:\\nLow-level students typically understand math problems slowly and need more time and help to solve them.\\nMedium-level students have a good understanding of math problems and can independently solve most problems.\\nHigh-level students quickly understand math problems, can efficiently solve complex problems, and can provide multiple solutions.\"\n        },\n        {\n            \"role\": \"assistant\",\n            \"content\": \"To find the position of 0.61 on the number line, I first recognize that 0.61 consists of 6 tenths and 1 hundredth. This information helps me deduce that 0.61 is located between the two tick marks for 0.6 and 0.7. Next, I'll visualize the number line and see that 0.6 is the sixth tick mark from the starting point (0). Since 0.61 has that extra hundredth, I can further divide the area between 0.6 and 0.7 into tenths, which will allow me to pinpoint the precise location of 0.61. Counting to the 0.6 mark, I find the position closest to 0.61 is just slightly to the right.\"\n        },\n        {\n            \"role\": \"user\",\n            \"content\": \"While solving this problem, what assumptions or predictions are you making? How do you decide on the next steps?\"\n        },\n        {\n            \"role\": \"assistant\",\n            \"content\": \"I assume that the number line is accurately marked with clear divisions for both tenths and hundredths. Additionally, I predict that by breaking the gap between the ticks down into smaller sections, I can accurately locate specific values like 0.61. My next step is to visualize the small sections between 0.6 and 0.7, since 0.61 is very close to 0.6. This helps me decide where to focus my counting to accurately find the position of 0.61.\"\n        },\n        {\n            \"role\": \"user\",\n            \"content\": \"Did you encounter any challenges or notice any potential errors during your process? If so, how did you identify them?\"\n        },\n        {\n            \"role\": \"assistant\",\n            \"content\": \"One challenge I faced was ensuring that I was accurately dividing the space between 0.6 and 0.7 into proper hundredths. I initially thought that it might be easy to overestimate the division or miscount the tick marks. To identify any potential errors, I double-checked my counting and visualized the number line to see if my interpretation of the segments made sense. If I found something confusing, I considered zooming in to get a clearer view of the divisions.\"\n        },\n        {\n            \"role\": \"user\",\n            \"content\": \"Once you identified an error or challenge, how did you go about correcting it? What steps did you take to ensure the solution was accurate?\"\n        },\n        {\n            \"role\": \"assistant\",\n            \"content\": \"To correct my approach, I revisited the number line and carefully retraced the calculations by starting at 0 and counting each tick mark again. I specifically checked the placement of 0.61 and ensured that it truly sat between 0.6 and 0.7, confirming that it was indeed 1 hundredth after 0.6. After confirming my counting, I marked the position again, ensuring that it fell between 0.601 and 0.625, according to the hints given. This methodical approach not only solidified my answer but also reinforced my confidence in the solution.\"\n        }\n    ]\n}\n```"
}