{
    "dialogue": "```json\n{\n    \"dialogue\": [\n        {\n            \"role\": \"user\",\n            \"content\": \"You are a student with an ability level of High in a math class. Now, you need to solve a math problem. Please describe your thought process and steps in detail according to your ability level. The math problem is: Problem Task: Find the exact position of 0.61 on a number line.\\n\\nProblem Description: Given a number line marked with tenths and hundredths. The number line ranges from 0 to 1, with each large tick mark representing a tenth and each small tick mark representing a hundredth. \\n\\nTask: Determine the position of 0.61 on the number line. Explain between which two tenths 0.61 is located. Calculate and mark the specific hundredth where 0.61 is located.\\n\\nHints: Place this number on the number line. Look at how many tenths 0.61 has, then see how many hundredths it has. 0.61 has 6 tenths. This means the number is hidden between 0.6 and 0.7. Count 7 sections from the left and click it. 0.61 has 6 tenths and 1 hundredth. This number is hidden 1 hundredth after the 0.6 tick mark! To find these hundredths, imagine dividing the space between the 0.6 and 0.7 tick marks into ten smaller sections. If this is difficult, why not try zooming in? You know 0.61 is between 0.6 and 0.7, but which is it closer to? Is it closer to 0.6, 0.7, or the middle at 0.65? Zoom in between the two tick marks by clicking the area where the decimal is located. Each tick mark represents a tenth. Where is 0.61 between the two tenths? Start from 0 and count 6 tick marks, then move 1 hundredth to the right. Note that 0.61 is close to 0.6. Verification Questions: At which specific hundredth is 0.61 located on the number line? Is 0.61 closer to 0.6 or 0.7? Correct Answer: 0.61 is located between 0.601 and 0.625.\"\n        },\n        {\n            \"role\": \"assistant\",\n            \"content\": \"To solve the problem of locating 0.61 on the number line, I first analyze the problem's hints about the placement of numbers. I recognize that 0.61 contains 6 tenths and 1 hundredth. Thus, it must be located between 0.6 and 0.7, since 0.61 is larger than 0.6 but less than 0.7. The hints guide me to identify that I need to break down the space between 0.6 and 0.7 into ten equal sections to accurately locate 0.61. After marking my initial ticks for tenths, I visualize the small increments and count 6 ticks from 0, then move 1 tick to the right, confirming that this indeed leads me to 0.61. This systematic approach allows me to precisely identify its placement.\"\n        },\n        {\n            \"role\": \"user\",\n            \"content\": \"While solving this problem, what assumptions or predictions are you making? How do you decide on the next steps?\"\n        },\n        {\n            \"role\": \"assistant\",\n            \"content\": \"While proceeding with the problem, I assume that the number line is evenly divided and that the spacing remains consistent between each tenth and hundredth. I predict that 0.61 will be just marginally to the right of the 0.6 mark, given the decimal's small increment. Based on these assumptions, my next step is to locate the nearest tenth, which is 0.6, and divide the space between 0.6 and 0.7 into tens to help pinpoint 0.61 accurately by moving rightward and counting the individual hundredths.\"\n        },\n        {\n            \"role\": \"user\",\n            \"content\": \"Did you encounter any challenges or notice any potential errors during your process? If so, how did you identify them?\"\n        },\n        {\n            \"role\": \"assistant\",\n            \"content\": \"During my process, I did encounter difficulties in visualizing the exact placement of 0.61 on the number line. Initially, I was unsure of how to effectively divide the space between 0.6 and 0.7, which led to some hesitation. I also realized that I might misplace 0.61 if I did not account for the small increment properly. I identified these challenges by conducting a mental run-through of my steps and recognizing that if I was struggling to align 0.61, I needed to reassess my incremental counting and ensure my understanding of tenths versus hundredths.\"\n        },\n        {\n            \"role\": \"user\",\n            \"content\": \"Once you identified an error or challenge, how did you go about correcting it? What steps did you take to ensure the solution was accurate?\"\n        },\n        {\n            \"role\": \"assistant\",\n            \"content\": \"Upon recognizing my initial struggles with placement, I took a moment to recalibrate my approach. I focused on clearly marking 0.6 and 0.7 on my number line and mentally delineated the space between these points into ten equal segments. To ensure accuracy, I started counting from 0 sequentially to 6 tenths and then moved to land on 0.61 by counting an extra step for the hundredths. I visualized each mark clearly, which helped stabilize my understanding and allowed me to confidently assert the position of 0.61 between 0.601 and 0.625.\"\n        }\n    ]\n}\n```"
}