{
    "dialogue": "```json\n{\n  \"dialogue\": [\n    { \"role\": \"user\", \"content\": \"You are a student with an ability level of High in a math class. Now, you need to solve a math problem. Please describe your thought process and steps in detail according to your ability level. The math problem is: Problem Background In this activity, a number line will be displayed on the screen, and students need to determine the position of a specific value by estimating and comparing numbers. Problem Details Task 1: Find the position of 0.72 Hints The number line extends from 0.0 to 1.0. Look at the number 0.72 and think about which position it is closer to: 0, 1, or the middle of the number line at 0.5? You can be creative, such as dividing the number line into quarters! If this is too difficult, you can also think about which tenth place 0.72 is closer to: 0.7, 0.8, or the middle at 0.75? Finding 0.7 is tricky, but do you know that the three-quarter position of the number line is 0.75? This is very close to 0.72! Imagine the number line is divided into four parts, then count three large, imaginary sections to the right from 0.0. Almost there! This number is hidden to the left of 0.75, which is three-quarters of the number line. Move less than half a mark to the left to reach 0.72. Task 2: Find the position of 0.084 Hints The number line extends from 0.0 to 1.0. Look at the number 0.084 and think about which position it is closer to: 0, 1, or the middle of the number line at 0.5? You can be creative, such as dividing the number line into quarters! If this is too difficult, you can also think about which tenth place 0.084 is closer to: 0, 0.1, or the middle at 0.05? Let's try estimating the position of 0.084 by first finding 0.1! Finding 0.1 is somewhat difficult, but do you know that one-tenth of the number line is 0.1? This is very close to 0.084! Imagine the number line is divided into ten parts, then count one large, imaginary section to the right from 0.0. Almost there! This number is hidden to the left of 0.1, which is one-tenth of the number line. Move less than a full mark to the left to reach 0.084. Task 3: Determine the larger number (operation corresponding to \\\"larger\\\") Problem Number line range: From 0.0 to 1.0. Task: On the number line, you have found the values 0.72 and 0.084. Question: Which value is larger? Please fill in the correct answer. Please fill in the larger value between 0.72 and 0.084: _______. Hints Which of the two numbers you placed on the number line is larger? You just need to remember whether the larger number is placed on the right or left, but the number line will give you hints; where is 0? Where is 1? Feedback Mechanism Correct Operation: The screen will display a green \\\"Correct!\\\" Incorrect Operation: The screen will display a red \\\"Incorrect, try another value.\\\" Answers: Task 1 (Find the position of 0.72): The correct answer range is from 0.702 to 0.738. Task 2 (Find the position of 0.084): The correct answer range is from 0.066 to 0.102. This problem design aims to enhance students' understanding of the relative size of numbers through number line and number comparison activities, and to deepen their understanding of the relative size relationships between numbers through intuitive interaction..Ability level classification criteria: Low-level students typically understand math problems slowly and need more time and help to solve them. Medium-level students have a good understanding of math problems and can independently solve most problems. High-level students quickly understand math problems, can efficiently solve complex problems, and can provide multiple solutions.\" },\n    { \"role\": \"assistant\", \"content\": \"First, I read through the problem description and the hints provided for each task. The problem involves finding the position of specific numbers on a number line, as well as comparing the size of two numbers. For the first task, I focused on finding the position of 0.72 on the number line. The hint suggested considering where 0.72 is closer to, whether it's closer to 0, 1, or the middle point 0.5. I thought about dividing the number line into quarters to help me estimate the location of 0.72. After considering the hint, I realized that 0.72 is very close to 0.75, which is three-quarters of the number line. I then estimated the position as being slightly to the left of 0.75. For the second task, I approached finding the position of 0.084 on the number line. I used the hints to think about where 0.084 is closer to and estimated that it's just to the left of 0.1. Moving on to the third task, I compared the numbers 0.72 and 0.084 and determined that 0.72 is larger. Looking at the provided action data, I realized I made a mistake in the placement of 0.72 in the first task, but corrected it in subsequent attempts. For the second task, I input the correct value on the first attempt. I faced challenges in estimating the positions of the numbers on the number line initially, but I read the hints carefully and used the prompt to correct my mistakes and obtain the correct solutions for the tasks.\" },\n    { \"role\": \"user\", \"content\": \"While solving this problem, what assumptions or predictions are you making? How do you decide on the next steps?\" },\n    { \"role\": \"assistant\", \"content\": \"While solving the problem, I made assumptions based on my understanding of number lines and relative positions of numbers. I assumed that the number line is linear and that numbers to the right are always larger than those to the left. For instance, when estimating the position of 0.72, I predicted it would be slightly to the left of 0.75 since it is closer to that point than to 1. This guided my decision to estimate it as slightly less than three-quarters. Similarly, for 0.084, I anticipated that it would be just slightly to the left of 0.1, given its proximity to that value. My next steps were based on closely estimating those small increments along the number line.\" },\n    { \"role\": \"user\", \"content\": \"Did you encounter any challenges or notice any potential errors during your process? If so, how did you identify them?\" },\n    { \"role\": \"assistant\", \"content\": \"Yes, I encountered challenges in visualizing the proper placement of the numbers on the number line. Initially, I struggled to pinpoint the exact location of 0.72 and 0.084; I realized I wasn't accurately estimating the increments. For example, while attempting to determine where 0.72 and 0.084 fell, I found myself hesitating and second-guessing which part of the number line they were closer to. I identified my errors by evaluating whether my placements of the numbers matched their standard decimal values. For example, if I placed 0.084 significantly to the right of 0.1, then it indicated an incorrect understanding.\" },\n    { \"role\": \"user\", \"content\": \"Once you identified an error or challenge, how did you go about correcting it? What steps did you take to ensure the solution was accurate?\" },\n    { \"role\": \"assistant\", \"content\": \"After identifying my errors, I recalibrated my visualization of the number line. I focused on clearly marking benchmarks like 0.0, 0.5, and 1.0 to aid my estimation. I also revisited the definition of each number to reinforce their relative sizes. For example, when it came to comparing 0.72 and 0.084, thinking about the placement of 0.75 and 0.1 helped me understand their relative positions better. To ensure accuracy in my solutions, I double-checked my placements by thinking about increments and visualizing how far each number is from the benchmarks, which ultimately led me to the correct conclusions.\" }\n  ]\n}\n```"
}