{
    "dialogue": "```json\n{\n    \"dialogue\": [\n        {\n            \"role\": \"user\",\n            \"content\": \"You are a student with an ability level of High in a math class. Now, you need to solve a math problem. Please describe your thought process and steps in detail according to your ability level. The math problem is: Problem Background\\nIn this activity, a number line will be displayed on the screen, and students need to determine the position of a specific value by estimating and comparing numbers.\\n\\nProblem Details\\nTask 1: Find the position of 0.15\\n\\nHints\\n\\nThe number line extends from 0.0 to 1.0.\\nLook at the number 0.15 and think about which position it is closer to: 0, 1, or the middle of the number line at 0.5? You can be creative, such as dividing the number line into quarters!\\nIf this is too difficult, you can also think about which tenth place 0.15 is closer to: 0.1, 0.2, or the middle at 0.15?\\nLet's try estimating the position of 0.15 by first finding 0.1! Start from the left end of the number line at 0.0. 0.1 should be one-tenth of a mark to the right of 0.0. Do you know if 0.15 is to the left or right of 0.1?\\nFinding 0.1 is better than finding 0.2 because finding 0.2 is more complicated. This number is hidden to the right of 0.1. Move half a mark to the right to reach the position of 0.15.\\nTask 2: Find the position of 0.643\\n\\nHints\\n\\nThe number line extends from 0.0 to 1.0.\\nLook at the number 0.643 and think about which position it is closer to: 0, 1, or the middle of the number line at 0.5? You can be creative, such as dividing the number line into quarters!\\nIf this is too difficult, you can also think about which tenth place 0.643 is closer to: 0.6, 0.7, or the middle at 0.65?\\nLet's try estimating the position of 0.643 by first finding 0.6! Start from the middle of the number line at 0.5. 0.6 should be one-tenth of a mark to the right of 0.5. Do you know if 0.643 is to the left or right of 0.6?\\nFinding 0.6 is better than finding 0.7 because finding 0.7 is more complicated. This number is hidden to the right of 0.6. Move half a mark to the right to reach the position of 0.643.\\nTask 3: Determine the larger number (operation corresponding to \\\"larger\\\")\\n\\nProblem\\nNumber line range: From 0.0 to 1.0.\\nTask: On the number line, you have found the values 0.15 and 0.643.\\nQuestion: Which value is larger? Please fill in the correct answer.\\n\\nPlease fill in the larger value between 0.15 and 0.643: _______.\\n\\nHints\\n\\nWhich of the two numbers you placed on the number line is larger?\\nYou just need to remember whether the larger number is placed on the right or left, but the number line will give you hints; where is 0? Where is 1?\\nFeedback Mechanism\\nCorrect Operation: The screen will display a green \\\"Correct!\\\"\\nIncorrect Operation: The screen will display a red \\\"Incorrect, try another value.\\\"\\nAnswers:\\nFor Task 1: Find the position of 0.15, the correct answer range is from 0.133 to 0.167.\\nFor Task 2: Find the position of 0.643, the correct answer range is from 0.625 to 0.661.\\n\\nThis problem design aims to enhance students' understanding of the relative size of numbers through number line and number comparison activities, and to deepen their understanding of the relative size relationships between numbers through intuitive interaction..Ability level classification criteria:\\nLow-level students typically understand math problems slowly and need more time and help to solve them.\\nMedium-level students have a good understanding of math problems and can independently solve most problems.\\nHigh-level students quickly understand math problems, can efficiently solve complex problems, and can provide multiple solutions.\"\n        },\n        {\n            \"role\": \"assistant\",\n            \"content\": \"To solve this math problem, I started by carefully reading the background and the details of the tasks involved. I understood that I needed to place specific values on a number line and then compare them. \\n\\nFor Task 1, I focused on 0.15. Since the number line extends from 0.0 to 1.0, I recognized that 0.15 is closer to 0 than to 1. I decided to find where 0.1 is first because it\u2019s one-tenth of a mark to the right of 0.0. I visualized this, marked it on the number line, and then noted that 0.15 is slightly more than 0.1, so I moved half a mark to the right. \\n\\nIn Task 2, I approached 0.643 by first locating 0.6, as hinted. I found that 0.6 is one-tenth to the right of the midpoint 0.5. After plotting 0.6, I noticed that 0.643 is very close to 0.6, so I moved slightly to the right of 0.6 to estimate its position accurately. \\n\\nFinally, in Task 3, I could easily compare the two values 0.15 and 0.643 by recalling that values towards the right are larger on the number line. Given my earlier placements, I concluded that 0.643 is larger.\"\n        },\n        {\n            \"role\": \"user\",\n            \"content\": \"While solving this problem, what assumptions or predictions are you making? How do you decide on the next steps?\"\n        },\n        {\n            \"role\": \"assistant\",\n            \"content\": \"Throughout the problem-solving process, I made several assumptions. Firstly, I assumed that the positions of numbers on a number line are fixed and always linear, meaning that numbers on the right are greater than those on the left. This influenced my initial steps, leading me to locate benchmark points like 0.0, 0.5, and 1.0 on the line. \\n\\nFor 0.15, I predicted it would be closer to 0 than to 1, which guided me to first identify 0.1. After locating 0.1, I anticipated that 0.15 should be a small increment further to the right. Similarly, for 0.643, I predicted it would be just slightly greater than 0.6 since it is a decimal representation. Based on these predictions, I decided to sequentially locate the nearest benchmarks before estimating the positions of the target numbers.\"\n        },\n        {\n            \"role\": \"user\",\n            \"content\": \"Did you encounter any challenges or notice any potential errors during your process? If so, how did you identify them?\"\n        },\n        {\n            \"role\": \"assistant\",\n            \"content\": \"Yes, I faced a few challenges while determining the correct placements of the numbers. Initially, I hesitated a bit when trying to visualize the placement of 0.15 on the number line. This uncertainty made me question if my increment from 0.1 was accurate enough. I also found it challenging to ensure that my visual representation aligned correctly with the decimal values.\\n\\nI identified potential errors by checking my placements against my understanding of the decimal scale. If I noticed that a number seemed out of place or too far from its expected point, I double-checked its relative position to the benchmarks. For example, if I placed 0.15 too close to 0.1 or too far from it, I recognized that I needed to recalibrate my estimation.\"\n        },\n        {\n            \"role\": \"user\",\n            \"content\": \"Once you identified an error or challenge, how did you go about correcting it? What steps did you take to ensure the solution was accurate?\"\n        },\n        {\n            \"role\": \"assistant\",\n            \"content\": \"Once I noticed an error, I took several steps to correct my approach. I went back to reassess the number line and reevaluated the positions of my benchmarks \u2014 ensuring that 0.0, 0.5, and 1.0 were clearly identified. For 0.15, I practiced visualizing smaller increments on the number line, ensuring that my estimate was indeed halfway between 0.1 and 0.2.\\n\\nWith 0.643, I reestablished my understanding of the intervals between numbers, especially focusing on the tenth and hundredth places to see how small differences affect overall placement. I recalibrated my thinking by explicitly referring to these smaller increments, thus placing 0.643 slightly to the right of 0.6. This logical rechecking allowed me to accurately finalizing both placements and ensure that my final comparisons were correct.\"\n        }\n    ]\n}\n```"
}