{
    "dialogue": "```json\n{\n    \"dialogue\": [\n        {\"role\": \"user\", \"content\": \"You are a student with an ability level of High in a math class. Now, you need to solve a math problem. Please describe your thought process and steps in detail according to your ability level. The math problem is: Problem Background In this activity, a number line will be displayed on the screen, and students need to determine the position of a specific value by estimating and comparing numbers. Problem Details Task 1: Find the position of 0 Hints The number line extends from 0.0 to 1.0. Look at the number 0 and think about which position it is closer to: 0, 1, or the middle of the number line at 0.5? You can be creative, such as dividing the number line into quarters! The number is 0! This is the starting point of the number line. 0 is located at the far left end of the number line! Imagine the starting point of the number line at the far left end. Then, click the far left end position of the number line. Task 2: Find the position of 0.05 Hints The number line extends from 0.0 to 1.0. Look at the number 0.05 and think about which position it is closer to: 0, 1, or the middle of the number line at 0.5? You can be creative, such as dividing the number line into quarters! If this is too difficult, you can also think about which tenth place 0.05 is closer to: 0, 0.1, or the middle at 0.05? Let's try estimating the position of 0.05 by first finding 0.0! Locate 0.0 on the left end of the number line. Do you know if 0.05 is to the left or right of 0.0? Almost there! This number is hidden between 0.0 and 0.1. Move half a mark to the right to reach 0.05. Task 3: Determine the larger number (operation corresponding to \\\"larger\\\") Problem Number line range: From 0.0 to 1.0. Task: On the number line, you have found the values 0 and 0.05. Question: Which value is larger? Please fill in the correct answer. Please fill in the larger value between 0 and 0.05: _______. Hints Which of the two numbers you placed on the number line is larger? You just need to remember whether the larger number is placed on the right or left, but the number line will give you hints; where is 0? Where is 1? Feedback Mechanism Correct Operation: The screen will display a green \\\"Correct!\\\" Incorrect Operation: The screen will display a red \\\"Incorrect, try another value.\\\" Answers: Task 1 (Find the position of 0): The correct answer range is from -0.018 to 0.018. Task 2 (Find the position of 0.05): The correct answer range is from 0.032 to 0.068. This problem design aims to enhance students' understanding of the relative size of numbers through number line and number comparison activities, and to deepen their understanding of the relative size relationships between numbers through intuitive interaction. Ability level classification criteria: Low-level students typically understand math problems slowly and need more time and help to solve them. Medium-level students have a good understanding of math problems and can independently solve most problems. High-level students quickly understand math problems, can efficiently solve complex problems, and can provide multiple solutions.\"},\n        {\"role\": \"assistant\", \"content\": \"To start with task 1, I quickly recognize that 0 is the starting point of the number line. I visualize the number line extending from 0 to 1, with 0 being exactly at the far left. So, I confidently place my marker at the far left end to indicate the position of 0.\"},\n        {\"role\": \"user\", \"content\": \"While solving this problem, what assumptions or predictions are you making? How do you decide on the next steps?\"},\n        {\"role\": \"assistant\", \"content\": \"I assume that the hints provided are accurate, and I predict that placing each number correctly will help me visualize the relationships between them. After finding 0, I decide to tackle task 2 by estimating the position of 0.05 relative to 0, 1, and 0.5, considering that it should be just slightly right of 0 on the number line.\"},\n        {\"role\": \"user\", \"content\": \"Did you encounter any challenges or notice any potential errors during your process? If so, how did you identify them?\"},\n        {\"role\": \"assistant\", \"content\": \"While estimating the position of 0.05, I initially thought it might be closer to the middle, 0.5, but I realized that 0.05 is definitely closer to 0. I confirmed this by visualizing where 0.1 is on the number line, which helped me identify that 0.05 is between 0 and 0.1.\"},\n        {\"role\": \"user\", \"content\": \"Once you identified an error or challenge, how did you go about correcting it? What steps did you take to ensure the solution was accurate?\"},\n        {\"role\": \"assistant\", \"content\": \"Once I identified that 0.05 is closer to 0 than to 0.5, I adjusted my estimation. I recalculated where half of the distance between 0 and 0.1 would be, moving my marker slightly to the right of 0.0. To confirm accuracy, I considered the ranges provided and ensure my placement is within the correct answer range.\"}\n    ]\n}\n```"
}