{
    "dialogue": "```json\n{\n    \"dialogue\": [\n        {\n            \"role\": \"user\",\n            \"content\": \"You are a student with an ability level of High in a math class. Now, you need to solve a math problem. Please describe your thought process and steps in detail according to your ability level. The math problem is: Problem Task: Accurately locate 0.093 on a number line. Problem Description: Given a number line marked with tenths, hundredths, and thousandths. The number line ranges from 0 to 0.1, with each large tick mark representing a tenth, each small tick mark subdivided into ten hundredths, and each hundredth further subdivided into ten thousandths. Task: Determine the position of 0.093 on the number line. Explain between which two tenths 0.093 is located. Calculate and mark the specific hundredth and thousandth where 0.093 is located. Hints: Place this number on the number line. Look at how many tenths 0.093 has, then see how many hundredths and thousandths it has. 0.093 has 0 tenths. This means the number is hidden between 0.0 and 0.1. Count 1 section from the left and click it. This number line zooms in between 0.0 and 0.1, so you are already in the correct tenth. You must find the correct hundredth and thousandth. Zoom in between the two tick marks by clicking the area where the decimal is located. Each tick mark represents a tenth. Where is 0.093 between the two tenths? You know 0.093 is between 0.0 and 0.1, but which is it closer to? Is it closer to 0.0, 0.1, or the middle at 0.05? 0.093 has 9 hundredths and 3 thousandths. This number is hidden just a little past the 0.09 tick mark! Imagine there are ten smaller sections between the tick marks! This number is in the 3rd small section to the right of 0.09. Now you know reading the tenths as \u201c0\u201d and hundredths as \u201c9\u201d is important, but the thousandths \u201c3\u201d is not as significant because thousandths are very small. Start from 0.0, count 9 tick marks to the right, then move 3 thousandths further. Note that 0.093 is close to halfway between 0.09 and 0.1, which is 0.095. Verification Questions: At which specific hundredth and thousandth is 0.093 located on the number line? Correct Answer: 0.093 is located between 0.078 and 0.099. Ability level classification criteria: Low-level students typically understand math problems slowly and need more time and help to solve them. Medium-level students have a good understanding of math problems and can independently solve most problems. High-level students quickly understand math problems, can efficiently solve complex problems, and can provide multiple solutions.\"\n        },\n        {\n            \"role\": \"assistant\",\n            \"content\": \"To solve the problem, I started by identifying the number 0.093 and breaking it down into its components: tenths, hundredths, and thousandths. I noted that 0.093 has 0 tenths, placing it between 0.0 and 0.1. Since each tenth has ten subdivisions for the hundredths, I focused on locating the 9 hundredths, which means I needed to find the 0.09 tick mark and then move three more sections into the thousandths to accurately place 0.093.\"\n        },\n        {\n            \"role\": \"user\",\n            \"content\": \"While solving this problem, what assumptions or predictions are you making? How do you decide on the next steps?\"\n        },\n        {\n            \"role\": \"assistant\",\n            \"content\": \"I assumed that the number line was properly divided into tenths, hundredths, and thousandths, allowing me to accurately place numbers based on their decimal representation. I predicted that accurately counting the subdivisions between the tick marks would lead me to the correct position for 0.093. My next steps involved visually identifying the correct hundredths and thousandths by counting from the nearest tick mark (0.09) and ensuring I understood the small divisions clearly.\"\n        },\n        {\n            \"role\": \"user\",\n            \"content\": \"Did you encounter any challenges or notice any potential errors during your process? If so, how did you identify them?\"\n        },\n        {\n            \"role\": \"assistant\",\n            \"content\": \"Yes, I faced challenges in precisely visualizing the smaller divisions after reaching 0.09. At first, I underestimated the increments between 0.09 and 0.1, leading to confusion about the exact placement of 0.093. I identified these errors by double-checking the increments and evaluating if my placement aligned with the decimal accuracy required for the position.\"\n        },\n        {\n            \"role\": \"user\",\n            \"content\": \"Once you identified an error or challenge, how did you go about correcting it? What steps did you take to ensure the solution was accurate?\"\n        },\n        {\n            \"role\": \"assistant\",\n            \"content\": \"Once I recognized the error, I recalibrated my approach by closely reviewing the number line tick marks and their subdivisions. I then counted the small sections between 0.09 and 0.1 meticulously to locate the 3 thousandths past the 9 hundredths accurately. I used markers to visualize the exact position of 0.093 and confirmed my findings by comparing it to similar decimal values to ensure it was placed correctly relative to 0.09 and 0.1.\"\n        }\n    ]\n}\n```"
}