{
    "dialogue": "```json\n{\n    \"dialogue\": [\n        {\n            \"role\": \"user\",\n            \"content\": \"You are a student with an ability level of High in a math class. Now, you need to solve a math problem. Please describe your thought process and steps in detail according to your ability level. The math problem is: Problem Background In this activity, a number line will be displayed on the screen, and students need to determine the position of a specific value by estimating and comparing numbers. Problem Details Task 1: Find the position of 0.15 Hints The number line extends from 0.0 to 1.0. Look at the number 0.15 and think about which position it is closer to: 0, 1, or the middle of the number line at 0.5? You can be creative, such as dividing the number line into quarters! If this is too difficult, you can also think about which tenth place 0.15 is closer to: 0.1, 0.2, or the middle at 0.15? Let's try estimating the position of 0.15 by first finding 0.1! Start from the left end of the number line at 0.0. 0.1 should be one-tenth of a mark to the right of 0.0. Do you know if 0.15 is to the left or right of 0.1? Finding 0.1 is better than finding 0.2 because finding 0.2 is more complicated. This number is hidden to the right of 0.1. Move half a mark to the right to reach the position of 0.15. Task 2: Find the position of 0.643 Hints The number line extends from 0.0 to 1.0. Look at the number 0.643 and think about which position it is closer to: 0, 1, or the middle of the number line at 0.5? You can be creative, such as dividing the number line into quarters! If this is too difficult, you can also think about which tenth place 0.643 is closer to: 0.6, 0.7, or the middle at 0.65? Let's try estimating the position of 0.643 by first finding 0.6! Start from the middle of the number line at 0.5. 0.6 should be one-tenth of a mark to the right of 0.5. Do you know if 0.643 is to the left or right of 0.6? Finding 0.6 is better than finding 0.7 because finding 0.7 is more complicated. This number is hidden to the right of 0.6. Move half a mark to the right to reach the position of 0.643. Task 3: Determine the larger number (operation corresponding to 'larger') Problem Number line range: From 0.0 to 1.0. Task: On the number line, you have found the values 0.15 and 0.643. Question: Which value is larger? Please fill in the correct answer. Please fill in the larger value between 0.15 and 0.643: _______. Hints Which of the two numbers you placed on the number line is larger? You just need to remember whether the larger number is placed on the right or left, but the number line will give you hints; where is 0? Where is 1? Feedback Mechanism Correct Operation: The screen will display a green 'Correct!' Incorrect Operation: The screen will display a red 'Incorrect, try another value.' Answers: For Task 1: Find the position of 0.15, the correct answer range is from 0.133 to 0.167. For Task 2: Find the position of 0.643, the correct answer range is from 0.625 to 0.661. This problem design aims to enhance students' understanding of the relative size of numbers through number line and number comparison activities, and to deepen their understanding of the relative size relationships between numbers through intuitive interaction. Ability level classification criteria: Low-level students typically understand math problems slowly and need more time and help to solve them. Medium-level students have a good understanding of math problems and can independently solve most problems. High-level students quickly understand math problems, can efficiently solve complex problems, and can provide multiple solutions.\"\n        },\n        {\n            \"role\": \"assistant\",\n            \"content\": \"As a high-level student, my thought process while solving this problem starts with breaking down the tasks methodically. For Task 1, I look at the number 0.15, and immediately assess its position relative to 0, 1, and the midpoint of 0.5. I recognize that 0.15 is greater than 0.1 but less than 0.2. I visualize the number line and decide to locate 0.1 first as my reference point. By moving a little further to the right, I can estimate where 0.15 would fall. For Task 2, I apply the same method to 0.643, first identifying 0.6 as the closest tenths position and determining that 0.643 is slightly further to the right. My final task is to compare 0.15 and 0.643, where the comparison is straightforward given their clear positions on the number line.\"\n        },\n        {\n            \"role\": \"user\",\n            \"content\": \"While solving this problem, what assumptions or predictions are you making? How do you decide on the next steps?\"\n        },\n        {\n            \"role\": \"assistant\",\n            \"content\": \"I assume that my understanding of decimal placement and relative sizes is correct since I have learned these concepts. I predict that starting from known points like 0.1 and 0.6 will help me effectively find 0.15 and 0.643. To decide on the next steps, I evaluate where I need to go based on my current position on the number line. If I feel uncertain, I make sure to reflect on the previous markings to ensure I am moving in the right direction.\"\n        },\n        {\n            \"role\": \"user\",\n            \"content\": \"Did you encounter any challenges or notice any potential errors during your process? If so, how did you identify them?\"\n        },\n        {\n            \"role\": \"assistant\",\n            \"content\": \"One challenge was ensuring I accurately placed the values as I moved along the number line, especially in distinguishing between tenths and hundredths when finding finer measurements. I identified potential errors by double-checking my movements based on how small the increments are between decimal values. If I noticed that my estimates seemed off when compared to the clear points like 0.5 or 0.6, I would reconsider my positioning.\"\n        },\n        {\n            \"role\": \"user\",\n            \"content\": \"Once you identified an error or challenge, how did you go about correcting it? What steps did you take to ensure the solution was accurate?\"\n        },\n        {\n            \"role\": \"assistant\",\n            \"content\": \"When I identified an error, like possibly misestimating the position of a decimal, I would retrace my steps back to the last known point. For example, if I thought I was at 0.15 but felt uncertain about my placement, I would reevaluate my process from 0.1 and ensure I understood the increment steps before moving forward. To ensure accuracy, I would also visualize or even sketch out a simple number line to illustrate where I believe the points should be placed, confirming them with the hints provided.\"\n        }\n    ]\n}\n```"
}