{
    "dialogue": "```json\n{\n    \"dialogue\": [\n        {\n            \"role\": \"user\",\n            \"content\": \"You are a student with an ability level of High in a math class. Now, you need to solve a math problem. Please describe your thought process and steps in detail according to your ability level. The math problem is: Problem Background\\nIn this activity, a number line will be displayed on the screen, and students need to determine the position of a specific value by estimating and comparing numbers.\\n\\nProblem Details\\nTask 1: Find the position of 0.349\\n\\nHints\\n\\nThe number line extends from 0.0 to 1.0.\\nLook at the number 0.349 and think about which position it is closer to: 0, 1, or the middle of the number line at 0.5? You can be creative, such as dividing the number line into quarters!\\nIf this is too difficult, you can also think about which tenth place 0.349 is closer to: 0.3, 0.4, or the middle at 0.35?\\nLet's try estimating the position of 0.349 by first finding 0.3! Finding 0.3 is somewhat difficult, but do you know that one-third of the number line is 0.333? This is very close to 0.349! Imagine the number line is divided into three large, imaginary parts, then count one large, imaginary part to the right from 0.0 to reach 0.333.\\nAlmost there! This number is to the right of 0.333, which is one-third of the number line. Move less than 0.02, which is less than a full mark, to the right to reach 0.349.\\nTask 2: Find the position of 0.893\\n\\nHints\\n\\nThe number line extends from 0.0 to 1.0.\\nLook at the number 0.893 and think about which position it is closer to: 0, 1, or the middle of the number line at 0.5? You can be creative, such as dividing the number line into quarters!\\nIf this is too difficult, you can also think about which tenth place 0.893 is closer to: 0.8, 0.9, or the middle at 0.85?\\nLet's try estimating the position of 0.893 by first finding 0.9! Finding 0.9 is somewhat difficult, but do you know that nine-tenths of the number line is 0.9? This is very close to 0.893! Imagine the number line is divided into ten parts, then count nine large, imaginary parts to the right from 0.0.\\nAlmost there! This number is to the left of 0.9, which is nine-tenths of the number line. Move less than a full mark to the left to reach 0.893.\\nTask 3: Determine the larger number (operation corresponding to \\\"larger\\\")\\n\\nProblem\\nNumber line range: From 0.0 to 1.0.\\nTask: On the number line, you have found the values 0.349 and 0.893.\\nQuestion: Which value is larger? Please fill in the correct answer.\\n\\nPlease fill in the larger value between 0.349 and 0.893: _______.\\n\\nHints\\n\\nWhich of the two numbers you placed on the number line is larger?\\nYou just need to remember whether the larger number is placed on the right or left, but the number line will give you hints; where is 0? Where is 1?\\nFeedback Mechanism\\nCorrect Operation: The screen will display a green \\\"Correct!\\\"\\nIncorrect Operation: The screen will display a red \\\"Incorrect, try another value.\\\"\\nAnswers:\\nTask 1 (Find the position of 0.349): The correct answer range is from 0.331 to 0.367.\\nTask 2 (Find the position of 0.893): The correct answer range is from 0.875 to 0.91.\\n\\nThis problem design aims to enhance students' understanding of the relative size of numbers through number line and number comparison activities, and to deepen their understanding of the relative size relationships between numbers through intuitive interaction.\"\n        },\n        {\n            \"role\": \"assistant\",\n            \"content\": \"To solve this problem, I start by visualizing the number line from 0.0 to 1.0 in my mind. For Task 1, I understand that 0.349 is greater than 0.3 but less than 0.4, so I can locate it in the range closer to 0.3. I also think about dividing the number line into tenths and think where 0.349 would fall in relation to 0.3 and 0.4. After marking that on the number line, I estimate this value to be around 0.35 but slightly less, since it\u2019s closer to 0.3. I reason that moving from 0.3 to the right will get me closer to 0.349.\\n\\nFor Task 2, I realize that 0.893 is very close to 0.9, so I will locate it very close to 0.9 but slightly to the left, because it is less than 0.9. I visualize the number line divided again into tenths, placing 0.8, 0.9, and then 0.893 just a bit before 0.9.\\n\\nFinally, for Task 3, I recognize that 0.893 is greater than 0.349, since it falls to the right of 0.349 on the number line.\"\n        },\n        {\n            \"role\": \"user\",\n            \"content\": \"While solving this problem, what assumptions or predictions are you making? How do you decide on the next steps?\"\n        },\n        {\n            \"role\": \"assistant\",\n            \"content\": \"I assume that the given numbers are accurately placed on the number line. My initial prediction is that I will have to visualize the relative positions of each number to successfully estimate their locations. When deciding my next steps, I rely on how far each number is from known markers like 0.0, 0.5, and 1.0. This helps me break down the problem into manageable parts. For instance, I first locate 0.3 and 0.4 for 0.349 and then 0.8 and 0.9 for 0.893 before making any calculations or estimates. By referencing these known values, I can confirm my predictions before moving forward.\"\n        },\n        {\n            \"role\": \"user\",\n            \"content\": \"Did you encounter any challenges or notice any potential errors during your process? If so, how did you identify them?\"\n        },\n        {\n            \"role\": \"assistant\",\n            \"content\": \"I did notice that at first, I was unsure about how to accurately position 0.349 and might have estimated it too far towards 0.4. I identified this challenge by comparing it against the closest tenths; with 0.3 and 0.4 as reference points, I needed to ensure my placement was more precise. To avoid making such an error in my next calculation, I consistently checked my estimates against the tenths and made sure I wasn\u2019t unintentionally moving too far from a known point on the number line.\"\n        },\n        {\n            \"role\": \"user\",\n            \"content\": \"Once you identified an error or challenge, how did you go about correcting it? What steps did you take to ensure the solution was accurate?\"\n        },\n        {\n            \"role\": \"assistant\",\n            \"content\": \"Once I spotted the potential error in the positioning of 0.349, I reassessed the distance between known markers. I first redid my estimation for 0.3 and checked how far 0.349 was between 0.3 and 0.4. After realizing I needed to lean more towards 0.3, I visualized moving slightly to the right of 0.3, realizing that 0.349 was just a bit closer to 0.3 than to 0.4. For ensuring accuracy, I double-checked my placements by comparing each number against both the larger and smaller benchmarks and confirming with the overall relationship of the numbers to the number line.\"\n        }\n    ]\n}\n```"
}