{
    "dialogue": "```json\n{\n    \"dialogue\": [\n        {\n            \"role\": \"user\",\n            \"content\": \"You are a student with an ability level of High in a math class. Now, you need to solve a math problem. Please describe your thought process and steps in detail according to your ability level. The math problem is: Problem Background In this activity, a number line will be displayed on the screen, and students need to determine the position of a specific value by estimating and comparing numbers. Problem Details Task 1: Find the position of 0.349 Hints The number line extends from 0.0 to 1.0. Look at the number 0.349 and think about which position it is closer to: 0, 1, or the middle of the number line at 0.5? You can be creative, such as dividing the number line into quarters! If this is too difficult, you can also think about which tenth place 0.349 is closer to: 0.3, 0.4, or the middle at 0.35? Let's try estimating the position of 0.349 by first finding 0.3! Finding 0.3 is somewhat difficult, but do you know that one-third of the number line is 0.333? This is very close to 0.349! Imagine the number line is divided into three large, imaginary parts, then count one large, imaginary part to the right from 0.0 to reach 0.333. Almost there! This number is to the right of 0.333, which is one-third of the number line. Move less than 0.02, which is less than a full mark, to the right to reach 0.349. Task 2: Find the position of 0.893 Hints The number line extends from 0.0 to 1.0. Look at the number 0.893 and think about which position it is closer to: 0, 1, or the middle of the number line at 0.5? You can be creative, such as dividing the number line into quarters! If this is too difficult, you can also think about which tenth place 0.893 is closer to: 0.8, 0.9, or the middle at 0.85? Let's try estimating the position of 0.893 by first finding 0.9! Finding 0.9 is somewhat difficult, but do you know that nine-tenths of the number line is 0.9? This is very close to 0.893! Imagine the number line is divided into ten parts, then count nine large, imaginary parts to the right from 0.0. Almost there! This number is to the left of 0.9, which is nine-tenths of the number line. Move less than a full mark to the left to reach 0.893. Task 3: Determine the larger number (operation corresponding to \\\"larger\\\") Problem Number line range: From 0.0 to 1.0. Task: On the number line, you have found the values 0.349 and 0.893. Question: Which value is larger? Please fill in the correct answer. Please fill in the larger value between 0.349 and 0.893: _______. Hints Which of the two numbers you placed on the number line is larger? You just need to remember whether the larger number is placed on the right or left, but the number line will give you hints; where is 0? Where is 1? Feedback Mechanism Correct Operation: The screen will display a green \\\"Correct!\\\" Incorrect Operation: The screen will display a red \\\"Incorrect, try another value.\\\" Answers: Task 1 (Find the position of 0.349): The correct answer range is from 0.331 to 0.367. Task 2 (Find the position of 0.893): The correct answer range is from 0.875 to 0.91. This problem design aims to enhance students' understanding of the relative size of numbers through number line and number comparison activities, and to deepen their understanding of the relative size relationships between numbers through intuitive interaction.\"\n        },\n        {\n            \"role\": \"assistant\",\n            \"content\": \"To solve the problem, I start by visualizing the number line from 0.0 to 1.0, and I recognize that 0.349 is less than 0.5. This suggests that it will be located to the left of the midpoint. I then consider breaking the space between 0.0 and 1.0 into smaller segments, such as tenths or quarters, to make it easier to estimate the exact position of 0.349.\"\n        },\n        {\n            \"role\": \"user\",\n            \"content\": \"While solving this problem, what assumptions or predictions are you making? How do you decide on the next steps?\"\n        },\n        {\n            \"role\": \"assistant\",\n            \"content\": \"I assume that since 0.349 is close to 0.3, it will be closer to that segment of the number line. I predict that I will need to move slightly to the right of 0.333 to pinpoint 0.349. From here, my next step is to visualize moving from 0.3 to 0.333 and then making a smaller adjustment to find the exact location.\"\n        },\n        {\n            \"role\": \"user\",\n            \"content\": \"Did you encounter any challenges or notice any potential errors during your process? If so, how did you identify them?\"\n        },\n        {\n            \"role\": \"assistant\",\n            \"content\": \"One challenge I faced was ensuring that I wasn't overshooting the position of 0.349 while visualizing the adjustments. I could easily confuse the segments because they are so close together. I identified this potential error by double-checking my estimated position on the number line and verifying that my calculations allowed for the small increments needed to accurately find 0.349.\"\n        },\n        {\n            \"role\": \"user\",\n            \"content\": \"Once you identified an error or challenge, how did you go about correcting it? What steps did you take to ensure the solution was accurate?\"\n        },\n        {\n            \"role\": \"assistant\",\n            \"content\": \"After realizing I needed to be more precise in my adjustments, I recalibrated my focus on the number line, breaking the segments into even smaller increments, like hundredths. By doing this, I was able to find that 0.349 is just to the right of 0.333 by moving slightly right but not overshooting to 0.35. I made sure to check if my final position made sense contextually by comparing it to the surrounding numbers.\"\n        }\n    ]\n}\n```"
}