{
    "dialogue": "```json\n{\n    \"dialogue\": [\n        {\n            \"role\": \"user\",\n            \"content\": \"You are a student with an ability level of High in a math class. Now, you need to solve a math problem. Please describe your thought process and steps in detail according to your ability level. The math problem is: Problem Task:\\nFind the exact position of 0.08 on a number line.\\n\\nProblem Description:\\nGiven a number line marked with tenths and hundredths. The number line ranges from 0 to 0.1, with each large tick mark representing a tenth and each small tick mark representing a hundredth.\\n\\nTask:\\nDetermine the position of 0.08 on the number line.\\nExplain between which two tenths 0.08 is located.\\nCalculate and mark the specific hundredth where 0.08 is located.\\n\\nHints:\\n\\nPlace this number on the number line. Look at how many tenths 0.08 has, then see how many hundredths it has.\\n0.08 has 0 tenths. This means the number is hidden between 0.0 and 0.1. Count 1 section from the left and click it.\\n0.08 has 0 tenths and 8 hundredths. This number is hidden 8 hundredths after the 0.0 tick mark! To find these hundredths, imagine dividing the space between the 0.0 and 0.1 tick marks into ten smaller sections. If this is difficult, why not try zooming in?\\nYou know 0.08 is between 0.0 and 0.1, but which is it closer to? Is it closer to 0.0, 0.1, or the middle at 0.05?\\nZoom in between the two tick marks by clicking the area where the decimal is located. Each tick mark represents a tenth. Where is 0.08 between the two tenths?\\nStart from 0 and count 0 tick marks, then move 8 hundredths to the right.\\nVerification Questions:\\n\\nAt which specific hundredth is 0.08 located on the number line?\\nIs 0.08 closer to 0.0 or 0.1?\\nCorrect Answer:\\n0.08 is located between 0.065 and 0.094.\\nAbility level classification criteria:\\nLow-level students typically understand math problems slowly and need more time and help to solve them.\\nMedium-level students have a good understanding of math problems and can independently solve most problems.\\nHigh-level students quickly understand math problems, can efficiently solve complex problems, and can provide multiple solutions.\"\n        },\n        {\n            \"role\": \"assistant\",\n            \"content\": \"To find the exact position of 0.08 on the number line, I start by identifying the tenths and hundredths. I recognize that 0.08 has 0 tenths and 8 hundredths. This indicates that it is located between 0.0 (0 tenths) and 0.1 (1 tenth). I visualize the number line from 0 to 0.1, noting that the space between these two marks is divided into ten smaller segments, each representing a hundredth. \\n\\nStarting from 0.0, I will count 8 segments to the right to pinpoint the exact position of 0.08. As I count each small tick mark representing each hundredth, I confirm that 0.08 is exactly 8 hundredths away from 0.0.\"\n        },\n        {\n            \"role\": \"user\",\n            \"content\": \"While solving this problem, what assumptions or predictions are you making? How do you decide on the next steps?\"\n        },\n        {\n            \"role\": \"assistant\",\n            \"content\": \"While solving this problem, I assume that I can accurately interpret and visualize the number line based on the provided increments. I predict that since 0.08 is between 0.0 and 0.1, it will logically fall closer to 0.0 rather than 0.1, given that it\u2019s only 8 hundredths away. After determining that it is necessary to count from the 0.0 tick mark, my next step is to carefully move 8 segments to the right to pinpoint the exact spot of 0.08 on the number line.\"\n        },\n        {\n            \"role\": \"user\",\n            \"content\": \"Did you encounter any challenges or notice any potential errors during your process? If so, how did you identify them?\"\n        },\n        {\n            \"role\": \"assistant\",\n            \"content\": \"One challenge I encountered was ensuring that I counted the segments accurately and maintained an understanding of the difference between tenths and hundredths while moving along the number line. There was a moment where I questioned if I had counted all the way to 8 correctly, but I identified that potential error by double-checking my counting at each mark. If I missed a mark or miscalculated, it would result in an inaccurate positioning for 0.08.\"\n        },\n        {\n            \"role\": \"user\",\n            \"content\": \"Once you identified an error or challenge, how did you go about correcting it? What steps did you take to ensure the solution was accurate?\"\n        },\n        {\n            \"role\": \"assistant\",\n            \"content\": \"To correct any counting errors, I backtracked to the last known position and started counting again carefully to ensure I did not miss any hundredths along the way. I also visualized the spacing between the ticks to reinforce my understanding of the layout on the number line. By confirming each small tick, I ensured that 0.08 lands exactly where it should, between the ticks representing 0.065 and 0.094. This careful verification reassured me that my solution was accurate.\"\n        }\n    ]\n}\n```"
}