{
    "dialogue": "```json\n{\n    \"dialogue\": [\n        {\n            \"role\": \"user\",\n            \"content\": \"You are a student with an ability level of High in a math class. Now, you need to solve a math problem. Please describe your thought process and steps in detail according to your ability level. The math problem is: Problem Task:\\nAccurately locate 0.093 on a number line.\\n\\nProblem Description:\\nGiven a number line marked with tenths, hundredths, and thousandths. The number line ranges from 0 to 0.1, with each large tick mark representing a tenth, each small tick mark subdivided into ten hundredths, and each hundredth further subdivided into ten thousandths.\\n\\nTask:\\nDetermine the position of 0.093 on the number line.\\nExplain between which two tenths 0.093 is located.\\nCalculate and mark the specific hundredth and thousandth where 0.093 is located.\\n\\nHints:\\n\\nPlace this number on the number line. Look at how many tenths 0.093 has, then see how many hundredths and thousandths it has.\\n0.093 has 0 tenths. This means the number is hidden between 0.0 and 0.1. Count 1 section from the left and click it.\\nThis number line zooms in between 0.0 and 0.1, so you are already in the correct tenth. You must find the correct hundredth and thousandth.\\nZoom in between the two tick marks by clicking the area where the decimal is located. Each tick mark represents a tenth. Where is 0.093 between the two tenths?\\nYou know 0.093 is between 0.0 and 0.1, but which is it closer to? Is it closer to 0.0, 0.1, or the middle at 0.05?\\n0.093 has 9 hundredths and 3 thousandths. This number is hidden just a little past the 0.09 tick mark! Imagine there are ten smaller sections between the tick marks! This number is in the 3rd small section to the right of 0.09.\\nNow you know reading the tenths as \u201c0\u201d and hundredths as \u201c9\u201d is important, but the thousandths \u201c3\u201d is not as significant because thousandths are very small.\\nStart from 0.0, count 9 tick marks to the right, then move 3 thousandths further. Note that 0.093 is close to halfway between 0.09 and 0.1, which is 0.095.\\nVerification Questions:\\n\\nAt which specific hundredth and thousandth is 0.093 located on the number line?\\nCorrect Answer:\\n0.093 is located between 0.078 and 0.099..Ability level classification criteria:\\nLow-level students typically understand math problems slowly and need more time and help to solve them.\\nMedium-level students have a good understanding of math problems and can independently solve most problems.\\nHigh-level students quickly understand math problems, can efficiently solve complex problems, and can provide multiple solutions.\"\n        },\n        {\n            \"role\": \"assistant\",\n            \"content\": \"To solve the problem of locating 0.093 on the number line, I first identify that it has no tenths, which places it between 0.0 and 0.1. I notice that the first significant digit in decimal notation is 9, meaning 0.093 is somewhere in the range between two consecutive hundredths (0.09 and 0.1). Therefore, I count the ticks: there are ten sections between each tenth. This indicates that 0.093 will be placed just slightly past the 0.09 tick mark. I will interpret the decimal carefully and locate it precisely by counting three ticks further into the hundredths.\"\n        },\n        {\n            \"role\": \"user\",\n            \"content\": \"While solving this problem, what assumptions or predictions are you making? How do you decide on the next steps?\"\n        },\n        {\n            \"role\": \"assistant\",\n            \"content\": \"I assume that the number line is correctly divided into tenths, hundredths, and thousandths, so I trust that the tick marks are accurate. I predict that 0.093 will be just a bit past the 0.09 mark. After identifying where 0.093 should be, my next step is to count the smaller ticks carefully and ensure I am placing it accurately by considering the divisions within the hundredths.\"\n        },\n        {\n            \"role\": \"user\",\n            \"content\": \"Did you encounter any challenges or notice any potential errors during your process? If so, how did you identify them?\"\n        },\n        {\n            \"role\": \"assistant\",\n            \"content\": \"While I was counting the ticks, I realized that it was easy to misplace the decimal if I wasn't careful. Since 0.093 is very close to 0.1, I had to be cautious not to mistakenly assume it was at the 0.1 tick. I double-checked my counts to ensure accuracy. Additionally, I had to remind myself that while the thousandths place indicates further detail, it does not change the location significantly compared with the hundredths.\"\n        },\n        {\n            \"role\": \"user\",\n            \"content\": \"Once you identified an error or challenge, how did you go about correcting it? What steps did you take to ensure the solution was accurate?\"\n        },\n        {\n            \"role\": \"assistant\",\n            \"content\": \"Upon recognizing the potential for error, I took a step back and visually confirmed the position of 0.093 on the number line. I recounted from the last tick to ensure I placed it correctly, instead of rushing. I also noted the proximity to 0.09 and made sure that I didn\u2019t accidentally place it closer to the next tenths mark. By meticulously counting and ensuring I was focused, I was able to verify that I marked the final location correctly at 0.093, which lies three thousandths past the 0.09 mark.\"\n        }\n    ]\n}\n```"
}