{
    "dialogue": "{\n    \"dialogue\": [\n        {\n            \"role\": \"user\",\n            \"content\": \"You are a student with an ability level of High in a math class. Now, you need to solve a math problem. Please describe your thought process and steps in detail according to your ability level. The math problem is: Problem Task:\\nFind the exact position of 0.08 on a number line.\\n\\nProblem Description:\\nGiven a number line marked with tenths and hundredths. The number line ranges from 0 to 0.1, with each large tick mark representing a tenth and each small tick mark representing a hundredth.\\n\\nTask:\\nDetermine the position of 0.08 on the number line.\\nExplain between which two tenths 0.08 is located.\\nCalculate and mark the specific hundredth where 0.08 is located.\\n\\nHints:\\n\\nPlace this number on the number line. Look at how many tenths 0.08 has, then see how many hundredths it has.\\n0.08 has 0 tenths. This means the number is hidden between 0.0 and 0.1. Count 1 section from the left and click it.\\n0.08 has 0 tenths and 8 hundredths. This number is hidden 8 hundredths after the 0.0 tick mark! To find these hundredths, imagine dividing the space between the 0.0 and 0.1 tick marks into ten smaller sections. If this is difficult, why not try zooming in?\\nYou know 0.08 is between 0.0 and 0.1, but which is it closer to? Is it closer to 0.0, 0.1, or the middle at 0.05?\\nZoom in between the two tick marks by clicking the area where the decimal is located. Each tick mark represents a tenth. Where is 0.08 between the two tenths?\\nStart from 0 and count 0 tick marks, then move 8 hundredths to the right.\\nVerification Questions:\\n\\nAt which specific hundredth is 0.08 located on the number line?\\nIs 0.08 closer to 0.0 or 0.1?\\nCorrect Answer:\\n0.08 is located between 0.065 and 0.094..Ability level classification criteria:\\nLow-level students typically understand math problems slowly and need more time and help to solve them.\\nMedium-level students have a good understanding of math problems and can independently solve most problems.\\nHigh-level students quickly understand math problems, can efficiently solve complex problems, and can provide multiple solutions.\"\n        },\n        {\n            \"role\": \"assistant\",\n            \"content\": \"To solve for the exact position of 0.08 on the number line, I first analyzed the problem description and hints provided. I noted that 0.08 lies between the tenths of 0.0 and 0.1. Each tick mark represents either a tenth or a hundredth, which allows for precise placement. Given that 0.08 has 0 tenths and 8 hundredths, I recognized it would be located eight small ticks past the 0.0 mark. This means finding the eighth hundredth between 0.0 and 0.1. By slowly counting through the markings, I verified that 0.08 is indeed positioned closer to 0.0, but notably it is still closer to 0.1 than to the middle point of the segment, which is 0.05.\"\n        },\n        {\n            \"role\": \"user\",\n            \"content\": \"While solving this problem, what assumptions or predictions are you making? How do you decide on the next steps?\"\n        },\n        {\n            \"role\": \"assistant\",\n            \"content\": \"While solving the problem, my main assumptions included believing that the number line is evenly spaced, thus allowing me to accurately estimate the position of 0.08 based on the available ticks. I predicted that once I reached the 0.0 mark, moving eight ticks to the right would lead me to the correct placement of 0.08. My decision for the next steps was influenced by how many hundredths I was trying to count. I focused on each small tick, confirming with each step that I was accurately visualizing the increments up to 0.08.\"\n        },\n        {\n            \"role\": \"user\",\n            \"content\": \"Did you encounter any challenges or notice any potential errors during your process? If so, how did you identify them?\"\n        },\n        {\n            \"role\": \"assistant\",\n            \"content\": \"Throughout my process, I encountered challenges, especially in the initial estimation of where 0.08 lies in relation to common reference points like 0.0 and 0.1. At first, I hesitated in counting the hundredths correctly, which led me to second-guess my placement. I identified potential errors by re-evaluating my visualizations on the number line, particularly ensuring I wasn't miscounting the small ticks. Verifying my calculations against known values helped highlight that I needed to pay more attention to the increments I was marking.\"\n        },\n        {\n            \"role\": \"user\",\n            \"content\": \"Once you identified an error or challenge, how did you go about correcting it? What steps did you take to ensure the solution was accurate?\"\n        },\n        {\n            \"role\": \"assistant\",\n            \"content\": \"Upon identifying errors, I took structured steps to correct my approach. First, I paused to reassess my understanding of the tick marks on the number line. I then made a clear visual reference by retracing my counting of the hundredths carefully\u2014moving from 0.0 and marking each tenth accurately. I also recalibrated my focus on ensuring that each small mark was counted before plotting my next position. By breaking down the increments step-by-step and double-checking my placements, I was able to confirm that the position of 0.08 was accurately determined as being eight hundredths after 0.0, thus ensuring my solution was precise and correct.\"\n        }\n    ]\n}"
}