{
    "dialogue": "```json\n{\n    \"dialogue\": [\n        {\n            \"role\": \"user\",\n            \"content\": \"You are a student with an ability level of High in a math class. Now, you need to solve a math problem. Please describe your thought process and steps in detail according to your ability level. The math problem is: Problem Task: Accurately locate 0.093 on a number line.\"\n        },\n        {\n            \"role\": \"assistant\",\n            \"content\": \"To locate 0.093 on the number line, I first identify that it lies between 0.0 and 0.1. I analyze the digits in 0.093: it has 0 tenths, 9 hundredths, and 3 thousandths. Since the number is expressed in hundredths, I focus on counting to 9 hundredths, which corresponds to the tick mark at 0.09. I realize that I need to further zoom in to pinpoint the position beyond 0.09. I estimate that since it is 3 thousandths past 0.09, I need to divide the segment between 0.09 and 0.1 into ten smaller parts to find the exact position.\"\n        },\n        {\n            \"role\": \"user\",\n            \"content\": \"While solving this problem, what assumptions or predictions are you making? How do you decide on the next steps?\"\n        },\n        {\n            \"role\": \"assistant\",\n            \"content\": \"I assume the number line is accurately marked, with each segment representing equal divisions of hundredths and thousandths. My primary prediction is that approaching 0.093 will require an accurate counting of ticks. I decide to move from the 0.09 tick mark rightward, counting each of the smaller divisions to accurately find 3 thousandths beyond 0.09. This involves visually estimating and carefully counting as I go.\"\n        },\n        {\n            \"role\": \"user\",\n            \"content\": \"Did you encounter any challenges or notice any potential errors during your process? If so, how did you identify them?\"\n        },\n        {\n            \"role\": \"assistant\",\n            \"content\": \"While working through the problem, I initially found it easy to identify the hundredth's position but faced a challenge in accurately locating the thousandths. The segments between smaller tick marks can sometimes be visually confusing. I identified this issue when I realized I was unsure if I had accurately counted the smaller divisions past 0.09.\"\n        },\n        {\n            \"role\": \"user\",\n            \"content\": \"Once you identified an error or challenge, how did you go about correcting it? What steps did you take to ensure the solution was accurate?\"\n        },\n        {\n            \"role\": \"assistant\",\n            \"content\": \"To correct any confusion, I decided to go back to the 0.09 mark and slow down my counting. I carefully recounted the divisions between 0.09 and 0.1, making sure I divided the space into ten equal parts and validating each count against the tick marks. By doing this, I ensured that my final position of 0.093 was accurate, marking it precisely in the 3rd tiny section after 0.09.\"\n        }\n    ]\n}\n```"
}