{
    "dialogue": "```json\n{\n    \"dialogue\": [\n        {\n            \"role\": \"user\",\n            \"content\": \"You are a student with an ability level of High in a math class. Now, you need to solve a math problem. Please describe your thought process and steps in detail according to your ability level. The math problem is: Problem Task: Find the exact position of 0.61 on a number line. Problem Description: Given a number line marked with tenths and hundredths. The number line ranges from 0 to 1, with each large tick mark representing a tenth and each small tick mark representing a hundredth. Task: Determine the position of 0.61 on the number line. Explain between which two tenths 0.61 is located. Calculate and mark the specific hundredth where 0.61 is located. Hints: Place this number on the number line. Look at how many tenths 0.61 has, then see how many hundredths it has. 0.61 has 6 tenths. This means the number is hidden between 0.6 and 0.7. Count 7 sections from the left and click it. 0.61 has 6 tenths and 1 hundredth. This number is hidden 1 hundredth after the 0.6 tick mark! To find these hundredths, imagine dividing the space between the 0.6 and 0.7 tick marks into ten smaller sections. If this is difficult, why not try zooming in? You know 0.61 is between 0.6 and 0.7, but which is it closer to? Is it closer to 0.6, 0.7, or the middle at 0.65? Zoom in between the two tick marks by clicking the area where the decimal is located. Each tick mark represents a tenth. Where is 0.61 between the two tenths? Start from 0 and count 6 tick marks, then move 1 hundredth to the right. Note that 0.61 is close to 0.6. Verification Questions: At which specific hundredth is 0.61 located on the number line? Is 0.61 closer to 0.6 or 0.7? Correct Answer: 0.61 is located between 0.601 and 0.625. Ability level classification criteria: Low-level students typically understand math problems slowly and need more time and help to solve them. Medium-level students have a good understanding of math problems and can independently solve most problems. High-level students quickly understand math problems, can efficiently solve complex problems, and can provide multiple solutions.\"\n        },\n        {\n            \"role\": \"assistant\",\n            \"content\": \"To solve the problem of locating 0.61 on the number line, I start by identifying the relevant range of numbers. Since 0.61 is a decimal number, I look at the tenths and hundredths. The hint indicates that 0.61 is made up of 6 tenths and 1 hundredth, meaning the first step is establishing that it lies between the tenths of 0.6 and 0.7. I mark these two points on my mental number line.\\n\\nNext, I recognize that since there are ten divisions between each tenth, I can further divide the space between 0.6 and 0.7 into ten equal parts, each representing a hundredth. By counting from 0.6, I see that moving 1 unit to the right brings me directly to the point representing 0.61. I also visualize this as being closer to 0.6, but still slightly to the right of it.\"\n        },\n        {\n            \"role\": \"user\",\n            \"content\": \"While solving this problem, what assumptions or predictions are you making? How do you decide on the next steps?\"\n        },\n        {\n            \"role\": \"assistant\",\n            \"content\": \"While approaching this problem, I'm assuming that the numerical system is based on the standard decimal place system, and that the number line is accurately calibrated with consistent divisions for tenths and hundredths. I predict that given the methodical approach of counting tick marks, I can reliably find where 0.61 lies without skipping any divisions. As for my next steps, I decide to firmly establish where 0.6 is, count out the divisions accurately, and then make sure to mark the 1 hundredth past 0.6 to ensure that I am correctly identifying the position of 0.61.\"\n        },\n        {\n            \"role\": \"user\",\n            \"content\": \"Did you encounter any challenges or notice any potential errors during your process? If so, how did you identify them?\"\n        },\n        {\n            \"role\": \"assistant\",\n            \"content\": \"A potential challenge I might face is miscounting the tick marks, especially since the number line is quite detailed with many divisions. I also need to ensure I distinguish between tenths and hundredths accurately, as it is easy to confuse the two when focusing solely on the numbers. I identified these challenges by being conscious of my counting process and double-checking the divisions laid out on the number line. If I find myself uncertain at any point, I remind myself to slow down and re-evaluate each tick mark before proceeding.\"\n        },\n        {\n            \"role\": \"user\",\n            \"content\": \"Once you identified an error or challenge, how did you go about correcting it? What steps did you take to ensure the solution was accurate?\"\n        },\n        {\n            \"role\": \"assistant\",\n            \"content\": \"If I identify an error, such as miscounting the ticks or wrongly positioning 0.61, I will first step back and recount from the closest whole number down. If needed, I can visually confirm each division as I count to ensure accuracy. I may also use a pencil to mark temporary spots to avoid confusion. After making the necessary corrections, I would re-evaluate my position in relation to 0.6 and 0.7, ensuring that my final placement of 0.61 is marked accurately, ensuring that it is indeed one hundredth to the right of 0.6.\"\n        }\n    ]\n}\n```"
}