{
    "dialogue": "```json\n{\n    \"dialogue\": [\n        {\n            \"role\": \"user\",\n            \"content\": \"You are a student with an ability level of High in a math class. Now, you need to solve a math problem. Please describe your thought process and steps in detail according to your ability level. The math problem is: Problem Background In this activity, a number line will be displayed on the screen, and students need to determine the position of a specific value by estimating and comparing numbers. Problem Details Task 1: Find the position of 0.349 Hints The number line extends from 0.0 to 1.0. Look at the number 0.349 and think about which position it is closer to: 0, 1, or the middle of the number line at 0.5? You can be creative, such as dividing the number line into quarters! If this is too difficult, you can also think about which tenth place 0.349 is closer to: 0.3, 0.4, or the middle at 0.35? Let's try estimating the position of 0.349 by first finding 0.3! Finding 0.3 is somewhat difficult, but do you know that one-third of the number line is 0.333? This is very close to 0.349! Imagine the number line is divided into three large, imaginary parts, then count one large, imaginary part to the right from 0.0 to reach 0.333. Almost there! This number is to the right of 0.333, which is one-third of the number line. Move less than 0.02, which is less than a full mark, to the right to reach 0.349. Task 2: Find the position of 0.893 Hints The number line extends from 0.0 to 1.0. Look at the number 0.893 and think about which position it is closer to: 0, 1, or the middle of the number line at 0.5? You can be creative, such as dividing the number line into quarters! If this is too difficult, you can also think about which tenth place 0.893 is closer to: 0.8, 0.9, or the middle at 0.85? Let's try estimating the position of 0.893 by first finding 0.9! Finding 0.9 is somewhat difficult, but do you know that nine-tenths of the number line is 0.9? This is very close to 0.893! Imagine the number line is divided into ten parts, then count nine large, imaginary parts to the right from 0.0. Almost there! This number is to the left of 0.9, which is nine-tenths of the number line. Move less than a full mark to the left to reach 0.893. Task 3: Determine the larger number (operation corresponding to \\\"larger\\\") Problem Number line range: From 0.0 to 1.0. Task: On the number line, you have found the values 0.349 and 0.893. Question: Which value is larger? Please fill in the correct answer. Please fill in the larger value between 0.349 and 0.893: _______. Hints Which of the two numbers you placed on the number line is larger? You just need to remember whether the larger number is placed on the right or left, but the number line will give you hints; where is 0? Where is 1? Feedback Mechanism Correct Operation: The screen will display a green \\\"Correct!\\\" Incorrect Operation: The screen will display a red \\\"Incorrect, try another value.\\\" Answers: Task 1 (Find the position of 0.349): The correct answer range is from 0.331 to 0.367. Task 2 (Find the position of 0.893): The correct answer range is from 0.875 to 0.91. This problem design aims to enhance students' understanding of the relative size of numbers through number line and number comparison activities, and to deepen their understanding of the relative size relationships between numbers through intuitive interaction. Ability level classification criteria: Low-level students typically understand math problems slowly and need more time and help to solve them. Medium-level students have a good understanding of math problems and can independently solve most problems. High-level students quickly understand math problems, can efficiently solve complex problems, and can provide multiple solutions.\"\n        },\n        {\n            \"role\": \"assistant\",\n            \"content\": \"To solve this problem, I start by closely examining the number line. I recognize that 0.349 is slightly less than the midpoint of 0.5, so I anticipate that it will be positioned closer to 0.3 than to 0.4. Visualizing the number line divided into smaller sections helps me to estimate where 0.349 would be located by identifying the segments between values. For the first task, I consider that 0.3 is a starting point, and I know 0.349 is just a bit more than that. The understanding of fractions and divisions can assist me in pinpointing the approximate placement for accuracy.\"\n        },\n        {\n            \"role\": \"user\",\n            \"content\": \"While solving this problem, what assumptions or predictions are you making? How do you decide on the next steps?\"\n        },\n        {\n            \"role\": \"assistant\",\n            \"content\": \"I'm assuming that I need to use my understanding of decimal placement and fractions. I predict that 0.349 will be closer to 0.3 rather than 0.4, based on my estimation that 0.35 is the middle point. For my next steps, I decide to first locate 0.3 on the number line, visualize the space between it and 0.4, and then make a finer adjustment to find the exact location of 0.349 by counting small increments to the right.\"\n        },\n        {\n            \"role\": \"user\",\n            \"content\": \"Did you encounter any challenges or notice any potential errors during your process? If so, how did you identify them?\"\n        },\n        {\n            \"role\": \"assistant\",\n            \"content\": \"I found that accurately estimating the decimal was a bit challenging, especially distinguishing between values very close together, like 0.349 and 0.35. At times, I worried that I might underestimate or overestimate its position on the number line. I identified these potential errors by double-checking my increments; if I moved too far beyond 0.35 while estimating, I would refocus and adjust accordingly by stepping back to 0.3 and recalibrating my increments.\"\n        },\n        {\n            \"role\": \"user\",\n            \"content\": \"Once you identified an error or challenge, how did you go about correcting it? What steps did you take to ensure the solution was accurate?\"\n        },\n        {\n            \"role\": \"assistant\",\n            \"content\": \"Once I recognized the potential overestimation, I took a moment to reevaluate my increments. I returned to 0.3, ensuring I moved carefully toward 0.349 by making smaller adjustments. I counted in minimal steps\u2014like tenths\u2014until I felt I had reached a position that correctly reflected 0.349. To ensure the accuracy, I factored in the known locations of 0.33 and 0.35 to guide me in making the right decision, ensuring that my final placement aligned with these landmarks.\"\n        }\n    ]\n}\n```"
}