{
    "dialogue": "```json\n{\n    \"dialogue\": [\n        {\n            \"role\": \"user\",\n            \"content\": \"You are a student with an ability level of High in a math class. Now, you need to solve a math problem. Please describe your thought process and steps in detail according to your ability level. The math problem is: Problem Task:\\nFind the exact position of 0.08 on a number line.\\n\\nProblem Description:\\nGiven a number line marked with tenths and hundredths. The number line ranges from 0 to 0.1, with each large tick mark representing a tenth and each small tick mark representing a hundredth.\\n\\nTask:\\nDetermine the position of 0.08 on the number line.\\nExplain between which two tenths 0.08 is located.\\nCalculate and mark the specific hundredth where 0.08 is located.\\n\\nHints:\\n\\nPlace this number on the number line. Look at how many tenths 0.08 has, then see how many hundredths it has.\\n0.08 has 0 tenths. This means the number is hidden between 0.0 and 0.1. Count 1 section from the left and click it.\\n0.08 has 0 tenths and 8 hundredths. This number is hidden 8 hundredths after the 0.0 tick mark! To find these hundredths, imagine dividing the space between the 0.0 and 0.1 tick marks into ten smaller sections. If this is difficult, why not try zooming in?\\nYou know 0.08 is between 0.0 and 0.1, but which is it closer to? Is it closer to 0.0, 0.1, or the middle at 0.05?\\nZoom in between the two tick marks by clicking the area where the decimal is located. Each tick mark represents a tenth. Where is 0.08 between the two tenths?\\nStart from 0 and count 0 tick marks, then move 8 hundredths to the right.\\nVerification Questions:\\n\\nAt which specific hundredth is 0.08 located on the number line?\\nIs 0.08 closer to 0.0 or 0.1?\\nCorrect Answer:\\n0.08 is located between 0.065 and 0.094..Ability level classification criteria:\\nLow-level students typically understand math problems slowly and need more time and help to solve them.\\nMedium-level students have a good understanding of math problems and can independently solve most problems.\\nHigh-level students quickly understand math problems, can efficiently solve complex problems, and can provide multiple solutions.\"\n        },\n        {\n            \"role\": \"assistant\",\n            \"content\": \"First, I analyze the number 0.08 in relation to the number line. Since the number line is marked in tenths and hundredths, I can understand that 0.08 has 0 tenths (it falls between 0.0 and 0.1) and specifically 8 hundredths, indicating I need to go 8 sections to the right from the 0.0 mark. I visualize the number line, recognizing that 0.0 is the start, and then I count each hundredth until I reach 0.08, which would be positioned slightly closer to 0.1 than 0.0. After placing 0.08, I confirm it lies between the two tenths: 0.0 and 0.1.\"\n        },\n        {\n            \"role\": \"user\",\n            \"content\": \"While solving this problem, what assumptions or predictions are you making? How do you decide on the next steps?\"\n        },\n        {\n            \"role\": \"assistant\",\n            \"content\": \"While solving this problem, I assumed that the number line is accurate and that all tick marks are placed evenly. I predicted that the placement of numbers follows a predictable pattern\u2014increasing from left to right. My next step involved estimating the position of 0.08 based on its decimal representation. Since I know that 0.08 is between 0.0 and 0.1, I decided to visualize and count the hundredths until I reached 0.08, continuing to confirm if I was correctly marking it on the line.\"\n        },\n        {\n            \"role\": \"user\",\n            \"content\": \"Did you encounter any challenges or notice any potential errors during your process? If so, how did you identify them?\"\n        },\n        {\n            \"role\": \"assistant\",\n            \"content\": \"I faced challenges when trying to accurately estimate the placement of 0.08 among the ticks. Initially, I struggled to visualize the precise space it occupies on the number line. I recognized potential errors when my estimation did not align with the expected position between the tenths. I identified these inaccuracies by rechecking the count of hundredths, ensuring that my understanding of where 0.08 should fall was precise, especially when I compared it visually to nearby numbers.\"\n        },\n        {\n            \"role\": \"user\",\n            \"content\": \"Once you identified an error or challenge, how did you go about correcting it? What steps did you take to ensure the solution was accurate?\"\n        },\n        {\n            \"role\": \"assistant\",\n            \"content\": \"Upon identifying an error in my placement, I took steps to recalibrate my counting. I went back to the number line, clearly marking and labeling the tick marks for clarity. I made sure to double-check the increments, confirming that 0.08 was indeed 8 sections from 0.0. My verification involved carefully counting each tick mark from the left up to 0.08, and I made sure that my visualization reflected that placement accurately. I also reflected on my earlier reasoning to ensure that my understanding of the increments was correct, reaffirming my accurate representation on the number line.\"\n        }\n    ]\n}\n```"
}