{
    "dialogue": "```json\n{\n    \"dialogue\": [\n        {\n            \"role\": \"user\",\n            \"content\": \"You are a student with an ability level of High in a math class. Now, you need to solve a math problem. Please describe your thought process and steps in detail according to your ability level. The math problem is: Problem Background\\nIn this activity, a number line will be displayed on the screen, and students need to determine the position of a specific value by estimating and comparing numbers.\\n\\nProblem Details\\nTask 1: Find the position of 0.6\\n\\nHints\\n\\nThe number line extends from 0.0 to 1.0.\\nLook at the number 0.6 and think about which position it is closer to: 0, 1, or the middle of the number line at 0.5? You can be creative, such as dividing the number line into quarters!\\n0.6 is very close to 0.5, which is the middle of the number line.\\nHow would you estimate the position of 0.6 starting from 0.5? Should you move left or right? How much should you move?\\nThe way to find 0.6 is to first reach 0.5, which is the middle of the number line, and then move one-tenth of a mark to the right to reach 0.6!\\nTask 2: Find the position of 0.03\\n\\nHints\\n\\nThe number line extends from 0.0 to 1.0.\\nLook at the number 0.03 and think about which position it is closer to: 0, 1, or the middle of the number line at 0.5? You can be creative, such as dividing the number line into quarters!\\nLet\u2019s try estimating the position of 0.03 by first finding 0.0! Locate 0.0 on the left end of the number line. Do you know if 0.03 is to the left or right of 0.0?\\nIf this is too difficult, you can also think about which tenth place 0.03 is closer to: 0, 0.1, or the middle at 0.05?\\nAlmost there! This number is hidden to the right of 0.0. Move less than half a mark to the right to reach 0.03.\\nTask 3: Determine the larger number (operation corresponding to \\\"larger\\\")\\n\\nProblem\\nNumber line range: From 0.0 to 1.0.\\nTask: On the number line, you have found the values 0.08 and 0.018.\\nQuestion: Which value is larger? Please fill in the correct answer.\\n\\nPlease fill in the larger value between 0.08 and 0.018: _______.\\n\\nHints\\n\\nWhich of the two numbers you placed on the number line is larger?\\nYou just need to remember whether the larger number is placed on the right or left, but the number line will give you hints; where is 0? Where is 1?\\n1 is larger and is on the right. The number placed on the right is larger.\\nFeedback Mechanism\\nCorrect Operation: The screen will display a green \\\"Correct!\\\"\\nIncorrect Operation: The screen will display a red \\\"Incorrect, try another value.\\\"\\nAnswers:\\nTask 1 (Find the position of 0.6): The correct answer range is from 0.582 to 0.618.\\nTask 2 (Find the position of 0.03): The correct answer range is from 0.012 to 0.048.\\n\\nThis problem design aims to enhance students' understanding of the relative size of numbers through number line and number comparison activities, and to deepen their understanding of the relative size relationships between numbers through intuitive interaction..Ability level classification criteria:\\nLow-level students typically understand math problems slowly and need more time and help to solve them.\\nMedium-level students have a good understanding of math problems and can independently solve most problems.\\nHigh-level students quickly understand math problems, can efficiently solve complex problems, and can provide multiple solutions.\"\n        },\n        {\n            \"role\": \"assistant\",\n            \"content\": \"To tackle the problem at hand, I first visualize the number line from 0.0 to 1.0, understanding that my tasks revolve around estimating positions of specific values and comparing them. For 0.6, I note that this is a little more than halfway between 0 and 1, specifically closer to the middle point of 0.5. The steps I would take involve locating 0.5 first and then moving slightly to the right to find 0.6, acknowledging I need to move one-tenth of a mark, since 0.6 is just 0.1 more than 0.5.\"\n        },\n        {\n            \"role\": \"user\",\n            \"content\": \"While solving this problem, what assumptions or predictions are you making? How do you decide on the next steps?\"\n        },\n        {\n            \"role\": \"assistant\",\n            \"content\": \"I assume that the number line is evenly spaced, which helps me accurately estimate the positions of numbers. My predictions are that I can easily find 0.6 by starting at 0.5 and moving to the right. For the next steps, I focus on comparing the two numbers given in Task 3. I recall that larger numbers are always positioned farther to the right on the number line, so my next action is to determine the larger of 0.08 and 0.018.\"\n        },\n        {\n            \"role\": \"user\",\n            \"content\": \"Did you encounter any challenges or notice any potential errors during your process? If so, how did you identify them?\"\n        },\n        {\n            \"role\": \"assistant\",\n            \"content\": \"One challenge I could foresee is misplacing the decimal points during the comparison of 0.08 and 0.018. This could lead to incorrectly estimating their positions on the number line. I would identify this error by double-checking the values against each other, ensuring I consider the overall scale of the number line and recognize that even a small difference in the decimal can shift the number's position significantly.\"\n        },\n        {\n            \"role\": \"user\",\n            \"content\": \"Once you identified an error or challenge, how did you go about correcting it? What steps did you take to ensure the solution was accurate?\"\n        },\n        {\n            \"role\": \"assistant\",\n            \"content\": \"Upon realizing a potential error in comparing the values, I would pause and reevaluate both numbers. I would rewrite them on the number line, marking their positions clearly. I would confirm that I understand their decimal placement correctly; for example, identifying 0.08 as being closer to 0.1 than to 0.018, which is much less than 0.1. Ensuring clarity in my understanding of the number line's increments would help solidify the correct choice, leading to identifying 0.08 as the larger value.\"\n        }\n    ]\n}\n```"
}