{
    "dialogue": "```json\n{\n    \"dialogue\": [\n        {\n            \"role\": \"user\",\n            \"content\": \"You are a student with an ability level of High in a math class. Now, you need to solve a math problem. Please describe your thought process and steps in detail according to your ability level. The math problem is: Problem Background\\nIn this activity, a number line will be displayed on the screen, and students need to determine the position of a specific value by estimating and comparing numbers.\\n\\nProblem Details\\nTask 1: Find the position of 0.349\\n\\nHints\\n\\nThe number line extends from 0.0 to 1.0.\\nLook at the number 0.349 and think about which position it is closer to: 0, 1, or the middle of the number line at 0.5? You can be creative, such as dividing the number line into quarters!\\nIf this is too difficult, you can also think about which tenth place 0.349 is closer to: 0.3, 0.4, or the middle at 0.35?\\nLet's try estimating the position of 0.349 by first finding 0.3! Finding 0.3 is somewhat difficult, but do you know that one-third of the number line is 0.333? This is very close to 0.349! Imagine the number line is divided into three large, imaginary parts, then count one large, imaginary part to the right from 0.0 to reach 0.333.\\nAlmost there! This number is to the right of 0.333, which is one-third of the number line. Move less than 0.02, which is less than a full mark, to the right to reach 0.349.\\nTask 2: Find the position of 0.893\\n\\nHints\\n\\nThe number line extends from 0.0 to 1.0.\\nLook at the number 0.893 and think about which position it is closer to: 0, 1, or the middle of the number line at 0.5? You can be creative, such as dividing the number line into quarters!\\nIf this is too difficult, you can also think about which tenth place 0.893 is closer to: 0.8, 0.9, or the middle at 0.85?\\nLet's try estimating the position of 0.893 by first finding 0.9! Finding 0.9 is somewhat difficult, but do you know that nine-tenths of the number line is 0.9? This is very close to 0.893! Imagine the number line is divided into ten parts, then count nine large, imaginary parts to the right from 0.0.\\nAlmost there! This number is to the left of 0.9, which is nine-tenths of the number line. Move less than a full mark to the left to reach 0.893.\\nTask 3: Determine the larger number (operation corresponding to \\\"larger\\\")\\n\\nProblem\\nNumber line range: From 0.0 to 1.0.\\nTask: On the number line, you have found the values 0.349 and 0.893.\\nQuestion: Which value is larger? Please fill in the correct answer.\\n\\nPlease fill in the larger value between 0.349 and 0.893: _______.\\n\\nHints\\n\\nWhich of the two numbers you placed on the number line is larger?\\nYou just need to remember whether the larger number is placed on the right or left, but the number line will give you hints; where is 0? Where is 1?\\nFeedback Mechanism\\nCorrect Operation: The screen will display a green \\\"Correct!\\\"\\nIncorrect Operation: The screen will display a red \\\"Incorrect, try another value.\\\"\\nAnswers:\\nTask 1 (Find the position of 0.349): The correct answer range is from 0.331 to 0.367.\\nTask 2 (Find the position of 0.893): The correct answer range is from 0.875 to 0.91.\\n\\nThis problem design aims to enhance students' understanding of the relative size of numbers through number line and number comparison activities, and to deepen their understanding of the relative size relationships between numbers through intuitive interaction.\\nAbility level classification criteria:\\nLow-level students typically understand math problems slowly and need more time and help to solve them.\\nMedium-level students have a good understanding of math problems and can independently solve most problems.\\nHigh-level students quickly understand math problems, can efficiently solve complex problems, and can provide multiple solutions.\"\n        },\n        {\n            \"role\": \"assistant\",\n            \"content\": \"To solve this problem, I start by visualizing the number line from 0.0 to 1.0. For Task 1, I recognize that 0.349 is a decimal value that falls between 0.3 and 0.4. To estimate its position accurately, I think about breaking the number line into smaller sections. Since 0.3 corresponds to 0.331 when considering the range given, I can determine that 0.349 is going to be slightly above that point. This process involves relative comparisons between the values I am analyzing and the benchmarks provided by the number line.\"\n        },\n        {\n            \"role\": \"user\",\n            \"content\": \"While solving this problem, what assumptions or predictions are you making? How do you decide on the next steps?\"\n        },\n        {\n            \"role\": \"assistant\",\n            \"content\": \"I assume that by correctly estimating the position of decimals based on their proximity to whole numbers and known benchmarks, I can effectively place them on the number line. My next steps involve checking how close my estimates are to the range provided in the hints, specifically focusing on narrowing down the intervals to converge on the correct position of 0.349 and 0.893. For example, I may focus on the tenths and hundredths places to make more precise movements along the number line.\"\n        },\n        {\n            \"role\": \"user\",\n            \"content\": \"Did you encounter any challenges or notice any potential errors during your process? If so, how did you identify them?\"\n        },\n        {\n            \"role\": \"assistant\",\n            \"content\": \"Yes, I initially struggled with visualizing fractions of a decimal position accurately. This challenge became evident when I attempted to estimate the position of 0.349, as it\u2019s so close to 0.33, and I needed to be careful not to underestimate my calculations. I identified these potential errors by comparing my placements against the hints and the defined ranges for accuracy.\"\n        },\n        {\n            \"role\": \"user\",\n            \"content\": \"Once you identified an error or challenge, how did you go about correcting it? What steps did you take to ensure the solution was accurate?\"\n        },\n        {\n            \"role\": \"assistant\",\n            \"content\": \"Upon recognizing the error, I revisited the decimal placements I had previously calculated. I took a step back and carefully reevaluated the number line increments, ensuring that I logically compared the differences between 0.331 and 0.367 for 0.349 and similarly for 0.893. I made adjustments by refining my movements on the number line, being diligent not to skip over subtle distinctions in decimal placements. This methodical approach allowed me to verify that my estimates accurately reflected the positions of the decimal values.\"\n        }\n    ]\n}\n```"
}