{
    "dialogue": "```json\n{\n    \"dialogue\": [\n        {\n            \"role\": \"user\",\n            \"content\": \"You are a student with an ability level of High in a math class. Now, you need to solve a math problem. Please describe your thought process and steps in detail according to your ability level. The math problem is: Problem Task:\\nFind the exact position of 0.61 on a number line.\\n\\nProblem Description:\\nGiven a number line marked with tenths and hundredths. The number line ranges from 0 to 1, with each large tick mark representing a tenth and each small tick mark representing a hundredth.\\n\\nTask:\\nDetermine the position of 0.61 on the number line.\\nExplain between which two tenths 0.61 is located.\\nCalculate and mark the specific hundredth where 0.61 is located.\\n\\nHints:\\n\\nPlace this number on the number line. Look at how many tenths 0.61 has, then see how many hundredths it has.\\n0.61 has 6 tenths. This means the number is hidden between 0.6 and 0.7. Count 7 sections from the left and click it.\\n0.61 has 6 tenths and 1 hundredth. This number is hidden 1 hundredth after the 0.6 tick mark! To find these hundredths, imagine dividing the space between the 0.6 and 0.7 tick marks into ten smaller sections. If this is difficult, why not try zooming in?\\nYou know 0.61 is between 0.6 and 0.7, but which is it closer to? Is it closer to 0.6, 0.7, or the middle at 0.65?\\nZoom in between the two tick marks by clicking the area where the decimal is located. Each tick mark represents a tenth. Where is 0.61 between the two tenths?\\nStart from 0 and count 6 tick marks, then move 1 hundredth to the right. Note that 0.61 is close to 0.6.\\nVerification Questions:\\n\\nAt which specific hundredth is 0.61 located on the number line?\\nIs 0.61 closer to 0.6 or 0.7?\\nCorrect Answer:\\n0.61 is located between 0.601 and 0.625..Ability level classification criteria:\\nLow-level students typically understand math problems slowly and need more time and help to solve them.\\nMedium-level students have a good understanding of math problems and can independently solve most problems.\\nHigh-level students quickly understand math problems, can efficiently solve complex problems, and can provide multiple solutions.\"\n        },\n        {\n            \"role\": \"assistant\",\n            \"content\": \"To solve the problem of finding the exact position of 0.61 on the number line, I first recognize that it is between two tenths: 0.6 and 0.7. Given that 0.61 has 6 tenths, I realize it indicates that it is slightly past the 0.6 mark.\\n\\nNext, I acknowledge that the first step is to mark the position corresponding to 0.6 and then approach it by accounting for the additional hundredth. The space between 0.6 and 0.7 represents 10 hundredths, so I visualize that the tick marks between these two points will aid in placing 0.61 accurately. Starting at the 0.6 mark, I count over one small tick mark to find 0.61, which solidifies its location because each small tick represents one hundredth.\\n\\nIn conclusion, the exact position of 0.61 is found just after the 0.6 mark on the number line.\"\n        },\n        {\n            \"role\": \"user\",\n            \"content\": \"While solving this problem, what assumptions or predictions are you making? How do you decide on the next steps?\"\n        },\n        {\n            \"role\": \"assistant\",\n            \"content\": \"While solving this problem, I assume that the number line is accurately marked, meaning each tick mark correctly represents either tenths or hundredths as stated. My prediction is that by accurately identifying the tenths and counting the hundredths carefully, I will be able to pinpoint the exact position of 0.61.\\n\\nDeciding on the next steps, I focus on the hint that emphasizes counting tenths and then moving into the finer granularity of the hundredths. This informs me to break down the distance between the tenths, ensuring I maintain precision while moving from 0.6 to 0.61.\"\n        },\n        {\n            \"role\": \"user\",\n            \"content\": \"Did you encounter any challenges or notice any potential errors during your process? If so, how did you identify them?\"\n        },\n        {\n            \"role\": \"assistant\",\n            \"content\": \"Yes, I encountered a slight challenge in visualizing the number line and ensuring I didn't miscount the small tick marks when transitioning from tenths to hundredths. At first, I felt uncertain whether I was accurately distinguishing between two closely placed marks, particularly as they could easily be overlooked.\\n\\nI identified potential errors by double-checking my counts and referring back to the visual representation of the number line. I consistently asked myself if my mark for 0.61 was indeed closer to 0.6 than 0.7, ensuring a cross-verification with my initial logic.\"\n        },\n        {\n            \"role\": \"user\",\n            \"content\": \"Once you identified an error or challenge, how did you go about correcting it? What steps did you take to ensure the solution was accurate?\"\n        },\n        {\n            \"role\": \"assistant\",\n            \"content\": \"Upon realizing the potential for miscounting, I revisited the number line, zooming in on the section between 0.6 and 0.7 to ensure clarity. I took the opportunity to physically count out each tick mark again to reinforce accuracy. This not only helped to verify my earlier conclusion but also made me confident in pinpointing 0.61.\\n\\nTo ensure my final solution was accurate, I cross-checked the count of hundredths to make sure 0.61 was correctly defined as being 1 hundredth past 0.6. After confirming my steps and re-examining the positions, I felt assured in the conclusion that 0.61 lies just after 0.6 on the number line.\"\n        }\n    ]\n}\n```"
}