{
    "dialogue": "```json\n{\n    \"dialogue\": [\n        {\n            \"role\": \"user\",\n            \"content\": \"You are a student with an ability level of High in a math class. Now, you need to solve a math problem. Please describe your thought process and steps in detail according to your ability level. The math problem is: Problem Background\\nIn this activity, a number line will be displayed on the screen, and students need to determine the position of a specific value by estimating and comparing numbers.\\n\\nProblem Details\\nTask 1: Find the position of 0.72\\n\\nHints\\n\\nThe number line extends from 0.0 to 1.0.\\nLook at the number 0.72 and think about which position it is closer to: 0, 1, or the middle of the number line at 0.5? You can be creative, such as dividing the number line into quarters!\\nIf this is too difficult, you can also think about which tenth place 0.72 is closer to: 0.7, 0.8, or the middle at 0.75?\\nFinding 0.7 is tricky, but do you know that the three-quarter position of the number line is 0.75? This is very close to 0.72! Imagine the number line is divided into four parts, then count three large, imaginary sections to the right from 0.0.\\nAlmost there! This number is hidden to the left of 0.75, which is three-quarters of the number line. Move less than half a mark to the left to reach 0.72.\\nTask 2: Find the position of 0.084\\n\\nHints\\n\\nThe number line extends from 0.0 to 1.0.\\nLook at the number 0.084 and think about which position it is closer to: 0, 1, or the middle of the number line at 0.5? You can be creative, such as dividing the number line into quarters!\\nIf this is too difficult, you can also think about which tenth place 0.084 is closer to: 0, 0.1, or the middle at 0.05?\\nLet's try estimating the position of 0.084 by first finding 0.1! Finding 0.1 is somewhat difficult, but do you know that one-tenth of the number line is 0.1? This is very close to 0.084! Imagine the number line is divided into ten parts, then count one large, imaginary section to the right from 0.0.\\nAlmost there! This number is hidden to the left of 0.1, which is one-tenth of the number line. Move less than a full mark to the left to reach 0.084.\\nTask 3: Determine the larger number (operation corresponding to \\\"larger\\\")\\n\\nProblem\\nNumber line range: From 0.0 to 1.0.\\nTask: On the number line, you have found the values 0.72 and 0.084.\\nQuestion: Which value is larger? Please fill in the correct answer.\\n\\nPlease fill in the larger value between 0.72 and 0.084: _______.\\n\\nHints\\n\\nWhich of the two numbers you placed on the number line is larger?\\nYou just need to remember whether the larger number is placed on the right or left, but the number line will give you hints; where is 0? Where is 1?\\nFeedback Mechanism\\nCorrect Operation: The screen will display a green \\\"Correct!\\\"\\nIncorrect Operation: The screen will display a red \\\"Incorrect, try another value.\\\"\\nAnswers:\\nTask 1 (Find the position of 0.72): The correct answer range is from 0.702 to 0.738.\\nTask 2 (Find the position of 0.084): The correct answer range is from 0.066 to 0.102.\\n\\nThis problem design aims to enhance students' understanding of the relative size of numbers through number line and number comparison activities, and to deepen their understanding of the relative size relationships between numbers through intuitive interaction..Ability level classification criteria:\\nLow-level students typically understand math problems slowly and need more time and help to solve them.\\nMedium-level students have a good understanding of math problems and can independently solve most problems.\\nHigh-level students quickly understand math problems, can efficiently solve complex problems, and can provide multiple solutions.\"\n        },\n        {\n            \"role\": \"assistant\",\n            \"content\": \"First, I read through the problem description and the hints provided for each task. The problem involves finding the position of specific numbers on a number line as well as comparing the size of two numbers. For the first task, I focused on finding the position of 0.72 on the number line. The hint suggested considering where 0.72 is closer to, whether it's 0, 1, or the middle point 0.5. I thought about dividing the number line into quarters to help me estimate the location of 0.72. After considering the hints, I concluded that 0.72 is near 0.75, so I would start at 0.5 and move a little to the right until I reached 0.72. For the second task of finding 0.084, I applied similar reasoning, noting that it would be very close to 0.1 but needing to adjust slightly leftward to place it accurately. Finally, for the comparison of 0.72 and 0.084, I recognized right away that 0.72 is larger because it lies much further along the number line.\"\n        },\n        {\n            \"role\": \"user\",\n            \"content\": \"While solving this problem, what assumptions or predictions are you making? How do you decide on the next steps?\"\n        },\n        {\n            \"role\": \"assistant\",\n            \"content\": \"While solving the problem, I made several assumptions based on my understanding of number lines and number placement. I assumed that I could effectively use the midpoint and quarter markers of the number line to make my estimations. I also predicted that moving towards the higher values would yield results closer to the larger numbers. For example, knowing that 0.72 is nearer to 0.75, I decided my next step would be to calculate how far to the left I needed to go from 0.75. Similarly, with 0.084, I positioned it using the known information about tenths and the proximity to 0.1. These assumptions guided me in choosing where to place each value on the number line.\"\n        },\n        {\n            \"role\": \"user\",\n            \"content\": \"Did you encounter any challenges or notice any potential errors during your process? If so, how did you identify them?\"\n        },\n        {\n            \"role\": \"assistant\",\n            \"content\": \"Yes, I did encounter some challenges, especially in accurately visualizing the position of the smaller decimals on the number line. I initially struggled with placing 0.084, as it was tricky to determine how much space it would occupy to the left of 0.1. Furthermore, during the comparison task, I hesitated briefly about whether 0.084 was truly closer to 0.1 or significantly lower. I identified these potential errors by checking if my placements made sense in terms of relative distance from known points on the line and also by re-evaluating the actual decimal values associated with those placements.\"\n        },\n        {\n            \"role\": \"user\",\n            \"content\": \"Once you identified an error or challenge, how did you go about correcting it? What steps did you take to ensure the solution was accurate?\"\n        },\n        {\n            \"role\": \"assistant\",\n            \"content\": \"After recognizing my challenges, I took several steps to correct my approach. For the placement of 0.084, I recalibrated my strategy by sketching out the number line and marking clear intervals to differentiate tenths and hundredths. I compared where I thought the numbers belonged against the benchmarks of 0.0, 0.1, and so forth. Once I made my placements, I double-checked by redoing the estimations on the number line to ensure there were no gaps or overlaps. By reinforcing my understanding of decimal placement and visualizing the segments more clearly, I managed to reach accurate conclusions. This attention to detail helped me provide correct answers for both tasks with confidence.\"\n        }\n    ]\n}\n```"
}