{
    "dialogue": "{\n    \"dialogue\": [\n        {\n            \"role\": \"user\",\n            \"content\": \"You are a student with an ability level of High in a math class. Now, you need to solve a math problem. Please describe your thought process and steps in detail according to your ability level. The math problem is: Problem Task: Find the exact position of 0.08 on a number line. Problem Description: Given a number line marked with tenths and hundredths. The number line ranges from 0 to 0.1, with each large tick mark representing a tenth and each small tick mark representing a hundredth. Task: Determine the position of 0.08 on the number line. Explain between which two tenths 0.08 is located. Calculate and mark the specific hundredth where 0.08 is located. Hints: Place this number on the number line. Look at how many tenths 0.08 has, then see how many hundredths it has. 0.08 has 0 tenths. This means the number is hidden between 0.0 and 0.1. Count 1 section from the left and click it. 0.08 has 0 tenths and 8 hundredths. This number is hidden 8 hundredths after the 0.0 tick mark! To find these hundredths, imagine dividing the space between the 0.0 and 0.1 tick marks into ten smaller sections. If this is difficult, why not try zooming in? You know 0.08 is between 0.0 and 0.1, but which is it closer to? Is it closer to 0.0, 0.1, or the middle at 0.05? Zoom in between the two tick marks by clicking the area where the decimal is located. Each tick mark represents a tenth. Where is 0.08 between the two tenths? Start from 0 and count 0 tick marks, then move 8 hundredths to the right. Verification Questions: At which specific hundredth is 0.08 located on the number line? Is 0.08 closer to 0.0 or 0.1? Correct Answer: 0.08 is located between 0.065 and 0.094. Ability level classification criteria: Low-level students typically understand math problems slowly and need more time and help to solve them. Medium-level students have a good understanding of math problems and can independently solve most problems. High-level students quickly understand math problems, can efficiently solve complex problems, and can provide multiple solutions.\"\n        },\n        {\n            \"role\": \"assistant\",\n            \"content\": \"To solve the problem of finding the position of 0.08 on the number line, I start by recognizing that 0.08 is a decimal located between two tenths: 0.0 and 0.1. Specifically, I consider how many tenths and how many hundredths make up 0.08, which is 0 tenths and 8 hundredths. Since the number line is marked with tenths and hundredths, I know that 0.08 falls to the right of 0.0. \\n\\nNext, I visualize or sketch the number line from 0.0 to 0.1. Each large tick represents a tenth (0.0 to 0.1), and each small tick represents a hundredth, which means there are ten small ticks between each tenth. Counting these small ticks, I mark 0.08 being the 8th hundredth tick after 0.0. Its exact position on the number line is just slightly to the right of the 0.08 point,\\n\\nUltimately, I would conclude that 0.08 is between the two tenths, specifically between 0.0 (0.00) and 0.1 (0.10).\"\n        },\n        {\n            \"role\": \"user\",\n            \"content\": \"While solving this problem, what assumptions or predictions are you making? How do you decide on the next steps?\"\n        },\n        {\n            \"role\": \"assistant\",\n            \"content\": \"While solving this problem, I am assuming that the number line is correctly labeled and organized, with clear divisions for tenths and hundredths. I presume that the spacing between the marks is uniform and accurate, allowing me to trust my calculations regarding the position of 0.08. My assumption also extends to recognizing that 0.08 is definitely greater than 0.0 and less than 0.1.\\n\\nTo decide on the next steps, I focus on the hints provided which guide me toward identifying the specific tick marks. I plan to count the hundredths on the way from 0.0 towards 0.1, ensuring I make a mark at the 8th hundredth tick mark, leading me to the exact location for 0.08. My thought process involves a methodical approach to breaking down the decimal into its components, which informs my subsequent actions.\"\n        },\n        {\n            \"role\": \"user\",\n            \"content\": \"Did you encounter any challenges or notice any potential errors during your process? If so, how did you identify them?\"\n        },\n        {\n            \"role\": \"assistant\",\n            \"content\": \"During the problem-solving process, I didn't encounter significant challenges, but I was mindful of the potential for miscounting the hundredths on the number line. A common error could be to count incorrectly if I was not precise in identifying each tick mark. To prevent this, I double-checked each tick I counted to ensure accuracy by visually verifying each mark on the number line before deciding the specific position for 0.08.\\n\\nIf I had noticed any errors, I would reassess my count from 0.0 to my determined placement of 0.08 and ensure that I accurately represented the distance from 0.0 and verified that it aligns with other decimal placements as needed.\"\n        },\n        {\n            \"role\": \"user\",\n            \"content\": \"Once you identified an error or challenge, how did you go about correcting it? What steps did you take to ensure the solution was accurate?\"\n        },\n        {\n            \"role\": \"assistant\",\n            \"content\": \"In the hypothetical situation of identifying an error, my first course of action would be to backtrack my counting of the hundredth marks on the number line. I would carefully recount from 0.0, ensuring that I account for each of the small tick marks accurately up to the position of 0.08. \\n\\nIf I found a discrepancy, I would adjust my placement and re-evaluate the visual representation of the number line by possibly re-drawing it to emphasize clarity between the tick marks. After making adjustments, I would confirm that my new placement accurately reflects the relationship between 0.08 and its neighboring marks, ensuring that it correctly aligns between the 0.0 and 0.1 marks. Additionally, I\u2019d check if my concluding analyses of where 0.08 falls relative to 0.0 and 0.1 still held valid. By taking these steps, I would work towards guaranteeing the accuracy of my solution.\"\n        }\n    ]\n}"
}