{
    "dialogue": "{\n    \"dialogue\": [\n        {\"role\": \"user\", \"content\": \"You are currently a student with an ability level of High in a math class. Now, you need to solve a math problem. Please describe your thought process and steps in detail according to your ability level. The math problem is: Problem Background\\nIn this activity, a number line will be displayed on the screen, and students need to determine the position of a specific value by estimating and comparing numbers.\\n\\nProblem Details\\nTask 1: Find the position of 0.097\\n\\nHints\\n\\nThe number line extends from 0.0 to 1.0.\\nThink about which number 0.097 is closer to: 0, 1, or the middle of the number line at 0.5? You can be creative, such as dividing the number line into quarters!\\nIf this is too difficult, you can also think about which tenth place 0.097 is closer to: 0, 0.1, or the middle at 0.05?\\nNote that this number is very close to 0.1. Therefore, once you estimate the position of 0.1, it's already a good estimate! Then move slightly to the left to reach the position of 0.097.\\nLet's try estimating the position of 0.097 by first finding 0.1! Start from the left end of the number line at 0.0. 0.1 should be one-tenth of a mark to the right of 0.0. Do you know if 0.097 is to the left or right of 0.1? Should you move left or right?\\nTask 2: Find the position of 0.9\\n\\nHints\\n\\nThe number line extends from 0.0 to 1.0.\\nLook at the number 0.9 and think about which position it is closer to: 0, 1, or the middle of the number line at 0.5? You can be creative, such as dividing the number line into quarters!\\n0.9 is very close to 1, which is the right end of the number line.\\nHow would you estimate the position of 0.9 starting from 1? Should you move left or right? How much should you move?\\nTo find the position of 0.9, first reach the right end of the number line at 1, then move one-tenth of a mark to the left to reach the position of 0.9!\\nTask 3: Compare the sizes of 0.097 and 0.9\\n\\nProblem\\nNumber line range: From 0.0 to 1.0.\\nTask: On the number line, you have found the values 0.097 and 0.9.\\nQuestion: Which value is larger? Please fill in the correct answer.\\nPlease fill in the larger value between 0.097 and 0.9: _______.\\n\\nHints\\n\\nWhich of the two numbers you placed on the number line is larger?\\nYou just need to remember whether the larger number is placed on the right or left, but the number line will give you hints; where is 0? Where is 1?\\nFeedback Mechanism\\nCorrect Operation: The screen will display a green \\\"Correct!\\\"\\nIncorrect Operation: The screen will display a red \\\"Incorrect, try another value.\\\"\\nAnswers:\\nTask 1 (Find the position of 0.097): The correct answer range is from 0.079 to 0.1.\\nTask 2 (Find the position of 0.9): The correct answer range is from 0.882 to 0.918.\\n\\nThis problem design aims to enhance students' understanding of the relative size of numbers through number line and number comparison activities, and to deepen their understanding of the relative size relationships between numbers through intuitive interaction..Ability level classification criteria:\\nLow-level students typically understand math problems slowly and need more time and help to solve them.\\nMedium-level students have a good understanding of math problems and can independently solve most problems.\\nHigh-level students quickly understand math problems, can efficiently solve complex problems, and can provide multiple solutions.\"},\n        {\"role\": \"assistant\", \"content\": \"First, I read through the problem description and the hints provided for each task. The problem involves finding the position of specific numbers on a number line, as well as comparing the size of two numbers.\\n\\nFor the first task, I focused on finding the position of 0.097 on the number line. The hint suggested considering which number 0.097 is closer to - 0, 1, or the middle of the number line at 0.5. I used the creative approach of dividing the number line into quarters to estimate the location of 0.097. After considering the hint, I realized that 0.097 is very close to 0.1. To estimate the position, I first found 0.1 and then made a slight move to the left to reach 0.097.\\n\\nNext, for the second task, I approached finding the position of 0.9 on the number line. It is also very close to 1, which is the right end of the number line. I estimated the position of 0.9 by reaching the right end at 1 and then moving one-tenth of a mark to the left to precisely locate 0.9.\\n\\nMoving on to the third task, I compared the sizes of 0.097 and 0.9. I remembered the hint provided and noted that the larger number is placed to the right on the number line. Considering that 1 is to the right and larger, I understood that 0.9 should be placed further to the right.\\n\\nLooking at the action data, I realized I made a mistake in inputting the values for the first task, but I corrected it in the subsequent attempts. For the second task, I input the correct value on the first attempt. Overall, I faced challenges in estimating the positions of the numbers on the number line at first, but I read the hints carefully and used the prompt to correct my mistakes and obtain the correct solutions for the tasks.\"\n        },\n        {\"role\": \"user\", \"content\": \"While solving this problem, what assumptions or predictions are you making? How do you decide on the next steps?\"},\n        {\"role\": \"assistant\", \"content\": \"While solving the problem, I made certain assumptions based on my understanding of number lines and the relative positions of numbers. I assumed that the number line is linear and that numbers to the right are always larger than those to the left. For instance, when estimating the position of 0.097, I predicted it would be just a small move to the left of 0.1 since it is smaller and to the left of that position. This guided my decision to first locate 0.1 and then make a precise estimated move. Similarly, for 0.9, I started from 1 and anticipated that it would only need a slight shift to the left, given its proximity to the right end of the number line. Thus, my next steps were based on closely estimating those small decrements along the number line.\"\n        },\n        {\"role\": \"user\", \"content\": \"Did you encounter any challenges or notice any potential errors during your process? If so, how did you identify them?\"},\n        {\"role\": \"assistant\", \"content\": \"Yes, I encountered challenges, particularly in visualizing the proper placement of the numbers on the number line. Initially, I struggled to pinpoint the exact location of 0.097 and 0.9; I realized I wasn't accurately estimating the increments. For instance, while attempting to determine where 0.097 and 0.9 fell, I found myself hesitating and second-guessing their positions. I identified my errors by evaluating whether my placements of the numbers matched their standard decimal values. For example, if I placed 0.9 significantly to the left of 1, then it indicated an incorrect understanding.\"\n        },\n        {\"role\": \"user\", \"content\": \"Once you identified an error or challenge, how did you go about correcting it? What steps did you take to ensure the solution was accurate?\"},\n        {\"role\": \"assistant\", \"content\": \"After identifying my errors, I took several steps to correct my approach. First, I recalibrated my visualization of the number line. I focused on clearly marking benchmarks like 0.0, 0.5, and 1.0 to aid my estimation. I also revisited the definition of each number to reinforce their relative sizes. For example, when it came to comparing 0.097 and 0.9, I recognized that breaking down the numbers into tenths and understanding their relation to 0.1 made it easier to see their positions. To ensure accuracy in my solutions, I double-checked my placements by visualizing how far each number is from the benchmarks, which ultimately led me to the correct conclusions.\"\n        }\n    ]\n}"
}