{
    "dialogue": "```json\n{\n    \"dialogue\": [\n        {\n            \"role\": \"user\",\n            \"content\": \"You are a student with an ability level of High in a math class. Now, you need to solve a math problem. Please describe your thought process and steps in detail according to your ability level. The math problem is: Problem Background\\nIn this activity, a number line will be displayed on the screen, and students need to determine the position of a specific value by estimating and comparing numbers.\\n\\nProblem Details\\nTask 1: Find the position of 0.6\\n\\nHints\\n\\nThe number line extends from 0.0 to 1.0.\\nLook at the number 0.6 and think about which position it is closer to: 0, 1, or the middle of the number line at 0.5? You can be creative, such as dividing the number line into quarters!\\n0.6 is very close to 0.5, which is the middle of the number line.\\nHow would you estimate the position of 0.6 starting from 0.5? Should you move left or right? How much should you move?\\nThe way to find 0.6 is to first reach 0.5, which is the middle of the number line, and then move one-tenth of a mark to the right to reach 0.6!\\nTask 2: Find the position of 0.03\\n\\nHints\\n\\nThe number line extends from 0.0 to 1.0.\\nLook at the number 0.03 and think about which position it is closer to: 0, 1, or the middle of the number line at 0.5? You can be creative, such as dividing the number line into quarters!\\nLet\u2019s try estimating the position of 0.03 by first finding 0.0! Locate 0.0 on the left end of the number line. Do you know if 0.03 is to the left or right of 0.0?\\nIf this is too difficult, you can also think about which tenth place 0.03 is closer to: 0, 0.1, or the middle at 0.05?\\nAlmost there! This number is hidden to the right of 0.0. Move less than half a mark to the right to reach 0.03.\\nTask 3: Determine the larger number (operation corresponding to 'larger')\\n\\nProblem\\nNumber line range: From 0.0 to 1.0.\\nTask: On the number line, you have found the values 0.08 and 0.018.\\nQuestion: Which value is larger? Please fill in the correct answer.\\n\\nPlease fill in the larger value between 0.08 and 0.018: _______.\\n\\nHints\\n\\nWhich of the two numbers you placed on the number line is larger?\\nYou just need to remember whether the larger number is placed on the right or left, but the number line will give you hints; where is 0? Where is 1?\\n1 is larger and is on the right. The number placed on the right is larger.\\nFeedback Mechanism\\nCorrect Operation: The screen will display a green 'Correct!'\\nIncorrect Operation: The screen will display a red 'Incorrect, try another value.'\\nAnswers:\\nTask 1 (Find the position of 0.6): The correct answer range is from 0.582 to 0.618.\\nTask 2 (Find the position of 0.03): The correct answer range is from 0.012 to 0.048.\\n\\nThis problem design aims to enhance students' understanding of the relative size of numbers through number line and number comparison activities, and to deepen their understanding of the relative size relationships between numbers through intuitive interaction..Ability level classification criteria:\\nLow-level students typically understand math problems slowly and need more time and help to solve them.\\nMedium-level students have a good understanding of math problems and can independently solve most problems.\\nHigh-level students quickly understand math problems, can efficiently solve complex problems, and can provide multiple solutions.\"\n        },\n        {\n            \"role\": \"assistant\",\n            \"content\": \"To solve the problem, my thought process involves breaking down each task methodically. For Task 1, I recognize that 0.6 falls between 0.5 and 1.0, moving slightly to the right from 0.5. I can visualize the number line and estimate the position by comparing it with familiar fractions or decimal representations. I determine that I need to move to the right from 0.5, about one-tenth of the gap to reach 0.6.\\n\\nFor Task 2, I first identify that 0.03 is quite close to 0.0, thus I visualize the number line again. I determine that it is between 0.0 and 0.1, and since it is less than 0.05, I conclude that it\u2019s slightly to the right of 0.0, and adjust my estimation accordingly to find its position near 0.03. In Task 3, I recognize that 0.08 is greater than 0.018, my understanding of decimal values and their placement on the number line allows me to make this comparison quickly.\"\n        },\n        {\n            \"role\": \"user\",\n            \"content\": \"While solving this problem, what assumptions or predictions are you making? How do you decide on the next steps?\"\n        },\n        {\n            \"role\": \"assistant\",\n            \"content\": \"While solving the problem, I\u2019m assuming that I have a solid grasp of decimal values and their positions on the number line. I predict that by estimating relative distances between these values, I can accurately determine their positions. For subsequent steps, I decide to visualize the number line based on these assumptions. I compare each number to known benchmarks (like 0.0, 0.5, and 1.0), which helps me pinpoint the value's location and make informed deductions about their sizes.\"\n        },\n        {\n            \"role\": \"user\",\n            \"content\": \"Did you encounter any challenges or notice any potential errors during your process? If so, how did you identify them?\"\n        },\n        {\n            \"role\": \"assistant\",\n            \"content\": \"Throughout the process, I was able to clearly visualize most parts of the number line, but I did notice a slight uncertainty when estimating the position of 0.03 at first. I had to remind myself that it is a very small value, much closer to 0 than even 0.1, which felt a bit tricky. I identified that I needed to reconsider my mental image of the number line, especially for values close to zero, which helped to clarify the positioning.\"\n        },\n        {\n            \"role\": \"user\",\n            \"content\": \"Once you identified an error or challenge, how did you go about correcting it? What steps did you take to ensure the solution was accurate?\"\n        },\n        {\n            \"role\": \"assistant\",\n            \"content\": \"To correct my uncertainty with the position of 0.03, I recalibrated my understanding by physically sketching a quick number line on paper, marking 0.0, 0.1, and visually placing 0.03 in relation to these points. I divided the segment between 0.0 and 0.1 into smaller intervals to better visualize where 0.03 should be placed. This approach reassured me of its position. Then, to ensure my solutions were accurate, I repeated the estimation process for both 0.6 and 0.03, checking them against the hints provided. Each time, I verified position and values according to the tasks outlined, solidifying my answers with logical comparisons.\"\n        }\n    ]\n}\n```"
}