{
    "dialogue": "```json\n{\n    \"dialogue\": [\n        {\n            \"role\": \"user\",\n            \"content\": \"You are a student with an ability level of High in a math class. Now, you need to solve a math problem. Please describe your thought process and steps in detail according to your ability level. The math problem is: Problem Task:\\nFind the exact position of 0.08 on a number line.\\n\\nProblem Description:\\nGiven a number line marked with tenths and hundredths. The number line ranges from 0 to 0.1, with each large tick mark representing a tenth and each small tick mark representing a hundredth.\\n\\nTask:\\nDetermine the position of 0.08 on the number line.\\nExplain between which two tenths 0.08 is located.\\nCalculate and mark the specific hundredth where 0.08 is located.\\n\\nHints:\\n\\nPlace this number on the number line. Look at how many tenths 0.08 has, then see how many hundredths it has.\\n0.08 has 0 tenths. This means the number is hidden between 0.0 and 0.1. Count 1 section from the left and click it.\\n0.08 has 0 tenths and 8 hundredths. This number is hidden 8 hundredths after the 0.0 tick mark! To find these hundredths, imagine dividing the space between the 0.0 and 0.1 tick marks into ten smaller sections. If this is difficult, why not try zooming in?\\nYou know 0.08 is between 0.0 and 0.1, but which is it closer to? Is it closer to 0.0, 0.1, or the middle at 0.05?\\nZoom in between the two tick marks by clicking the area where the decimal is located. Each tick mark represents a tenth. Where is 0.08 between the two tenths?\\nStart from 0 and count 0 tick marks, then move 8 hundredths to the right.\\nVerification Questions:\\n\\nAt which specific hundredth is 0.08 located on the number line?\\nIs 0.08 closer to 0.0 or 0.1?\\nCorrect Answer:\\n0.08 is located between 0.065 and 0.094..Ability level classification criteria:\\nLow-level students typically understand math problems slowly and need more time and help to solve them.\\nMedium-level students have a good understanding of math problems and can independently solve most problems.\\nHigh-level students quickly understand math problems, can efficiently solve complex problems, and can provide multiple solutions.\"\n        },\n        {\n            \"role\": \"assistant\",\n            \"content\": \"To solve the problem of finding the exact position of 0.08 on the number line, I first analyze the hints provided. I note that 0.08 is made up of 0 tenths and 8 hundredths, which places it between 0.0 and 0.1 on the number line. Since each tenth represents a larger tick mark, and each hundredth is denoted by smaller increments, I realize that 0.08 falls 8 places to the right of 0.0.\\n\\nNext, I consider how the number line is divided. Between the numbers 0.0 and 0.1, I can visualize that there are ten smaller sections (hundredths). Counting from 0.0, I move rightward 8 places to reach 0.08, understanding that this is indeed more precise as I can visualize each small mark representing a hundredth.\\n\\nI conclude that 0.08 is positioned specifically between the tick marks for 0.07 (which is 0.070) and 0.09 (which is 0.090) along the number line. So, my steps involve recognizing the fraction of tenths and appropriately counting to pinpoint the exact location of 0.08.\"\n        },\n        {\n            \"role\": \"user\",\n            \"content\": \"While solving this problem, what assumptions or predictions are you making? How do you decide on the next steps?\"\n        },\n        {\n            \"role\": \"assistant\",\n            \"content\": \"While solving this problem, I assume that the number line is accurately marked and that each interval is evenly spaced, enabling me to use those markings to determine positions of values. I also predict that since 0.08 is a decimal that relates closely to tenths, it will not only reside between the tenths of 0.0 and 0.1 but also be marked onward from the 0.0 beginning mark.\\n\\nFrom these assumptions, my next step is to calculate how many hundredths make up the value I\u2019m working with. Since 0.08 is the same as 8/100, I know that I will need to count 8 millimeter marks starting from the left at 0.0. This involves concrete mental visualization of a number line and careful counting to determine its exact placement.\"\n        },\n        {\n            \"role\": \"user\",\n            \"content\": \"Did you encounter any challenges or notice any potential errors during your process? If so, how did you identify them?\"\n        },\n        {\n            \"role\": \"assistant\",\n            \"content\": \"I did face some challenges while determining the exact placement of 0.08 on the number line. One potential error was my initial hesitation when visualizing the precise location between the ticks. I found myself second-guessing whether I was accurately counting the hundredths.\\n\\nI identified these challenges when I realized I needed to reassess my counting. By verbally reassuring myself of the hundredths being counted from 0.0 to 0.1 in increments, I was able to correct myself and keep my counting accurate. Additionally, I revisited the distance each number needed to travel on the number line to ensure I wasn't misplacing any value.\"\n        },\n        {\n            \"role\": \"user\",\n            \"content\": \"Once you identified an error or challenge, how did you go about correcting it? What steps did you take to ensure the solution was accurate?\"\n        },\n        {\n            \"role\": \"assistant\",\n            \"content\": \"After identifying the challenge in estimating the correct placement on the number line, I took action by slowing down my counting process. I visually marked the tenths and hundredths on the line in my mind, focusing on the exact values I needed to recall, especially the placement of 0.0 and the tenths.\\n\\nTo ensure accuracy, I started my counting from 0.0 again, moving one hundredth at a time. I counted each small tick carefully, affirming in my mind \\\"1, 2, 3, 4, 5, 6, 7, 8\\\" until I arrived at the eighth mark. I also confirmed my answer by cross-referencing it with the earlier hints about where 0.08 should be located in proximity to both 0.0 and 0.1. By revisiting the significant marks on the number line and checking them against my calculations, I assured myself that 0.08 was accurately placed between 0.07 and 0.09.\"\n        }\n    ]\n}\n```"
}