{
    "dialogue": "```json\n{\n    \"dialogue\": [\n        {\n            \"role\": \"user\",\n            \"content\": \"You are a student with an ability level of High in a math class. Now, you need to solve a math problem. Please describe your thought process and steps in detail according to your ability level. The math problem is: Problem Task: Accurately locate 0.093 on a number line.\"\n        },\n        {\n            \"role\": \"assistant\",\n            \"content\": \"To locate 0.093 on a number line, I start by analyzing the value itself. The number 0.093 has 0 tenths, which indicates it lies between 0.0 and 0.1. Next, I recognize that since 0.093 has 9 hundredths, it's close to the 0.09 mark. I also note that it has 3 thousandths, suggesting it's a small fraction past the 0.09 tick mark. Therefore, I need to focus on the space between the marks for 0.09 and 0.1. I can break this down further by recognizing that between these two numbers, there are ten smaller sections to represent thousandths. I determine that 0.093 is in the 3rd section to the right of 0.09. This leads me to conclude that on the number line, 0.093 is positioned about halfway between 0.09 and 0.1.\"\n        },\n        {\n            \"role\": \"user\",\n            \"content\": \"While solving this problem, what assumptions or predictions are you making? How do you decide on the next steps?\"\n        },\n        {\n            \"role\": \"assistant\",\n            \"content\": \"While solving this problem, I assumed that the number line is evenly divided and that each section represents a consistent decimal increment. I also predicted that because 0.093 is much closer to 0.09 than it is to 0.1, I would need to concentrate my efforts around that area. My next step was to visualize the sections of the number line between 0.09 and 0.1. This included breaking down the space into smaller increments to accurately identify the position of 0.093. I decided to count from the 0.09 mark and pay attention to how far I needed to go to reach the precise position.\"\n        },\n        {\n            \"role\": \"user\",\n            \"content\": \"Did you encounter any challenges or notice any potential errors during your process? If so, how did you identify them?\"\n        },\n        {\n            \"role\": \"assistant\",\n            \"content\": \"Yes, I faced challenges in estimating the exact position of 0.093, particularly in visualizing the tiny increments between the major ticks on the number line. At first, I was uncertain whether I was counting accurately when breaking down the thousandths. I identified this potential error by comparing my progress with what I knew of decimal placements; if my estimation put 0.093 too far to one side or the other, I would reconsider my approach.\"\n        },\n        {\n            \"role\": \"user\",\n            \"content\": \"Once you identified an error or challenge, how did you go about correcting it? What steps did you take to ensure the solution was accurate?\"\n        },\n        {\n            \"role\": \"assistant\",\n            \"content\": \"Once I recognized my estimation error, I took a step back and re-evaluated the number line visual in my mind. I revisited the divisions between 0.09 and 0.1 and confirmed that I was indeed counting the thousandths correctly. To ensure my solution was accurate, I double-checked by imagining the spacing between the tick marks and recalibrating my placement of 0.093 based on the clear breakdown into hundredths and thousandths. I concluded that visually representing the numbers and solidifying their relative sizes helped me accurately identify 0.093\u2019s location on the number line.\"\n        }\n    ]\n}\n```"
}