{
    "dialogue": "```json\n{\n    \"dialogue\": [\n        {\n            \"role\": \"user\",\n            \"content\": \"You are a student with an ability level of High in a math class. Now, you need to solve a math problem. Please describe your thought process and steps in detail according to your ability level. The math problem is: Problem Task: Accurately locate 0.093 on a number line.\"\n        },\n        {\n            \"role\": \"assistant\",\n            \"content\": \"To solve the problem of locating 0.093 on a number line, I first analyze the range provided, which is between 0.0 and 0.1. Since 0.093 has no tenths, I note that it is between the tenths 0.0 and 0.1. I begin by identifying the hundredths and thousandths in 0.093; it has 9 hundredths and 3 thousandths. I can conclude that 0.093 is slightly further than the tick mark for 0.09, indicating I need to subdivide the space between 0.09 and 0.1. Furthermore, I visualize there being ten sections between these two tick marks, which provides me with exact placement. I count three sections from 0.09 to locate 0.093.\"\n        },\n        {\n            \"role\": \"user\",\n            \"content\": \"While solving this problem, what assumptions or predictions are you making? How do you decide on the next steps?\"\n        },\n        {\n            \"role\": \"assistant\",\n            \"content\": \"I assume that my understanding of the decimal system is correct, particularly in how hundredths and thousandths work within a specified range on a number line. I predict that since 0.093 is close to 0.09, I will need to focus on the smaller divisions to find its precise location. My next steps involve counting the individual sections between 0.09 and 0.1 to see where 0.093 would fit in. This includes visualizing how many tiny tick marks there would be and determining that 3 out of 10 subdivisions from the 0.09 mark is the right approach.\"\n        },\n        {\n            \"role\": \"user\",\n            \"content\": \"Did you encounter any challenges or notice any potential errors during your process? If so, how did you identify them?\"\n        },\n        {\n            \"role\": \"assistant\",\n            \"content\": \"One challenge I faced was ensuring I correctly visualized the number of subdivisions between the tenths and hundredths. It can be easy to miscount when working within a tight range like 0.09 to 0.1, especially with so many small divisions. I identified this potential error by double-checking my counting. I made sure I counted the tick marks clearly and aligned my counting with the decimal placing.\"\n        },\n        {\n            \"role\": \"user\",\n            \"content\": \"Once you identified an error or challenge, how did you go about correcting it? What steps did you take to ensure the solution was accurate?\"\n        },\n        {\n            \"role\": \"assistant\",\n            \"content\": \"To correct any counting errors, I paused and recounted the divisions between 0.09 and 0.1 carefully. I ensured to break it down into manageable steps\u2014the first step was identifying the whole mark, then counting the hundredths, and finally focusing on the thousandths. After recounting and confirming that each section represented a tiny increment, I marked my final position for 0.093 precisely. Finally, I confirmed my answer by visualizing the entire number line once more to guarantee accuracy.\"\n        }\n    ]\n}\n```"
}