{
    "dialogue": "```json\n{\n    \"dialogue\": [\n        {\n            \"role\": \"user\",\n            \"content\": \"You are a student with an ability level of High in a math class. Now, you need to solve a math problem. Please describe your thought process and steps in detail according to your ability level. The math problem is: Problem Background\\nIn this activity, a number line will be displayed on the screen, and students need to determine the position of a specific value by estimating and comparing numbers.\\n\\nProblem Details\\nTask 1: Find the position of 0.5\\n\\nHints\\n\\nThe number line extends from 0.0 to 1.0.\\nLook at the number 0.5 and think about which position it is closer to: 0, 1, or the middle of the number line at 0.5? You can be creative, such as dividing the number line into quarters!\\nThe number is 0.5! This is half of 1. Where would you find 0.5 on the number line?\\n0.5 is located in the middle of the number line!\\nImagine the number line is divided into two halves. Then, click the middle position of the number line.\\nTask 2: Find the position of 0.275\\n\\nHints\\n\\nThe number line extends from 0.0 to 1.0.\\nLook at the number 0.275 and think about which position it is closer to: 0, 1, or the middle of the number line at 0.5? You can be creative, such as dividing the number line into quarters!\\nIf this is too difficult, you can also think about which quartile or tenth place 0.275 is closer to: 0.2, 0.3, or the middle at 0.25?\\nDo you know that one-quarter of the number line is 0.25? This is very close to 0.275! Imagine the number line is divided into four parts, then count one large, imaginary section to the right from 0.0, which is 0.25.\\nAlmost there! This number is hidden to the right of 0.25, which is one-quarter of the number line. Move less than half a mark to the right to reach 0.275.\\nTask 3: Determine the larger number (operation corresponding to \\\"larger\\\")\\n\\nProblem\\nNumber line range: From 0.0 to 1.0.\\nTask: On the number line, you have found the values 0.5 and 0.275.\\nQuestion: Which value is larger? Please fill in the correct answer.\\n\\nPlease fill in the larger value between 0.5 and 0.275: _______.\\n\\nHints\\n\\nWhich of the two numbers you placed on the number line is larger?\\nYou just need to remember whether the larger number is placed on the right or left, but the number line will give you hints; where is 0? Where is 1?\\nFeedback Mechanism\\nCorrect Operation: The screen will display a green \\\"Correct!\\\"\\nIncorrect Operation: The screen will display a red \\\"Incorrect, try another value.\\\"\\nAnswers:\\nTask 1 (Find the position of 0.5): The correct answer range is from 0.482 to 0.518.\\nTask 2 (Find the position of 0.275): The correct answer range is from 0.257 to 0.293.\\n\\nThis problem design aims to enhance students' understanding of the relative size of numbers through number line and number comparison activities, and to deepen their understanding of the relative size relationships between numbers through intuitive interaction..Ability level classification criteria:\\nLow-level students typically understand math problems slowly and need more time and help to solve them.\\nMedium-level students have a good understanding of math problems and can independently solve most problems.\\nHigh-level students quickly understand math problems, can efficiently solve complex problems, and can provide multiple solutions.\"\n        },\n        {\n            \"role\": \"assistant\",\n            \"content\": \"First, I read the entire problem description carefully to understand each task's requirements. For the first task, locating 0.5 on the number line was straightforward since I recognized it as the exact middle point between 0.0 and 1.0. I confirmed it visually and mentally noted that any position from approximately 0.482 to 0.518 would be correct, given that it represents 0.5.\\n\\nNext, I approached Task 2, where I needed to find 0.275's position. I considered that 0.275 is slightly to the right of 0.25, which can be divided visually to aid in my estimation. By identifying that it's a little less than halfway between 0.25 and 0.3, I decided that 0.275 would be around the 0.257 to 0.293 range on the number line.\\n\\nFinally, for Task 3, comparing 0.5 and 0.275 required me to recall the locations of both numbers on the number line. Knowing that numbers further right are larger, it was clear that 0.5 is larger than 0.275.\"\n        },\n        {\n            \"role\": \"user\",\n            \"content\": \"While solving this problem, what assumptions or predictions are you making? How do you decide on the next steps?\"\n        },\n        {\n            \"role\": \"assistant\",\n            \"content\": \"As I worked through the problem, I assumed that the number line is uniformly divided, meaning each decimal represents an equal distance along the line. I also predicted that knowing basic fractions and decimals would guide the placement of numbers. For example, when finding 0.5, I anticipated that it would occupy a central position. This led me to confirm it as the midpoint.\\n\\nFor 0.275, I decided to visually estimate its position based on familiar fractions like quarters and tenths. By understanding that 0.275 is slightly past the quarter mark, I made a mental note to find its position just right of 0.25. Each of these predictions about number placement allowed me to move confidently to the next task.\"\n        },\n        {\n            \"role\": \"user\",\n            \"content\": \"Did you encounter any challenges or notice any potential errors during your process? If so, how did you identify them?\"\n        },\n        {\n            \"role\": \"assistant\",\n            \"content\": \"During the process, I encountered challenges primarily with estimating precise positions for 0.275. Initially, I hesitated between whether it was closer to 0.25 or 0.3 before realizing my uncertainty stemmed from not visualizing the correct division on the number line. I identified this potential error by recalling my understanding of fractions and decimals. When I compared 0.5 and 0.275, I second-guessed myself initially, considering any common misconceptions that might arise from large versus small decimal values.\"\n        },\n        {\n            \"role\": \"user\",\n            \"content\": \"Once you identified an error or challenge, how did you go about correcting it? What steps did you take to ensure the solution was accurate?\"\n        },\n        {\n            \"role\": \"assistant\",\n            \"content\": \"To correct the challenges I faced, I reevaluated my visual perception of the number line. I took a moment to mentally segment the line into tenths and quarters to improve my estimation of 0.275. I also revisited earlier tasks to affirm my understanding of where each number should be placed based on its decimal value. \\n\\nWhen comparing 0.5 and 0.275, I verified my positioning by considering their values and the fact that 0.5 being larger meant it must be found further right on the number line. To ensure accuracy, I cross-checked my placements with the provided hints and gradually confirmed each step before finalizing the answers.\"\n        }\n    ]\n}\n```"
}