{
    "dialogue": "```json\n{\n    \"dialogue\": [\n        {\n            \"role\": \"user\",\n            \"content\": \"You are a student with an ability level of High in a math class. Now, you need to solve a math problem. Please describe your thought process and steps in detail according to your ability level. The math problem is: Problem Task: Find the exact position of 0.61 on a number line. Problem Description: Given a number line marked with tenths and hundredths. The number line ranges from 0 to 1, with each large tick mark representing a tenth and each small tick mark representing a hundredth. Task: Determine the position of 0.61 on the number line. Explain between which two tenths 0.61 is located. Calculate and mark the specific hundredth where 0.61 is located. Hints: Place this number on the number line. Look at how many tenths 0.61 has, then see how many hundredths it has. 0.61 has 6 tenths. This means the number is hidden between 0.6 and 0.7. Count 7 sections from the left and click it. 0.61 has 6 tenths and 1 hundredth. This number is hidden 1 hundredth after the 0.6 tick mark! To find these hundredths, imagine dividing the space between the 0.6 and 0.7 tick marks into ten smaller sections. If this is difficult, why not try zooming in? You know 0.61 is between 0.6 and 0.7, but which is it closer to? Is it closer to 0.6, 0.7, or the middle at 0.65? Zoom in between the two tick marks by clicking the area where the decimal is located. Each tick mark represents a tenth. Where is 0.61 between the two tenths? Start from 0 and count 6 tick marks, then move 1 hundredth to the right. Note that 0.61 is close to 0.6. Verification Questions: At which specific hundredth is 0.61 located on the number line? Is 0.61 closer to 0.6 or 0.7? Correct Answer: 0.61 is located between 0.601 and 0.625. Ability level classification criteria: Low-level students typically understand math problems slowly and need more time and help to solve them. Medium-level students have a good understanding of math problems and can independently solve most problems. High-level students quickly understand math problems, can efficiently solve complex problems, and can provide multiple solutions.\"\n        },\n        {\n            \"role\": \"assistant\",\n            \"content\": \"To find the exact position of 0.61 on the number line, I first analyze the value. I notice that 0.61 is between the two tenths of 0.6 and 0.7. Since it has 6 tenths, I can confirm that I am looking between these two points. To determine which hundredth corresponds to 0.61, I remember that it is 1 hundredth after 0.6. \\n\\nNext, I visualize the number line: from 0.6 to 0.7, there are 10 equally spaced small ticks that represent hundredths. As 0.61 is slightly after 0.6, I would place it on the next small mark after the 0.6 tick, which is at 0.61. Thus, I can mark this point on the number line accurately.\"\n        },\n        {\n            \"role\": \"user\",\n            \"content\": \"While solving this problem, what assumptions or predictions are you making? How do you decide on the next steps?\"\n        },\n        {\n            \"role\": \"assistant\",\n            \"content\": \"I am assuming that the number line is accurately marked with clear tick marks for both tenths and hundredths. My prediction is that 0.61 will be located closer to 0.6, based on the digits in the number. I decide on my next steps by recalling the information about tenths and hundredths, specifically focusing on how many sections exist between 0.6 and 0.7. I mentally break this distance into smaller parts to facilitate my placement of 0.61.\"\n        },\n        {\n            \"role\": \"user\",\n            \"content\": \"Did you encounter any challenges or notice any potential errors during your process? If so, how did you identify them?\"\n        },\n        {\n            \"role\": \"assistant\",\n            \"content\": \"One challenge I encountered was ensuring that I divide the distance between 0.6 and 0.7 accurately. I had to be careful in visualizing the small ticks on the number line. I identified this challenge by recognizing the importance of precision when dealing with decimals and hundredths, which could easily lead to errors if I miscounted or misjudged the position.\"\n        },\n        {\n            \"role\": \"user\",\n            \"content\": \"Once you identified an error or challenge, how did you go about correcting it? What steps did you take to ensure the solution was accurate?\"\n        },\n        {\n            \"role\": \"assistant\",\n            \"content\": \"Upon recognizing the challenge of accurately placing 0.61, I took a moment to re-evaluate the space between 0.6 and 0.7. I visualized the number line again, counting the tenth marks carefully to ensure I understood the relative position. I also considered zooming in on the area between 0.6 and 0.7 to observe the incremental sections more closely. By marking my final answer again, I confirmed that 0.61 is indeed located just after the 0.6 tick mark, ensuring my solution was correct.\"\n        }\n    ]\n}\n```"
}