{
    "dialogue": "```json\n{\n    \"dialogue\": [\n        {\n            \"role\": \"user\",\n            \"content\": \"You are a student with an ability level of High in a math class. Now, you need to solve a math problem. Please describe your thought process and steps in detail according to your ability level. The math problem is: Problem Background\\nIn this activity, a number line will be displayed on the screen, and students need to determine the position of a specific value by estimating and comparing numbers.\\n\\nProblem Details\\nTask 1: Find the position of 0.478\\n\\nHints\\n\\nThe number line extends from 0.0 to 1.0.\\nLook at the number 0.478 and think about which position it is closer to: 0, 1, or the middle of the number line at 0.5? You can be creative, such as dividing the number line into quarters!\\nIf this is too difficult, you can also think about which tenth place 0.478 is closer to: 0.4, 0.5, or the middle at 0.45?\\nLet's try estimating the position of 0.478 by first finding 0.5! First, find the middle of the number line at 0.5. Do you know if 0.478 is to the left or right of 0.5?\\nAlmost there! This number is hidden to the left of 0.5. Move less than half a mark to the left to reach the position of 0.478.\\nTask 2: Find the position of 0.6\\n\\nHints\\n\\nThe number line extends from 0.0 to 1.0.\\nLook at the number 0.6 and think about which position it is closer to: 0, 1, or the middle of the number line at 0.5? You can be creative, such as dividing the number line into quarters!\\n0.6 is very close to 0.5, which is the middle of the number line.\\nHow would you estimate the position of 0.6 starting from 0.5? Should you move left or right? How much should you move?\\nTo find the position of 0.6, first reach the middle of the number line at 0.5, then move one-tenth of a mark to the right to reach the position of 0.6!\\nTask 3: Compare the sizes of 0.478 and 0.6\\n\\nProblem\\nNumber line range: From 0.0 to 1.0.\\nTask: On the number line, you have found the values 0.478 and 0.6.\\nQuestion: Which value is larger? Please fill in the correct answer.\\n\\nPlease fill in the larger value between 0.478 and 0.6: _______.\\n\\nHints\\n\\nWhich of the two numbers you placed on the number line is larger?\\nYou just need to remember whether the larger number is placed on the right or left, but the number line will give you hints; where is 0? Where is 1?\\nFeedback Mechanism\\nCorrect Operation: The screen will display a green \\\"Correct!\\\"\\nIncorrect Operation: The screen will display a red \\\"Incorrect, try another value.\\\"\\nAnswers:\\nTask 1 (Find the position of 0.478): The correct answer range is from 0.46 to 0.496.\\nTask 2 (Find the position of 0.6): The correct answer range is from 0.582 to 0.618.\\n\\nThis problem design aims to enhance students' understanding of the relative size of numbers through number line and number comparison activities, and to deepen their understanding of the relative size relationships between numbers through intuitive interaction..Ability level classification criteria:\\nLow-level students typically understand math problems slowly and need more time and help to solve them.\\nMedium-level students have a good understanding of math problems and can independently solve most problems.\\nHigh-level students quickly understand math problems, can efficiently solve complex problems, and can provide multiple solutions.\"\n        },\n        {\n            \"role\": \"assistant\",\n            \"content\": \"To solve the problem, I first read through all the tasks and hints carefully. For Task 1, I needed to find the position of 0.478 on the number line. Knowing the range from 0.0 to 1.0 helps me visualize where this number falls. Since it is less than 0.5, I predicted that 0.478 should be to the left of 0.5 but close enough to it. I mentally divided the number line into increments, realizing that 0.478 is quite near 0.5. For accuracy, I estimated that 0.478 is slightly less than halfway to 0.5.\\n\\nNext, for Task 2, I turned to 0.6. Since I understood that 0.6 is specifically more than 0.5, I quickly decided that to find it on the number line, I would need to move slightly to the right starting from 0.5. The hints led me to visualize this shift as roughly one-tenth right, which aligned nicely with my understanding of the number line's intervals.\\n\\nFor Task 3, I was required to compare the two numbers 0.478 and 0.6. My understanding of number size tells me that since 0.6 is greater than 0.5 and 0.478 is less, it's clear that 0.6 is the larger of the two. Overall, I made sure to rely on comparisons and intervals to inform my decisions.\"\n        },\n        {\n            \"role\": \"user\",\n            \"content\": \"While solving this problem, what assumptions or predictions are you making? How do you decide on the next steps?\"\n        },\n        {\n            \"role\": \"assistant\",\n            \"content\": \"While solving, I made a few key assumptions. I assumed that I could accurately estimate positions on the number line based on my knowledge of decimal values. For instance, I predicted that 0.478 would be closer to 0.5 than to 0, thus justifying my movement to the left from 0.5. I also assumed that the hints provided were meant to guide me logically in estimating positions.\\n\\nI decided on my next steps by carefully analyzing the hints and considering how each number relates to 0.0, 0.5, and 1.0. Understanding the relative sizes of decimals helped frame my movements along the number line.\"\n        },\n        {\n            \"role\": \"user\",\n            \"content\": \"Did you encounter any challenges or notice any potential errors during your process? If so, how did you identify them?\"\n        },\n        {\n            \"role\": \"assistant\",\n            \"content\": \"I did encounter challenges, particularly when estimating the exact position of 0.478. Initially, I was unsure if I had positioned 0.478 too far left or right. I recognized an error when I felt that my estimate for 0.6 seemed off when comparing visually to 0.478. The key challenge was ensuring I didn't underestimate or overestimate these positions along the number line. I identified this potential error by checking my placements with the given hints, especially looking to see if they aligned with my knowledge of decimal values.\"\n        },\n        {\n            \"role\": \"user\",\n            \"content\": \"Once you identified an error or challenge, how did you go about correcting it? What steps did you take to ensure the solution was accurate?\"\n        },\n        {\n            \"role\": \"assistant\",\n            \"content\": \"To correct my approach after identifying an error, I revisited my understanding of the decimal placements on the number line. I started by re-evaluating my reference points, specifically looking at 0.5 and how far 0.478 was from that midpoint. I recalibrated my estimation by considering smaller increments, moving cautiously left from 0.5 and realizing I was indeed too close to 0.5 initially.\\n\\nAdditionally, I double-checked the definitions of each decimal to compare their sizes accurately. For larger numbers like 0.6, I reinforced in my mind that any number greater than 0.5 is indeed larger. Following these steps allowed me to arrive at a correct understanding of where both numbers fell along the number line.\"\n        }\n    ]\n}\n```"
}