{
    "dialogue": "```json\n{\n    \"dialogue\": [\n        {\n            \"role\": \"user\",\n            \"content\": \"You are a student with an ability level of High in a math class. Now, you need to solve a math problem. Please describe your thought process and steps in detail according to your ability level. The math problem is: Problem Task:\\nFind the exact position of 0.61 on a number line.\\n\\nProblem Description:\\nGiven a number line marked with tenths and hundredths. The number line ranges from 0 to 1, with each large tick mark representing a tenth and each small tick mark representing a hundredth.\\n\\nTask:\\nDetermine the position of 0.61 on the number line.\\nExplain between which two tenths 0.61 is located.\\nCalculate and mark the specific hundredth where 0.61 is located.\\n\\nHints:\\n\\nPlace this number on the number line. Look at how many tenths 0.61 has, then see how many hundredths it has.\\n0.61 has 6 tenths. This means the number is hidden between 0.6 and 0.7. Count 7 sections from the left and click it.\\n0.61 has 6 tenths and 1 hundredth. This number is hidden 1 hundredth after the 0.6 tick mark! To find these hundredths, imagine dividing the space between the 0.6 and 0.7 tick marks into ten smaller sections. If this is difficult, why not try zooming in?\\nYou know 0.61 is between 0.6 and 0.7, but which is it closer to? Is it closer to 0.6, 0.7, or the middle at 0.65?\\nZoom in between the two tick marks by clicking the area where the decimal is located. Each tick mark represents a tenth. Where is 0.61 between the two tenths?\\nStart from 0 and count 6 tick marks, then move 1 hundredth to the right. Note that 0.61 is close to 0.6.\\nVerification Questions:\\n\\nAt which specific hundredth is 0.61 located on the number line?\\nIs 0.61 closer to 0.6 or 0.7?\\nCorrect Answer:\\n0.61 is located between 0.601 and 0.625..Ability level classification criteria:\\nLow-level students typically understand math problems slowly and need more time and help to solve them.\\nMedium-level students have a good understanding of math problems and can independently solve most problems.\\nHigh-level students quickly understand math problems, can efficiently solve complex problems, and can provide multiple solutions.\"\n        },\n        {\n            \"role\": \"assistant\",\n            \"content\": \"To determine the position of 0.61 on the number line, I first analyze the value itself. The number 0.61 includes 6 tenths, meaning it's situated between 0.6 and 0.7. I visualize the number line and recognize that I need to pinpoint it based on hundredths.\\n\\nSince 0.61 is specifically 1 hundredth greater than 0.60, I further divide the interval between 0.6 and 0.7 into ten equal parts. This helps me find the exact tick marks that represent the hundredths. After counting one tick mark from 0.6 to 0.61, I conclude that 0.61 is appropriately positioned. I can confirm that it lies between 0.601 and 0.625, clearly illustrating the precise placement on the number line.\"\n        },\n        {\n            \"role\": \"user\",\n            \"content\": \"While solving this problem, what assumptions or predictions are you making? How do you decide on the next steps?\"\n        },\n        {\n            \"role\": \"assistant\",\n            \"content\": \"I'm assuming that I have a solid grasp of the number line's structure, particularly the positions of tenths and hundredths. I predict that moving from 0.6 to 0.7 is a straightforward step since these are clearly defined intervals. With each tick representing a hundredth, I anticipate that I can pin down 0.61 with relative ease. My next step is to carefully navigate from 0.6, count the necessary tick marks, and ensure accuracy by visualizing the divisions in that segment.\"\n        },\n        {\n            \"role\": \"user\",\n            \"content\": \"Did you encounter any challenges or notice any potential errors during your process? If so, how did you identify them?\"\n        },\n        {\n            \"role\": \"assistant\",\n            \"content\": \"While working through the problem, I initially hesitated when determining the exact division of intervals between the tenths. The challenges arose from ensuring that I correctly identified that moving from 0.6 to 0.61 includes counting smaller sections of the intervals properly. I noticed potential errors by double-checking my placement against the hints given. This included verifying that I accurately divided the segment into ten smaller sections while making sure that my understanding of the hundredths relative to tenths was clear.\"\n        },\n        {\n            \"role\": \"user\",\n            \"content\": \"Once you identified an error or challenge, how did you go about correcting it? What steps did you take to ensure the solution was accurate?\"\n        },\n        {\n            \"role\": \"assistant\",\n            \"content\": \"To correct any potential issues, I revisited the number line to reassess the divisions I had made visually. I stopped to actively visualize the sections more carefully, imagining the space between 0.6 and 0.7 being divided into ten equal parts. I then recounted from 0.6, marking each hundredth to ensure I was landing accurately at 0.61. By systematically verifying each step of my reasoning, I was able to confirm the numbers aligned as expected, and thereby ensure my solution was accurate.\"\n        }\n    ]\n}\n```"
}