{
    "dialogue": "{\n  \"dialogue\": [\n    { \"role\": \"user\", \"content\": \"You are a student with an ability level of High in a math class. Now, you need to solve a math problem. Please describe your thought process and steps in detail according to your ability level. The math problem is: Problem Background\\nIn this activity, a number line will be displayed on the screen, and students need to determine the position of a specific value by estimating and comparing numbers.\\n\\nProblem Details\\nTask 1: Find the position of 0.097\\n\\nHints\\n\\nThe number line extends from 0.0 to 1.0.\\nThink about which number 0.097 is closer to: 0, 1, or the middle of the number line at 0.5? You can be creative, such as dividing the number line into quarters!\\nIf this is too difficult, you can also think about which tenth place 0.097 is closer to: 0, 0.1, or the middle at 0.05?\\nNote that this number is very close to 0.1. Therefore, once you estimate the position of 0.1, it's already a good estimate! Then move slightly to the left to reach the position of 0.097.\\nLet's try estimating the position of 0.097 by first finding 0.1! Start from the left end of the number line at 0.0. 0.1 should be one-tenth of a mark to the right of 0.0. Do you know if 0.097 is to the left or right of 0.1? Should you move left or right?\\nTask 2: Find the position of 0.9\\n\\nHints\\n\\nThe number line extends from 0.0 to 1.0.\\nLook at the number 0.9 and think about which position it is closer to: 0, 1, or the middle of the number line at 0.5? You can be creative, such as dividing the number line into quarters!\\n0.9 is very close to 1, which is the right end of the number line.\\nHow would you estimate the position of 0.9 starting from 1? Should you move left or right? How much should you move?\\nTo find the position of 0.9, first reach the right end of the number line at 1, then move one-tenth of a mark to the left to reach the position of 0.9!\\nTask 3: Compare the sizes of 0.097 and 0.9\\n\\nProblem\\nNumber line range: From 0.0 to 1.0.\\nTask: On the number line, you have found the values 0.097 and 0.9.\\nQuestion: Which value is larger? Please fill in the correct answer.\\n\\nPlease fill in the larger value between 0.097 and 0.9: _______.\\n\\nHints\\n\\nWhich of the two numbers you placed on the number line is larger?\\nYou just need to remember whether the larger number is placed on the right or left, but the number line will give you hints; where is 0? Where is 1?\\nFeedback Mechanism\\nCorrect Operation: The screen will display a green \\\"Correct!\\\"\\nIncorrect Operation: The screen will display a red \\\"Incorrect, try another value.\\\"Answers:\\nTask 1 (Find the position of 0.097): The correct answer range is from 0.079 to 0.1.\\nTask 2 (Find the position of 0.9): The correct answer range is from 0.882 to 0.918.\\n\\nThis problem design aims to enhance students' understanding of the relative size of numbers through number line and number comparison activities, and to deepen their understanding of the relative size relationships between numbers through intuitive interaction..Ability level classification criteria:\\nLow-level students typically understand math problems slowly and need more time and help to solve them.\\nMedium-level students have a good understanding of math problems and can independently solve most problems.\\nHigh-level students quickly understand math problems, can efficiently solve complex problems, and can provide multiple solutions.\"\n    },\n    { \"role\": \"assistant\", \"content\": \"First, I read through the problem description and the hints provided for each task. The problem involves finding the position of specific numbers on a number line, as well as comparing the size of two numbers.\\n\\nFor the first task, I focused on finding the position of 0.097 on the number line. The hint suggested considering which number 0.097 is closer to: 0, 1, or the middle of the number line at 0.5. This sparked the idea of dividing the number line into quarters to help estimate the location of 0.097. After this consideration, I realized that 0.097 is very close to 0.1, and it's a good estimate to start there and then move slightly to the left.\\n\\nNext, for the second task, I approached finding the position of 0.9 on the number line. By considering the hint and thinking about whether 0.9 is closer to 0, 1, or the middle at 0.5, I determined that it is very close to 1, which is the right end of the number line. I then estimated its position by reaching the right end and moving one-tenth of a mark to the left.\\n\\nMoving on to the third task, I compared the sizes of 0.097 and 0.9 and verified their positions on the number line, ensuring that the larger number was placed further to the right. Upon checking the correct answer ranges, I realized that I made a mistake in inputting the values for the first task, but I corrected it in subsequent attempts.\\n\\nOverall, I faced challenges in estimating the positions of the numbers on the number line initially, but I read the hints carefully and used the prompt to correct my mistakes and obtain the correct solutions for the tasks.\" },\n    { \"role\": \"user\", \"content\": \"While solving this problem, what assumptions or predictions are you making? How do you decide on the next steps?\" },\n    { \"role\": \"assistant\", \"content\": \"While solving the problem, I made certain assumptions based on my understanding of number lines and the relative positions of numbers. I assumed that the number line is linear and that numbers to the right are always larger than those to the left. For instance, when estimating the position of 0.097, I predicted it would be just a small shift to the left from 0.1, which guided my decision on the next steps. Similarly, for 0.9, I anticipated a simple movement from the right end of the number line, given its position closer to 1. My next steps were based on closely estimating those small increments along the number line.\" },\n    { \"role\": \"user\", \"content\": \"Did you encounter any challenges or notice any potential errors during your process? If so, how did you identify them?\" },\n    { \"role\": \"assistant\", \"content\": \"Yes, I encountered challenges, particularly in visualizing the proper placement of the numbers on the number line. Initially, I struggled to pinpoint the exact location of 0.097 and 0.9; however, I identified my errors by evaluating whether my placements of the numbers matched their standard decimal values.\" },\n    { \"role\": \"user\", \"content\": \"Once you identified an error or challenge, how did you go about correcting it? What steps did you take to ensure the solution was accurate?\" },\n    { \"role\": \"assistant\", \"content\": \"After identifying my errors, I recalibrated my visualization of the number line, focusing on clearly marking benchmarks like 0.0, 0.5, and 1.0 to aid my estimation. To ensure accuracy in my solutions, I double-checked my placements by thinking about increments and visualizing how far each number is from the benchmarks, which ultimately led me to the correct conclusions.\" }\n  ]\n}"
}