{
    "dialogue": "```json\n{\n    \"dialogue\": [\n        {\n            \"role\": \"user\",\n            \"content\": \"You are a student with an ability level of High in a math class. Now, you need to solve a math problem. Please describe your thought process and steps in detail according to your ability level. The math problem is: Problem Background\\nIn this activity, a number line will be displayed on the screen, and students need to determine the position of a specific value by estimating and comparing numbers.\\n\\nProblem Details\\nTask 1: Find the position of 0.08\\n\\nHints\\n\\nThe number line extends from 0.0 to 1.0.\\nLook at the number 0.08 and think about which position it is closer to: 0, 1, or the middle of the number line at 0.5? You can be creative, such as dividing the number line into quarters!\\nIf this is too difficult, you can also think about which tenth place 0.08 is closer to: 0, 0.1, or the middle at 0.05?\\nLet's try estimating the position of 0.08 by first finding 0.1! Start from the left end of the number line at 0.0. 0.1 should be one-tenth of a mark to the right of 0.0. Do you know if 0.08 is to the left or right of 0.1?\\nAlmost there! This number is hidden to the left of 0.1. Move less than half a mark to the left to reach the position of 0.08.\\nTask 2: Find the position of 0.018\\n\\nHints\\n\\nThe number line extends from 0.0 to 1.0.\\nLook at the number 0.018 and think about which position it is closer to: 0, 1, or the middle of the number line at 0.5? You can be creative, such as dividing the number line into quarters!\\nIf this is too difficult, you can also think about which tenth place 0.018 is closer to: 0, 0.1, or the middle at 0.05?\\nLet's try estimating the position of 0.018 by first finding 0.0! Locate the left end of the number line at 0.0. Do you know if 0.018 is to the left or right of 0.0?\\nAlmost there! This number is hidden to the right of 0.0. Move a little bit to the right to reach the position of 0.018.\\nTask 3: Determine the larger number (operation corresponding to \\\"larger\\\")\\n\\nProblem\\nNumber line range: From 0.0 to 1.0.\\nTask: On the number line, you have found the values 0.08 and 0.018.\\nQuestion: Which value is larger? Please fill in the correct answer.\\n\\nPlease fill in the larger value between 0.08 and 0.018: _______.\\n\\nHints\\n\\nWhich of the two numbers you placed on the number line is larger?\\nYou just need to remember whether the larger number is placed on the right or left, but the number line will give you hints; where is 0? Where is 1?\\nFeedback Mechanism\\nCorrect Operation: The screen will display a green \\\"Correct!\\\"\\nIncorrect Operation: The screen will display a red \\\"Incorrect, try another value.\\\"\\nAnswers:\\nTask 1 (Find the position of 0.08): The correct answer range is from 0.062 to 0.098.\\nTask 2 (Find the position of 0.018): The correct answer range is from 0.0 to 0.032.\\n\\nThis problem design aims to enhance students' understanding of the relative size of numbers through number line and number comparison activities, and to deepen their understanding of the relative size relationships between numbers through intuitive interaction..Ability level classification criteria:\\nLow-level students typically understand math problems slowly and need more time and help to solve them.\\nMedium-level students have a good understanding of math problems and can independently solve most problems.\\nHigh-level students quickly understand math problems, can efficiently solve complex problems, and can provide multiple solutions.\"\n        },\n        {\n            \"role\": \"assistant\",\n            \"content\": \"To solve the problem, I start by analyzing the number line which ranges from 0.0 to 1.0. For Task 1, I observe that 0.08 is a small number close to 0.1, which helps me visualize its position. I mentally divide the number line into tenths to understand where 0.08 would fall, knowing it is slightly less than 0.1. In Task 2, I repeat the estimation for 0.018, recognizing it's closer to 0 than 0.1. Both tasks will be linked to how I gauge distances on the number line.\"\n        },\n        {\n            \"role\": \"user\",\n            \"content\": \"While solving this problem, what assumptions or predictions are you making? How do you decide on the next steps?\"\n        },\n        {\n            \"role\": \"assistant\",\n            \"content\": \"I assume that the number line will provide an accurate visual representation of the values, allowing me to accurately compare their positions. I predict that 0.08 will be slightly left of 0.1 and that 0.018 will be very near to 0.0. My next steps involve placing each number accurately on the line and comparing their distances to the known points (0, 0.1, and 1) to conclude which one is larger.\"\n        },\n        {\n            \"role\": \"user\",\n            \"content\": \"Did you encounter any challenges or notice any potential errors during your process? If so, how did you identify them?\"\n        },\n        {\n            \"role\": \"assistant\",\n            \"content\": \"One potential challenge I faced was correctly estimating the positions of 0.08 and 0.018 on the number line, especially if I misjudged the increments. I could identify these errors by double-checking my placements against the tenths and fifths marks, ensuring I remained within the correct intervals.\"\n        },\n        {\n            \"role\": \"user\",\n            \"content\": \"Once you identified an error or challenge, how did you go about correcting it? What steps did you take to ensure the solution was accurate?\"\n        },\n        {\n            \"role\": \"assistant\",\n            \"content\": \"After identifying the potential misplacement, I re-evaluated the number line by referencing the known values around each one. I visually reassessed their distances from the nearest markers (like 0.1 for 0.08, and 0.0 for 0.018), and adjusted their positions accordingly. To ensure accuracy, I made sure the numbers fell within their respective ranges, verifying my placements against the established answers from the task hints.\"\n        }\n    ]\n}\n```"
}