{
    "dialogue": "```json\n{\n    \"dialogue\": [\n        {\n            \"role\": \"user\",\n            \"content\": \"You are a student with an ability level of High in a math class. Now, you need to solve a math problem. Please describe your thought process and steps in detail according to your ability level. The math problem is: Problem Background\\nIn this activity, a number line will be displayed on the screen, and students need to determine the position of a specific value by estimating and comparing numbers.\\n\\nProblem Details\\nTask 1: Find the position of 0.478\\n\\nHints\\n\\nThe number line extends from 0.0 to 1.0.\\nLook at the number 0.478 and think about which position it is closer to: 0, 1, or the middle of the number line at 0.5? You can be creative, such as dividing the number line into quarters!\\nIf this is too difficult, you can also think about which tenth place 0.478 is closer to: 0.4, 0.5, or the middle at 0.45?\\nLet's try estimating the position of 0.478 by first finding 0.5! First, find the middle of the number line at 0.5. Do you know if 0.478 is to the left or right of 0.5?\\nAlmost there! This number is hidden to the left of 0.5. Move less than half a mark to the left to reach the position of 0.478.\\nTask 2: Find the position of 0.6\\n\\nHints\\n\\nThe number line extends from 0.0 to 1.0.\\nLook at the number 0.6 and think about which position it is closer to: 0, 1, or the middle of the number line at 0.5? You can be creative, such as dividing the number line into quarters!\\n0.6 is very close to 0.5, which is the middle of the number line.\\nHow would you estimate the position of 0.6 starting from 0.5? Should you move left or right? How much should you move?\\nTo find the position of 0.6, first reach the middle of the number line at 0.5, then move one-tenth of a mark to the right to reach the position of 0.6!\\nTask 3: Compare the sizes of 0.478 and 0.6\\n\\nProblem\\nNumber line range: From 0.0 to 1.0.\\nTask: On the number line, you have found the values 0.478 and 0.6.\\nQuestion: Which value is larger? Please fill in the correct answer.\\n\\nPlease fill in the larger value between 0.478 and 0.6: _______.\\n\\nHints\\n\\nWhich of the two numbers you placed on the number line is larger?\\nYou just need to remember whether the larger number is placed on the right or left, but the number line will give you hints; where is 0? Where is 1?\\nFeedback Mechanism\\nCorrect Operation: The screen will display a green \\\"Correct!\\\"\\nIncorrect Operation: The screen will display a red \\\"Incorrect, try another value.\\\"\\nAnswers:\\nTask 1 (Find the position of 0.478): The correct answer range is from 0.46 to 0.496.\\nTask 2 (Find the position of 0.6): The correct answer range is from 0.582 to 0.618.\\n\\nThis problem design aims to enhance students' understanding of the relative size of numbers through number line and number comparison activities, and to deepen their understanding of the relative size relationships between numbers through intuitive interaction..Ability level classification criteria:\\nLow-level students typically understand math problems slowly and need more time and help to solve them.\\nMedium-level students have a good understanding of math problems and can independently solve most problems.\\nHigh-level students quickly understand math problems, can efficiently solve complex problems, and can provide multiple solutions.\"\n        },\n        {\n            \"role\": \"assistant\",\n            \"content\": \"To solve the problem, my thought process begins with understanding the placement of the numbers on the number line. For Task 1, I first locate 0.5, the midpoint of the number line. Then, I analyze that 0.478 is slightly less than 0.5, so it falls to the left. I can visualize dividing the range between 0.4 and 0.5 to estimate its position more accurately. Hence, I mark the range of 0.46 to 0.496 as the possible position for 0.478. In Task 2, I acknowledge that 0.6 is greater than 0.5, so I move to the right. I determine it should be around 0.582 to 0.618 by visualizing intervals. Finally, I will compare 0.478 and 0.6 by placing them both on the number line.\"\n        },\n        {\n            \"role\": \"user\",\n            \"content\": \"While solving this problem, what assumptions or predictions are you making? How do you decide on the next steps?\"\n        },\n        {\n            \"role\": \"assistant\",\n            \"content\": \"While solving this problem, I assume that the number line is evenly divided, which helps me accurately place the numbers. I predict that 0.478 is going to be closer to 0.5 but not surpassing it, which allows me to make a calculated estimate. My next steps are determined by this estimation: first pinpointing 0.5 and then finding how much left to move until I reach 0.478. For 0.6, I assume it will definitely be above 0.5, thus I simply need to visualize moving to the right.\"\n        },\n        {\n            \"role\": \"user\",\n            \"content\": \"Did you encounter any challenges or notice any potential errors during your process? If so, how did you identify them?\"\n        },\n        {\n            \"role\": \"assistant\",\n            \"content\": \"Yes, while estimating the position of 0.478, I initially considered it might be closer to 0.5 than it actually is, which could lead to an incorrect placement if I didn't carefully assess it. Identifying this potential error came from double-checking the values against the markers I set on the number line. If I miscalculate the fractional difference, it could significantly alter my conclusion about larger numbers later.\"\n        },\n        {\n            \"role\": \"user\",\n            \"content\": \"Once you identified an error or challenge, how did you go about correcting it? What steps did you take to ensure the solution was accurate?\"\n        },\n        {\n            \"role\": \"assistant\",\n            \"content\": \"Once I recognized I was misplacing 0.478 too close to 0.5, I recalibrated my understanding of the scale. I re-evaluated the distances between the tenths on the number line and visualized more accurately the placement of numbers. To ensure accuracy, I repeatedly checked the positioned values against notable markers like 0.4 and 0.5, reassessing where 0.478 should actually be placed to avoid misjudgment during comparisons.\"\n        }\n    ]\n}\n```"
}