{
    "dialogue": "```json\n{\n    \"dialogue\": [\n        {\n            \"role\": \"user\",\n            \"content\": \"You are a student with an ability level of High in a math class. Now, you need to solve a math problem. Please describe your thought process and steps in detail according to your ability level. The math problem is: Problem Background In this activity, a number line will be displayed on the screen, and students need to determine the position of a specific value by estimating and comparing numbers. Problem Details Task 1: Find the position of 0.08 Hints The number line extends from 0.0 to 1.0. Look at the number 0.08 and think about which position it is closer to: 0, 1, or the middle of the number line at 0.5? You can be creative, such as dividing the number line into quarters! If this is too difficult, you can also think about which tenth place 0.08 is closer to: 0, 0.1, or the middle at 0.05? Let's try estimating the position of 0.08 by first finding 0.1! Start from the left end of the number line at 0.0. 0.1 should be one-tenth of a mark to the right of 0.0. Do you know if 0.08 is to the left or right of 0.1? Almost there! This number is hidden to the left of 0.1. Move less than half a mark to the left to reach the position of 0.08. Task 2: Find the position of 0.018 Hints The number line extends from 0.0 to 1.0. Look at the number 0.018 and think about which position it is closer to: 0, 1, or the middle of the number line at 0.5? You can be creative, such as dividing the number line into quarters! If this is too difficult, you can also think about which tenth place 0.018 is closer to: 0, 0.1, or the middle at 0.05? Let's try estimating the position of 0.018 by first finding 0.0! Locate the left end of the number line at 0.0. Do you know if 0.018 is to the left or right of 0.0? Almost there! This number is hidden to the right of 0.0. Move a little bit to the right to reach the position of 0.018. Task 3: Determine the larger number (operation corresponding to \\\"larger\\\") Problem Number line range: From 0.0 to 1.0. Task: On the number line, you have found the values 0.08 and 0.018. Question: Which value is larger? Please fill in the correct answer. Please fill in the larger value between 0.08 and 0.018: _______. Hints Which of the two numbers you placed on the number line is larger? You just need to remember whether the larger number is placed on the right or left, but the number line will give you hints; where is 0? Where is 1? Feedback Mechanism Correct Operation: The screen will display a green \\\"Correct!\\\" Incorrect Operation: The screen will display a red \\\"Incorrect, try another value.\\\" Answers: Task 1 (Find the position of 0.08): The correct answer range is from 0.062 to 0.098. Task 2 (Find the position of 0.018): The correct answer range is from 0.0 to 0.032. This problem design aims to enhance students' understanding of the relative size of numbers through number line and number comparison activities, and to deepen their understanding of the relative size relationships between numbers through intuitive interaction..Ability level classification criteria: Low-level students typically understand math problems slowly and need more time and help to solve them. Medium-level students have a good understanding of math problems and can independently solve most problems. High-level students quickly understand math problems, can efficiently solve complex problems, and can provide multiple solutions.\"\n        },\n        {\n            \"role\": \"assistant\",\n            \"content\": \"To solve the tasks, I start by visualizing the number line from 0.0 to 1.0. For Task 1, I consider that 0.08 is closer to 0 than to 1, and since it is less than 0.1, I estimate its position to be between 0.0 and 0.1, specifically just before the halfway point between them. For Task 2, I recognize that 0.018 is very close to 0.0 but still to its right. I estimate its position to be just above 0.0. I know these positions well relative to the number line due to my understanding of decimals.\"\n        },\n        {\n            \"role\": \"user\",\n            \"content\": \"While solving this problem, what assumptions or predictions are you making? How do you decide on the next steps?\"\n        },\n        {\n            \"role\": \"assistant\",\n            \"content\": \"I assume that I can accurately visualize the number line and relate the given decimal values to their approximate positions. I predict that my understanding of how decimals work will help me make an accurate estimation of where to locate each number. As a next step, I confirm my estimates by considering how each number relates to the benchmarks of 0.0, 0.5, and 1.0 to ensure I am positioned correctly.\"\n        },\n        {\n            \"role\": \"user\",\n            \"content\": \"Did you encounter any challenges or notice any potential errors during your process? If so, how did you identify them?\"\n        },\n        {\n            \"role\": \"assistant\",\n            \"content\": \"While working through the tasks, I found it slightly challenging to estimate the exact positions in terms of fractions of the number line. I recognized a potential error when I considered moving too far to the left while finding 0.08; I thought it could have been closer to 0.1 than it really was. I identified this by double-checking my positions in relation to the tenths.\"\n        },\n        {\n            \"role\": \"user\",\n            \"content\": \"Once you identified an error or challenge, how did you go about correcting it? What steps did you take to ensure the solution was accurate?\"\n        },\n        {\n            \"role\": \"assistant\",\n            \"content\": \"Upon realizing my initial estimation might be incorrect, I recalibrated my understanding of decimal placements. I took a moment to redraw the number line mentally and ensured that for 0.08, it was indeed less than halfway to 0.1. I compared my placement with the actual tenths and adjusted my position closer to 0.062 rather than jumping to a larger estimate. This ensured that my answers would be clearly defined and accurate within the suggested ranges.\"\n        }\n    ]\n}\n```"
}