{
    "dialogue": "```json\n{\n    \"dialogue\": [\n        {\n            \"role\": \"user\",\n            \"content\": \"You are a student with an ability level of High in a math class. Now, you need to solve a math problem. Please describe your thought process and steps in detail according to your ability level. The math problem is: Problem Background In this activity, a number line will be displayed on the screen, and students need to determine the position of a specific value by estimating and comparing numbers. Problem Details Task 1: Find the position of 0 Hints The number line extends from 0.0 to 1.0. Look at the number 0 and think about which position it is closer to: 0, 1, or the middle of the number line at 0.5? You can be creative, such as dividing the number line into quarters! The number is 0! This is the starting point of the number line. 0 is located at the far left end of the number line! Imagine the starting point of the number line at the far left end. Then, click the far left end position of the number line. Task 2: Find the position of 0.05 Hints The number line extends from 0.0 to 1.0. Look at the number 0.05 and think about which position it is closer to: 0, 1, or the middle of the number line at 0.5? You can be creative, such as dividing the number line into quarters! If this is too difficult, you can also think about which tenth place 0.05 is closer to: 0, 0.1, or the middle at 0.05? Let's try estimating the position of 0.05 by first finding 0.0! Locate 0.0 on the left end of the number line. Do you know if 0.05 is to the left or right of 0.0? Almost there! This number is hidden between 0.0 and 0.1. Move half a mark to the right to reach 0.05. Task 3: Determine the larger number (operation corresponding to 'larger') Problem Number line range: From 0.0 to 1.0. Task: On the number line, you have found the values 0 and 0.05. Question: Which value is larger? Please fill in the correct answer. Please fill in the larger value between 0 and 0.05: _______. Hints Which of the two numbers you placed on the number line is larger? You just need to remember whether the larger number is placed on the right or left, but the number line will give you hints; where is 0? Where is 1? Feedback Mechanism Correct Operation: The screen will display a green 'Correct!' Incorrect Operation: The screen will display a red 'Incorrect, try another value.' Answers: Task 1 (Find the position of 0): The correct answer range is from -0.018 to 0.018. Task 2 (Find the position of 0.05): The correct answer range is from 0.032 to 0.068. This problem design aims to enhance students' understanding of the relative size of numbers through number line and number comparison activities, and to deepen their understanding of the relative size relationships between numbers through intuitive interaction. Ability level classification criteria: Low-level students typically understand math problems slowly and need more time and help to solve them. Medium-level students have a good understanding of math problems and can independently solve most problems. High-level students quickly understand math problems, can efficiently solve complex problems, and can provide multiple solutions.\"\n        },\n        {\n            \"role\": \"assistant\",\n            \"content\": \"First, I read through the problem description and the hints provided for each task. The problem involves finding the position of specific numbers on a number line ranging from 0.0 to 1.0. For Task 1, when tasked with finding the position of 0, I immediately understood that it is the starting point of the number line, which is located at the far left. I visualize the number line and confidently identify that my answer will be at the leftmost point, which is where 0 is represented. For Task 2, looking for 0.05, I recall that this number is greater than 0 but less than 0.1. I split the interval into smaller segments, noting that 0.05 is exactly halfway between 0.0 and 0.1. I then plan to click at the halfway point for the next step. For Task 3, I recognize that 0.05 is greater than 0 because any positive number will be to the right of 0 on the number line.\"\n        },\n        {\n            \"role\": \"user\",\n            \"content\": \"While solving this problem, what assumptions or predictions are you making? How do you decide on the next steps?\"\n        },\n        {\n            \"role\": \"assistant\",\n            \"content\": \"While solving the problem, I assumed that the number line was evenly divided and that my understanding of decimal placement was correct. I predicted that if I could accurately position 0 and 0.05, then determining which number was larger would be straightforward. My next step decision was based on the relative positions of these numbers on the line; since I know 0 is located at the far left, I knew any value such as 0.05 would naturally fall to the right and thus be larger. I also reassured myself by considering the decimal format; the further I moved right on the number line, the larger the number became.\"\n        },\n        {\n            \"role\": \"user\",\n            \"content\": \"Did you encounter any challenges or notice any potential errors during your process? If so, how did you identify them?\"\n        },\n        {\n            \"role\": \"assistant\",\n            \"content\": \"I didn't encounter significant challenges since the tasks were straightforward, but I did notice that it's easy to confuse positions when numbers get closer together, especially between values like 0.05 and 0.1. To identify potential errors, I consistently double-checked my placements against the hints provided in the problem, ensuring I was estimating correctly by referring back to the intervals. This self-checking mechanism helped me maintain accuracy throughout the process.\"\n        },\n        {\n            \"role\": \"user\",\n            \"content\": \"Once you identified an error or challenge, how did you go about correcting it? What steps did you take to ensure the solution was accurate?\"\n        },\n        {\n            \"role\": \"assistant\",\n            \"content\": \"In the event that I identified an error, I would reassess the number line and my previous placements by visualizing where each number should fall. I would go back to the relevant tasks and re-evaluate my estimations based on the hints about intervals and relative sizes. For example, if I doubted the position of 0.05, I would contextualize it by reviewing that it's halfway between 0 and 0.1 and adjust my placement accordingly. Making sure to use the feedback mechanism provided, I would also confirm correctness by checking against the criteria mentioned for each task, reassuring myself of my understanding before finalizing any answers.\"\n        }\n    ]\n}\n```"
}