{
    "dialogue": "```json\n{\n    \"dialogue\": [\n        {\n            \"role\": \"user\",\n            \"content\": \"You are a student with an ability level of High in a math class. Now, you need to solve a math problem. Please describe your thought process and steps in detail according to your ability level. The math problem is: Problem Background\\nIn this activity, a number line will be displayed on the screen, and students need to determine the position of a specific value by estimating and comparing numbers.\\n\\nProblem Details\\nTask 1: Find the position of 0.5\\n\\nHints\\n\\nThe number line extends from 0.0 to 1.0.\\nLook at the number 0.5 and think about which position it is closer to: 0, 1, or the middle of the number line at 0.5? You can be creative, such as dividing the number line into quarters!\\nThe number is 0.5! This is half of 1. Where would you find 0.5 on the number line?\\n0.5 is located in the middle of the number line!\\nImagine the number line is divided into two halves. Then, click the middle position of the number line.\\nTask 2: Find the position of 0.275\\n\\nHints\\n\\nThe number line extends from 0.0 to 1.0.\\nLook at the number 0.275 and think about which position it is closer to: 0, 1, or the middle of the number line at 0.5? You can be creative, such as dividing the number line into quarters!\\nIf this is too difficult, you can also think about which quartile or tenth place 0.275 is closer to: 0.2, 0.3, or the middle at 0.25?\\nDo you know that one-quarter of the number line is 0.25? This is very close to 0.275! Imagine the number line is divided into four parts, then count one large, imaginary section to the right from 0.0, which is 0.25.\\nAlmost there! This number is hidden to the right of 0.25, which is one-quarter of the number line. Move less than half a mark to the right to reach 0.275.\\nTask 3: Determine the larger number (operation corresponding to \\\"larger\\\")\\n\\nProblem\\nNumber line range: From 0.0 to 1.0.\\nTask: On the number line, you have found the values 0.5 and 0.275.\\nQuestion: Which value is larger? Please fill in the correct answer.\\n\\nPlease fill in the larger value between 0.5 and 0.275: _______.\\n\\nHints\\n\\nWhich of the two numbers you placed on the number line is larger?\\nYou just need to remember whether the larger number is placed on the right or left, but the number line will give you hints; where is 0? Where is 1?\\nFeedback Mechanism\\nCorrect Operation: The screen will display a green \\\"Correct!\\\"\\nIncorrect Operation: The screen will display a red \\\"Incorrect, try another value.\\\"\\nAnswers:\\nTask 1 (Find the position of 0.5): The correct answer range is from 0.482 to 0.518.\\nTask 2 (Find the position of 0.275): The correct answer range is from 0.257 to 0.293.\\n\\nThis problem design aims to enhance students' understanding of the relative size of numbers through number line and number comparison activities, and to deepen their understanding of the relative size relationships between numbers through intuitive interaction..Ability level classification criteria:\\nLow-level students typically understand math problems slowly and need more time and help to solve them.\\nMedium-level students have a good understanding of math problems and can independently solve most problems.\\nHigh-level students quickly understand math problems, can efficiently solve complex problems, and can provide multiple solutions.\"\n        },\n        {\n            \"role\": \"assistant\",\n            \"content\": \"First, I read through the problem description and the hints provided for each task. The problem involves finding the position of specific numbers on a number line, as well as comparing the size of two numbers.\\n\\nFor the first task, I focused on finding the position of 0.5 on the number line. The hint suggested considering where 0.5 is closer to, whether it's closer to 0, 1, or the middle point 0.5. I thought about dividing the number line into quarters to help me estimate the location of 0.5. After considering the hint, I realized that 0.5 is very close to 0.5 itself, which is the midpoint of the number line. To estimate the position of 0.5, I understood that I needed to locate the middle of the number line.\\n\\nNext, for the second task, I approached finding the position of 0.275 on the number line. I used the hints to think about where 0.275 is closer to - whether it's closer to 0, 1, or the midpoint 0.5. I also considered that 0.275 is closer to 0.25 and recognized that I would need to move slightly right from there to find its position.\\n\\nMoving on to the third task, I was prompted to compare the numbers 0.5 and 0.275 and determine which one is larger. I remembered that 0.5 is the largest number on the number line between the two, as it is to the right of 0.275.\\n\\nIn summary, my process involved identifying reference points on the number line and making estimations based on the hints provided.\"\n        },\n        {\n            \"role\": \"user\",\n            \"content\": \"While solving this problem, what assumptions or predictions are you making? How do you decide on the next steps?\"\n        },\n        {\n            \"role\": \"assistant\",\n            \"content\": \"While solving the problem, I made certain assumptions based on my understanding of number lines and the relative positions of numbers. I assumed that the number line is linear and that numbers to the right are always larger than those to the left. For instance, when estimating the position of 0.5, I predicted it would be right in the center of the number line, as it is exactly halfway between 0 and 1. This guided my decision to first locate that midpoint. Similarly, when estimating where to place 0.275, I predicted that it would be slightly right of 0.25, indicating I needed to move a small increment from that reference point. Thus, my next steps were based on confirming those predictions and adjusting as needed.\"\n        },\n        {\n            \"role\": \"user\",\n            \"content\": \"Did you encounter any challenges or notice any potential errors during your process? If so, how did you identify them?\"\n        },\n        {\n            \"role\": \"assistant\",\n            \"content\": \"Yes, I encountered challenges, particularly in visualizing the proper placement of the numbers on the number line. Initially, I struggled to accurately estimate the placement of 0.275 and to determine my movements along the line. I realized there was a potential error when I hesitated to decide between 0.2 and 0.3 while estimating the location of 0.275. I identified my challenges by checking if my placements aligned with their standard decimal values and ensuring my intuition about the distances on the scale made logical sense.\"\n        },\n        {\n            \"role\": \"user\",\n            \"content\": \"Once you identified an error or challenge, how did you go about correcting it? What steps did you take to ensure the solution was accurate?\"\n        },\n        {\n            \"role\": \"assistant\",\n            \"content\": \"After I identified my difficulties, I took several steps to refine my understanding and correct any misplacements. First, I ensured that my number line was clearly marked with key values like 0.0, 0.5, and 1.0. Then, I focused on accurately visualizing the increments to hone in on where 0.275 would be placed in relation to these key points. I broke down the numbers into tenths and looked at how far each number was from these benchmarks; for example, seeing that 0.275 is very close to 0.25 helped clarify its position. Lastly, I double-checked my placements by comparing them in smaller segments along the number line to affirm their accuracy before finalizing my answers.\"\n        }\n    ]\n}\n```"
}