{
    "dialogue": "```json\n{\n    \"dialogue\": [\n        {\n            \"role\": \"user\",\n            \"content\": \"You are a student with an ability level of High in a math class. Now, you need to solve a math problem. Please describe your thought process and steps in detail according to your ability level. The math problem is: Problem Background\\nIn this activity, a number line will be displayed on the screen, and students need to determine the position of a specific value by estimating and comparing numbers.\\n\\nProblem Details\\nTask 1: Find the position of 0.097\\n\\nHints\\n\\nThe number line extends from 0.0 to 1.0.\\nThink about which number 0.097 is closer to: 0, 1, or the middle of the number line at 0.5? You can be creative, such as dividing the number line into quarters!\\nIf this is too difficult, you can also think about which tenth place 0.097 is closer to: 0, 0.1, or the middle at 0.05?\\nNote that this number is very close to 0.1. Therefore, once you estimate the position of 0.1, it's already a good estimate! Then move slightly to the left to reach the position of 0.097.\\nLet's try estimating the position of 0.097 by first finding 0.1! Start from the left end of the number line at 0.0. 0.1 should be one-tenth of a mark to the right of 0.0. Do you know if 0.097 is to the left or right of 0.1? Should you move left or right?\\nTask 2: Find the position of 0.9\\n\\nHints\\n\\nThe number line extends from 0.0 to 1.0.\\nLook at the number 0.9 and think about which position it is closer to: 0, 1, or the middle of the number line at 0.5? You can be creative, such as dividing the number line into quarters!\\n0.9 is very close to 1, which is the right end of the number line.\\nHow would you estimate the position of 0.9 starting from 1? Should you move left or right? How much should you move?\\nTo find the position of 0.9, first reach the right end of the number line at 1, then move one-tenth of a mark to the left to reach the position of 0.9!\\nTask 3: Compare the sizes of 0.097 and 0.9\\n\\nProblem\\nNumber line range: From 0.0 to 1.0.\\nTask: On the number line, you have found the values 0.097 and 0.9.\\nQuestion: Which value is larger? Please fill in the correct answer.\\n\\nPlease fill in the larger value between 0.097 and 0.9: _______.\\n\\nHints\\n\\nWhich of the two numbers you placed on the number line is larger?\\nYou just need to remember whether the larger number is placed on the right or left, but the number line will give you hints; where is 0? Where is 1?\\nFeedback Mechanism\\nCorrect Operation: The screen will display a green \\\"Correct!\\\"\\nIncorrect Operation: The screen will display a red \\\"Incorrect, try another value.\\\"\\nAnswers:\\nTask 1 (Find the position of 0.097): The correct answer range is from 0.079 to 0.1.\\nTask 2 (Find the position of 0.9): The correct answer range is from 0.882 to 0.918.\\n\\nThis problem design aims to enhance students' understanding of the relative size of numbers through number line and number comparison activities, and to deepen their understanding of the relative size relationships between numbers through intuitive interaction..Ability level classification criteria:\\nLow-level students typically understand math problems slowly and need more time and help to solve them.\\nMedium-level students have a good understanding of math problems and can independently solve most problems.\\nHigh-level students quickly understand math problems, can efficiently solve complex problems, and can provide multiple solutions.\"\n        },\n        {\n            \"role\": \"assistant\",\n            \"content\": \"To solve this problem, I first read through the entire set of tasks and hints. For Task 1, which required finding the position of 0.097, I thought about where this number fell in relation to the numbers provided on the line. I recognized that 0.097 is very close to 0.1, which is one-tenth of the distance from 0. So, I imagined the number line stretching from 0 to 1, and estimated that 0.097 would be just to the left of 0.1, indicating a very slight movement from 0.1 towards 0.0. This made me conclude that the position of 0.097 would be just next to 0.1, perhaps around 0.08 to 0.1.\\n\\nFor Task 2, I applied similar logic. Understanding that 0.9 is very close to 1, I figured I would start at 1 and move left by one-tenth of the distance to find 0.9. Both tasks involved estimating based on proximity and comparing distances relative to whole and fractional benchmarks on the number line.\\n\\nFinally, for Task 3, I had to compare the two values found in the previous tasks. I simply reflected on my placements: 0.097 was clearly to the left of 0.9, confirming that 0.9 was larger, which matches the general rule that more substantial numbers lie further to the right on a number line.\"\n        },\n        {\n            \"role\": \"user\",\n            \"content\": \"While solving this problem, what assumptions or predictions are you making? How do you decide on the next steps?\"\n        },\n        {\n            \"role\": \"assistant\",\n            \"content\": \"While solving this problem, I made several assumptions regarding the numbers and their positions. I assumed that the number line is continuous and linear, meaning that all values in between remain proportional based on their decimal representations. I predicted that when estimating positions, I could reliably use benchmarks like 0.0, 0.5, and 1.0 to guide my guesses. Given that 0.097 is closer to 0.1 than to 0, I decided to locate 0.1 first and then slight leftward for a more accurate placement of 0.097. This logic, in turn, informed my next steps as I would always re-evaluate my current findings against these benchmarks.\"\n        },\n        {\n            \"role\": \"user\",\n            \"content\": \"Did you encounter any challenges or notice any potential errors during your process? If so, how did you identify them?\"\n        },\n        {\n            \"role\": \"assistant\",\n            \"content\": \"I did encounter some challenges during the process of locating the numbers. Specifically, the idea of visualizing the precise placements along the number line was difficult. For example, I initially had trouble determining how close 0.097 is to 0.1 and could erroneously underestimate or overestimate its position. I recognized these errors by pausing to cross-reference my prior estimations with decimal values; if placements made logical sense according to their numerical values but visually appeared wrong, I realized I needed to adjust my estimates accordingly.\"\n        },\n        {\n            \"role\": \"user\",\n            \"content\": \"Once you identified an error or challenge, how did you go about correcting it? What steps did you take to ensure the solution was accurate?\"\n        },\n        {\n            \"role\": \"assistant\",\n            \"content\": \"Once I recognized an error, I took immediate steps to correct my approach. I started by revisiting the benchmarks on the number line to re-establish my reference points. It helped me clear out preconceived notions about where the numbers should land. I used smaller increments between 0.0, 0.1, and 0.2 to gauge where 0.097 between these markers should fall. For example, when correcting my approach to 0.9, I confirmed that it was indeed one full mark left from 1.0 and reassured myself with the logic that larger values are always to the right. This critically helped me focus on accuracy in decimals by narrowing down potential ranges instead of estimating too broadly.\"\n        }\n    ]\n}\n```"
}