{
    "dialogue": "```json\n{\n  \"dialogue\": [\n    {\n      \"role\": \"user\",\n      \"content\": \"You are a student with an ability level of High in a math class. Now, you need to solve a math problem. Please describe your thought process and steps in detail according to your ability level. The math problem is: Problem Task: Find the exact position of 0.08 on a number line.\\n\\nProblem Description: Given a number line marked with tenths and hundredths. The number line ranges from 0 to 0.1, with each large tick mark representing a tenth and each small tick mark representing a hundredth.\\n\\nTask: Determine the position of 0.08 on the number line. Explain between which two tenths 0.08 is located. Calculate and mark the specific hundredth where 0.08 is located.\\n\\nHints: Place this number on the number line. Look at how many tenths 0.08 has, then see how many hundredths it has. 0.08 has 0 tenths. This means the number is hidden between 0.0 and 0.1. Count 1 section from the left and click it. 0.08 has 0 tenths and 8 hundredths. This number is hidden 8 hundredths after the 0.0 tick mark! To find these hundredths, imagine dividing the space between the 0.0 and 0.1 tick marks into ten smaller sections. If this is difficult, why not try zooming in? You know 0.08 is between 0.0 and 0.1, but which is it closer to? Is it closer to 0.0, 0.1, or the middle at 0.05? Zoom in between the two tick marks by clicking the area where the decimal is located. Each tick mark represents a tenth. Where is 0.08 between the two tenths? Start from 0 and count 0 tick marks, then move 8 hundredths to the right. Verification Questions: At which specific hundredth is 0.08 located on the number line? Is 0.08 closer to 0.0 or 0.1? Correct Answer: 0.08 is located between 0.065 and 0.094. Ability level classification criteria: Low-level students typically understand math problems slowly and need more time and help to solve them. Medium-level students have a good understanding of math problems and can independently solve most problems. High-level students quickly understand math problems, can efficiently solve complex problems, and can provide multiple solutions.\"\n    },\n    {\n      \"role\": \"assistant\",\n      \"content\": \"To find the position of 0.08 on the number line, I first note that 0.08 has 0 tenths, meaning it lies between the marked points of 0.0 and 0.1. Specifically, it's positioned closer to 0.0. Next, I see that 0.08 has 8 hundredths. Counting from 0.0, I can visualize the distance to mark. Every tenth mark represents 10 hundredths, so I understand that between 0.0 (0.00) and 0.1 (0.10), there are ten equally spaced sections. Hence, I focus on the eighth position after 0.0, which is where 0.08 is located. I\u2019ll mark that on the number line and realize it falls between the 0.065 and 0.094 range. This aligns with the observation that it\u2019s precisely 8 hundredths from 0.0.\"\n    },\n    {\n      \"role\": \"user\",\n      \"content\": \"While solving this problem, what assumptions or predictions are you making? How do you decide on the next steps?\"\n    },\n    {\n      \"role\": \"assistant\",\n      \"content\": \"I assumed that the number line is accurately marked and that each tick mark represents tenths and hundredths consistently. I predicted that since 0.08 is greater than 0.07 and less than 0.1, it should be positioned nearer to 0.0 than to 0.1. To decide on the next step, I calculated the increments visually by dividing the gap between 0.0 and 0.1, ensuring that I considered each hundredth along the way. This guided me to accurately locate 0.08 by counting the small tick marks in increments of 0.01.\"\n    },\n    {\n      \"role\": \"user\",\n      \"content\": \"Did you encounter any challenges or notice any potential errors during your process? If so, how did you identify them?\"\n    },\n    {\n      \"role\": \"assistant\",\n      \"content\": \"Initially, it was tricky to visualize the exact spacing on the number line, especially when estimating between the tenths. I found myself questioning if I was marking the right spot at first. I observed this potential error when I started counting and realized that I might have miscounted the hundredths if I rushed through the increments. I identified this by double-checking my counting process and ensuring that I clearly marked each tick on the line as I moved from 0.0 to 0.1.\"\n    },\n    {\n      \"role\": \"user\",\n      \"content\": \"Once you identified an error or challenge, how did you go about correcting it? What steps did you take to ensure the solution was accurate?\"\n    },\n    {\n      \"role\": \"assistant\",\n      \"content\": \"To correct the error, I paused my counting and retraced my steps on the number line. I went back to mark 0.0 clearly and recounted each section up to 0.08, ensuring I took care to acknowledge each tick mark. I also used a practice method of dividing the line into focus areas, isolating the tenths and converting them to hundredths to confirm that 0.08 was indeed correctly located at the eighth subdivision from 0.0. This systematic approach helped ensure my final position was accurate, allowing me to confidently finalize where 0.08 lay on the scale.\"\n    }\n  ]\n}\n```"
}