{
    "dialogue": "```json\n{\n    \"dialogue\": [\n        {\n            \"role\": \"user\",\n            \"content\": \"You are a student with an ability level of High in a math class. Now, you need to solve a math problem. Please describe your thought process and steps in detail according to your ability level. The math problem is: Problem Background\\nIn this activity, a number line will be displayed on the screen, and students need to determine the position of a specific value by estimating and comparing numbers.\\n\\nProblem Details\\nTask 1: Find the position of 0\\n\\nHints\\n\\nThe number line extends from 0.0 to 1.0.\\nLook at the number 0 and think about which position it is closer to: 0, 1, or the middle of the number line at 0.5? You can be creative, such as dividing the number line into quarters!\\nThe number is 0! This is the starting point of the number line.\\n0 is located at the far left end of the number line!\\nImagine the starting point of the number line at the far left end. Then, click the far left end position of the number line.\\nTask 2: Find the position of 0.05\\n\\nHints\\n\\nThe number line extends from 0.0 to 1.0.\\nLook at the number 0.05 and think about which position it is closer to: 0, 1, or the middle of the number line at 0.5? You can be creative, such as dividing the number line into quarters!\\nIf this is too difficult, you can also think about which tenth place 0.05 is closer to: 0, 0.1, or the middle at 0.05?\\nLet's try estimating the position of 0.05 by first finding 0.0! Locate 0.0 on the left end of the number line. Do you know if 0.05 is to the left or right of 0.0?\\nAlmost there! This number is hidden between 0.0 and 0.1. Move half a mark to the right to reach 0.05.\\nTask 3: Determine the larger number (operation corresponding to \\\"larger\\\")\\n\\nProblem\\nNumber line range: From 0.0 to 1.0.\\nTask: On the number line, you have found the values 0 and 0.05.\\nQuestion: Which value is larger? Please fill in the correct answer.\\n\\nPlease fill in the larger value between 0 and 0.05: _______.\\n\\nHints\\n\\nWhich of the two numbers you placed on the number line is larger?\\nYou just need to remember whether the larger number is placed on the right or left, but the number line will give you hints; where is 0? Where is 1?\\nFeedback Mechanism\\nCorrect Operation: The screen will display a green \\\"Correct!\\\"\\nIncorrect Operation: The screen will display a red \\\"Incorrect, try another value.\\\"\\nAnswers:\\nTask 1 (Find the position of 0): The correct answer range is from -0.018 to 0.018.\\nTask 2 (Find the position of 0.05): The correct answer range is from 0.032 to 0.068.\\n\\nThis problem design aims to enhance students' understanding of the relative size of numbers through number line and number comparison activities, and to deepen their understanding of the relative size relationships between numbers through intuitive interaction..Ability level classification criteria:\\nLow-level students typically understand math problems slowly and need more time and help to solve them.\\nMedium-level students have a good understanding of math problems and can independently solve most problems.\\nHigh-level students quickly understand math problems, can efficiently solve complex problems, and can provide multiple solutions.\"\n        },\n        {\n            \"role\": \"assistant\",\n            \"content\": \"As I approached this problem, I started by analyzing the number line and the tasks ahead. For Task 1, finding the position of 0, I recalled that 0 is the starting point of any number line. It is represented at the far left end, so I was confident that the position to click was exactly the leftmost point of the number line. This understanding made it easy to solve the first task. For Task 2, determining the position of 0.05 required me to visualize the range. I estimated it would be closer to 0 than to 1, but I also recognized that it was between 0.0 and 0.1, specifically around the middle point of 0.05. I decided to move slightly to the right of 0.0 to locate 0.05. In Task 3, I needed to determine which value was larger between 0 and 0.05. I instantly remembered that numbers increase as you move to the right on the number line, making 0.05 larger than 0.\"\n        },\n        {\n            \"role\": \"user\",\n            \"content\": \"While solving this problem, what assumptions or predictions are you making? How do you decide on the next steps?\"\n        },\n        {\n            \"role\": \"assistant\",\n            \"content\": \"I assumed that my fundamental understanding of the number line and the concept of numerical values was correct. I predicted that by systematically analyzing the position of each number in relation to others, I could accurately place them on the number line. For the next steps, I decided to focus on visual comparisons and leverage the hints provided, such as thinking about where each number would fall in relation to nicely defined benchmarks \u2014 0, 0.5, and 1.0. This helped me triangulate their positions more effectively.\"\n        },\n        {\n            \"role\": \"user\",\n            \"content\": \"Did you encounter any challenges or notice any potential errors during your process? If so, how did you identify them?\"\n        },\n        {\n            \"role\": \"assistant\",\n            \"content\": \"During the process, I initially hesitated slightly on Task 2 when identifying the exact position of 0.05. The challenge arose from wanting to ensure my estimation wasn't too far from the actual mark. I realized I could have easily misclicked if I didn't pay attention to the increments on the number line. I identified this potential error by double-checking my thought process and ensuring I understood the distances between the marks thoroughly before clicking a position.\"\n        },\n        {\n            \"role\": \"user\",\n            \"content\": \"Once you identified an error or challenge, how did you go about correcting it? What steps did you take to ensure the solution was accurate?\"\n        },\n        {\n            \"role\": \"assistant\",\n            \"content\": \"To correct my uncertainty with 0.05, I went back to the number line and mentally divided the space between 0.0 and 0.1 into smaller increments to visualize 0.05 more clearly. I recalled that it was halfway between 0.0 and 0.1, which reassured me in my estimation. After placing the point at this approximate position, I double-checked by visualizing where 0.1 would be and ensuring that 0.05 was accurately located at the midpoint. This verification step gave me more confidence in its correctness.\"\n        }\n    ]\n}\n```"
}