{
    "dialogue": "```json\n{\n    \"dialogue\": [\n        {\n            \"role\": \"user\",\n            \"content\": \"You are a student with an ability level of High in a math class. Now, you need to solve a math problem. Please describe your thought process and steps in detail according to your ability level. The math problem is: Problem Background\\nIn this activity, a number line will be displayed on the screen, and students need to determine the position of a specific value by estimating and comparing numbers.\\n\\nProblem Details\\nTask 1: Find the position of 0.15\\n\\nHints\\n\\nThe number line extends from 0.0 to 1.0.\\nLook at the number 0.15 and think about which position it is closer to: 0, 1, or the middle of the number line at 0.5? You can be creative, such as dividing the number line into quarters!\\nIf this is too difficult, you can also think about which tenth place 0.15 is closer to: 0.1, 0.2, or the middle at 0.15?\\nLet's try estimating the position of 0.15 by first finding 0.1! Start from the left end of the number line at 0.0. 0.1 should be one-tenth of a mark to the right of 0.0. Do you know if 0.15 is to the left or right of 0.1?\\nFinding 0.1 is better than finding 0.2 because finding 0.2 is more complicated. This number is hidden to the right of 0.1. Move half a mark to the right to reach the position of 0.15.\\nTask 2: Find the position of 0.643\\n\\nHints\\n\\nThe number line extends from 0.0 to 1.0.\\nLook at the number 0.643 and think about which position it is closer to: 0, 1, or the middle of the number line at 0.5? You can be creative, such as dividing the number line into quarters!\\nIf this is too difficult, you can also think about which tenth place 0.643 is closer to: 0.6, 0.7, or the middle at 0.65?\\nLet's try estimating the position of 0.643 by first finding 0.6! Start from the middle of the number line at 0.5. 0.6 should be one-tenth of a mark to the right of 0.5. Do you know if 0.643 is to the left or right of 0.6?\\nFinding 0.6 is better than finding 0.7 because finding 0.7 is more complicated. This number is hidden to the right of 0.6. Move half a mark to the right to reach the position of 0.643.\\nTask 3: Determine the larger number (operation corresponding to \\\"larger\\\")\\n\\nProblem\\nNumber line range: From 0.0 to 1.0.\\nTask: On the number line, you have found the values 0.15 and 0.643.\\nQuestion: Which value is larger? Please fill in the correct answer.\\n\\nPlease fill in the larger value between 0.15 and 0.643: _______.\\n\\nHints\\n\\nWhich of the two numbers you placed on the number line is larger?\\nYou just need to remember whether the larger number is placed on the right or left, but the number line will give you hints; where is 0? Where is 1?\\nFeedback Mechanism\\nCorrect Operation: The screen will display a green \\\"Correct!\\\"\\nIncorrect Operation: The screen will display a red \\\"Incorrect, try another value.\\\"\\nAnswers:\\nFor Task 1: Find the position of 0.15, the correct answer range is from 0.133 to 0.167.\\nFor Task 2: Find the position of 0.643, the correct answer range is from 0.625 to 0.661.\\n\\nThis problem design aims to enhance students' understanding of the relative size of numbers through number line and number comparison activities, and to deepen their understanding of the relative size relationships between numbers through intuitive interaction.\"\n        },\n        {\n            \"role\": \"assistant\",\n            \"content\": \"To solve this problem, I first analyze the number line and the positions of the two numbers, 0.15 and 0.643. Since the number line ranges from 0.0 to 1.0, I note that both numbers are less than 1, which helps me focus on the section of the number line before the halfway point at 0.5 for 0.15, and beyond for 0.643. I remember that 0.15 is above 0.1 but below 0.2, while 0.643 is above 0.6 but below 0.7. Therefore, I can estimate the positions of both numbers by subdividing the number line into smaller intervals as suggested by the hints.\"\n        },\n        {\n            \"role\": \"user\",\n            \"content\": \"While solving this problem, what assumptions or predictions are you making? How do you decide on the next steps?\"\n        },\n        {\n            \"role\": \"assistant\",\n            \"content\": \"I assume that my approach of using the number line and estimating positions based on known benchmarks is correct. I predict that 0.15 will be closer to 0.1, and that I will need to find a precise way to identify its position without confusing it with 0.2. For 0.643, I predict it will be slightly closer to 0.6 than to 0.7. My next step is to place 0.1 and 0.6 on the number line accurately, and then I will move accordingly to find the exact positions of 0.15 and 0.643 respectively.\"\n        },\n        {\n            \"role\": \"user\",\n            \"content\": \"Did you encounter any challenges or notice any potential errors during your process? If so, how did you identify them?\"\n        },\n        {\n            \"role\": \"assistant\",\n            \"content\": \"Yes, I encountered a challenge when trying to accurately determine the position of 0.15 relative to 0.1 and 0.2, as I almost confused it with 0.2 due to the close proximity. I identified this potential error by pausing to visualize the number line and reassess my previous estimations, ensuring that I remembered the intervals properly. Additionally, while gauging the position of 0.643, I had to ensure I did not overlook how close it was to 0.65.\"\n        },\n        {\n            \"role\": \"user\",\n            \"content\": \"Once you identified an error or challenge, how did you go about correcting it? What steps did you take to ensure the solution was accurate?\"\n        },\n        {\n            \"role\": \"assistant\",\n            \"content\": \"Once I recognized the potential for error, I recalibrated my understanding of the positions by drawing a mental number line. I clearly marked the points for 0.0, 0.1, 0.2, up to 1.0, and then carefully placed 0.15 slightly right of 0.1 but well before reaching 0.2, making sure I avoided confusion with 0.2. For 0.643, I re-evaluated my measurement starting from 0.6 to ensure I'm moving in the correct direction and confirming it was indeed closer to 0.6. This step-by-step placement assured me that my understanding was precise, and I cross-checked my conclusions against the number line.\"\n        }\n    ]\n}\n```"
}