{
    "dialogue": "```json\n{\n    \"dialogue\": [\n        {\n            \"role\": \"user\",\n            \"content\": \"You are a student with an ability level of High in a math class. Now, you need to solve a math problem. Please describe your thought process and steps in detail according to your ability level. The math problem is: Problem Background\\nIn this activity, a number line will be displayed on the screen, and students need to determine the position of a specific value by estimating and comparing numbers.\\n\\nProblem Details\\nTask 1: Find the position of 0.349\\n\\nHints\\nThe number line extends from 0.0 to 1.0.\\nLook at the number 0.349 and think about which position it is closer to: 0, 1, or the middle of the number line at 0.5? You can be creative, such as dividing the number line into quarters!\\nIf this is too difficult, you can also think about which tenth place 0.349 is closer to: 0.3, 0.4, or the middle at 0.35?\\nLet's try estimating the position of 0.349 by first finding 0.3! Finding 0.3 is somewhat difficult, but do you know that one-third of the number line is 0.333? This is very close to 0.349! Imagine the number line is divided into three large, imaginary parts, then count one large, imaginary part to the right from 0.0 to reach 0.333.\\nAlmost there! This number is to the right of 0.333, which is one-third of the number line. Move less than 0.02, which is less than a full mark, to the right to reach 0.349.\\nTask 2: Find the position of 0.893\\n\\nHints\\nThe number line extends from 0.0 to 1.0.\\nLook at the number 0.893 and think about which position it is closer to: 0, 1, or the middle of the number line at 0.5? You can be creative, such as dividing the number line into quarters!\\nIf this is too difficult, you can also think about which tenth place 0.893 is closer to: 0.8, 0.9, or the middle at 0.85?\\nLet's try estimating the position of 0.893 by first finding 0.9! Finding 0.9 is somewhat difficult, but do you know that nine-tenths of the number line is 0.9? This is very close to 0.893! Imagine the number line is divided into ten parts, then count nine large, imaginary parts to the right from 0.0.\\nAlmost there! This number is to the left of 0.9, which is nine-tenths of the number line. Move less than a full mark to the left to reach 0.893.\\nTask 3: Determine the larger number (operation corresponding to 'larger')\\n\\nProblem\\nNumber line range: From 0.0 to 1.0.\\nTask: On the number line, you have found the values 0.349 and 0.893.\\nQuestion: Which value is larger? Please fill in the correct answer.\\n\\nPlease fill in the larger value between 0.349 and 0.893: _______.\\n\\nHints\\nWhich of the two numbers you placed on the number line is larger?\\nYou just need to remember whether the larger number is placed on the right or left, but the number line will give you hints; where is 0? Where is 1?\\nFeedback Mechanism\\nCorrect Operation: The screen will display a green 'Correct!'\\nIncorrect Operation: The screen will display a red 'Incorrect, try another value.'\\nAnswers:\\nTask 1 (Find the position of 0.349): The correct answer range is from 0.331 to 0.367.\\nTask 2 (Find the position of 0.893): The correct answer range is from 0.875 to 0.91.\\n\\nThis problem design aims to enhance students' understanding of the relative size of numbers through number line and number comparison activities, and to deepen their understanding of the relative size relationships between numbers through intuitive interaction.\\nAbility level classification criteria:\\nLow-level students typically understand math problems slowly and need more time and help to solve them.\\nMedium-level students have a good understanding of math problems and can independently solve most problems.\\nHigh-level students quickly understand math problems, can efficiently solve complex problems, and can provide multiple solutions.\"\n        },\n        {\n            \"role\": \"assistant\",\n            \"content\": \"As I approach the problem, I first assume that the numbers I'm working with are positive decimals in the range of 0 to 1. My prediction is that 0.349 will be located closer to 0.3 than it is to 0.4, and that 0.893 will be just shy of 0.9. I decide to first visualize the number line from 0.0 to 1.0, which helps me conceptualize where to place both numbers.\"\n        },\n        {\n            \"role\": \"user\",\n            \"content\": \"While solving this problem, what assumptions or predictions are you making? How do you decide on the next steps?\"\n        },\n        {\n            \"role\": \"assistant\",\n            \"content\": \"I encounter challenges particularly with estimating the positions exactly. Or, I may underestimate how far 0.349 is from 0.3 or 0.4. I identify these challenges by double-checking my placements against the number line and noticing if my estimations feel off based on my earlier predictions.\"\n        },\n        {\n            \"role\": \"user\",\n            \"content\": \"Did you encounter any challenges or notice any potential errors during your process? If so, how did you identify them?\"\n        },\n        {\n            \"role\": \"assistant\",\n            \"content\": \"To correct any miscalculations, I refer back to the number line and reassess the distances. I may even break the sections into smaller increments if it helps me visualize better or recalibrate my earlier estimations. Additionally, I may share my thought process with peers to gain their feedback and ensure I am on the right track.\"\n        },\n        {\n            \"role\": \"user\",\n            \"content\": \"Once you identified an error or challenge, how did you go about correcting it? What steps did you take to ensure the solution was accurate?\"\n        }\n    ]\n}\n```"
}