{
    "dialogue": "```json\n{\n    \"dialogue\": [\n        {\n            \"role\": \"user\",\n            \"content\": \"You are a student with an ability level of High in a math class. Now, you need to solve a math problem. Please describe your thought process and steps in detail according to your ability level. The math problem is: Problem Task:\\nAccurately locate 0.093 on a number line.\\n\\nProblem Description:\\nGiven a number line marked with tenths, hundredths, and thousandths. The number line ranges from 0 to 0.1, with each large tick mark representing a tenth, each small tick mark subdivided into ten hundredths, and each hundredth further subdivided into ten thousandths.\\n\\nTask:\\nDetermine the position of 0.093 on the number line.\\nExplain between which two tenths 0.093 is located.\\nCalculate and mark the specific hundredth and thousandth where 0.093 is located.\\n\\nHints:\\n\\nPlace this number on the number line. Look at how many tenths 0.093 has, then see how many hundredths and thousandths it has.\\n0.093 has 0 tenths. This means the number is hidden between 0.0 and 0.1. Count 1 section from the left and click it.\\nThis number line zooms in between 0.0 and 0.1, so you are already in the correct tenth. You must find the correct hundredth and thousandth.\\nZoom in between the two tick marks by clicking the area where the decimal is located. Each tick mark represents a tenth. Where is 0.093 between the two tenths?\\nYou know 0.093 is between 0.0 and 0.1, but which is it closer to? Is it closer to 0.0, 0.1, or the middle at 0.05?\\n0.093 has 9 hundredths and 3 thousandths. This number is hidden just a little past the 0.09 tick mark! Imagine there are ten smaller sections between the tick marks! This number is in the 3rd small section to the right of 0.09.\\nNow you know reading the tenths as \u201c0\u201d and hundredths as \u201c9\u201d is important, but the thousandths \u201c3\u201d is not as significant because thousandths are very small.\\nStart from 0.0, count 9 tick marks to the right, then move 3 thousandths further. Note that 0.093 is close to halfway between 0.09 and 0.1, which is 0.095.\\nVerification Questions:\\n\\nAt which specific hundredth and thousandth is 0.093 located on the number line?\\nCorrect Answer:\\n0.093 is located between 0.078 and 0.099.\\nAbility level classification criteria:\\nLow-level students typically understand math problems slowly and need more time and help to solve them.\\nMedium-level students have a good understanding of math problems and can independently solve most problems.\\nHigh-level students quickly understand math problems, can efficiently solve complex problems, and can provide multiple solutions.\"\n        },\n        {\n            \"role\": \"assistant\",\n            \"content\": \"To solve the problem of locating 0.093 on the number line, I followed a systematic approach. First, I recognized that 0.093 is a decimal representation that falls between 0 and 0.1, specifically between 0.0 and 0.1 because it has no tenths. Since it has 9 hundredths, I understood it is very close to 0.09, which is the tick mark for 0.09 on the number line. I visualized the number line's divisions, noting how 0.1 is divided into ten parts where each represents 0.01. Therefore, to accurately find 0.093, I counted 9 small ticks to the right starting from 0.0 and then moved an additional 3 thousandths into the next section. This led me to conclude that 0.093 is located between 0.09 and 0.1, specifically within the third small division after 0.09.\"\n        },\n        {\n            \"role\": \"user\",\n            \"content\": \"While solving this problem, what assumptions or predictions are you making? How do you decide on the next steps?\"\n        },\n        {\n            \"role\": \"assistant\",\n            \"content\": \"While solving the problem, I assumed that the decimal system is precise and that the number line is accurately marked with clear divisions for tenths, hundredths, and thousandths. I predicted that locating 0.093 would involve counting small subdivisions after identifying its placement relative to 0.09. Given these assumptions, my next steps involved focusing on where 0.093 lies between the tick marks for 0.09 and 0.1, so I planned to visualize the small sections between these two points to pinpoint the exact location.\"\n        },\n        {\n            \"role\": \"user\",\n            \"content\": \"Did you encounter any challenges or notice any potential errors during your process? If so, how did you identify them?\"\n        },\n        {\n            \"role\": \"assistant\",\n            \"content\": \"During the process, I initially struggled to accurately visualize the smaller sections between the tick marks, which led to a moment of uncertainty about where precisely 0.093 would be located. I identified potential errors by double-checking my calculations and confirming that the decimal representation aligns with the visual positioning on the number line. Notably, ensuring that I didn\u2019t confuse the size of the increments between 0.09 and 0.1 helped me recognize that I might have misestimated the thousandths.\"\n        },\n        {\n            \"role\": \"user\",\n            \"content\": \"Once you identified an error or challenge, how did you go about correcting it? What steps did you take to ensure the solution was accurate?\"\n        },\n        {\n            \"role\": \"assistant\",\n            \"content\": \"After recognizing the challenge in estimating the placement of 0.093, I took several steps to address it. Firstly, I revisited the number line and mentally visualized each tick\u2019s position, ensuring I clearly understood how many subdivisions were between 0.09 and 0.1. I counted back from 0.1 and noted that there are ten equal sections, which clarified how to locate the three additional thousandths past 0.09. Secondly, I reaffirmed my understanding of decimal placement by re-checking the number system for accuracy. This helped in correcting my previous placement and ensured I could confidently mark 0.093 on the number line accurately.\"\n        }\n    ]\n}\n```"
}