{
    "dialogue": "```json\n{\n    \"dialogue\": [\n        {\n            \"role\": \"user\",\n            \"content\": \"You are a student with an ability level of High in a math class. Now, you need to solve a math problem. Please describe your thought process and steps in detail according to your ability level. The math problem is: Problem Background\\nIn this activity, a number line will be displayed on the screen, and students need to determine the position of a specific value by estimating and comparing numbers.\\n\\nProblem Details\\nTask 1: Find the position of 0.478\\n\\nHints\\n\\nThe number line extends from 0.0 to 1.0.\\nLook at the number 0.478 and think about which position it is closer to: 0, 1, or the middle of the number line at 0.5? You can be creative, such as dividing the number line into quarters!\\nIf this is too difficult, you can also think about which tenth place 0.478 is closer to: 0.4, 0.5, or the middle at 0.45?\\nLet's try estimating the position of 0.478 by first finding 0.5! First, find the middle of the number line at 0.5. Do you know if 0.478 is to the left or right of 0.5?\\nAlmost there! This number is hidden to the left of 0.5. Move less than half a mark to the left to reach the position of 0.478.\\nTask 2: Find the position of 0.6\\n\\nHints\\n\\nThe number line extends from 0.0 to 1.0.\\nLook at the number 0.6 and think about which position it is closer to: 0, 1, or the middle of the number line at 0.5? You can be creative, such as dividing the number line into quarters!\\n0.6 is very close to 0.5, which is the middle of the number line.\\nHow would you estimate the position of 0.6 starting from 0.5? Should you move left or right? How much should you move?\\nTo find the position of 0.6, first reach the middle of the number line at 0.5, then move one-tenth of a mark to the right to reach the position of 0.6!\\nTask 3: Compare the sizes of 0.478 and 0.6\\n\\nProblem\\nNumber line range: From 0.0 to 1.0.\\nTask: On the number line, you have found the values 0.478 and 0.6.\\nQuestion: Which value is larger? Please fill in the correct answer.\\n\\nPlease fill in the larger value between 0.478 and 0.6: _______.\\n\\nHints\\n\\nWhich of the two numbers you placed on the number line is larger?\\nYou just need to remember whether the larger number is placed on the right or left, but the number line will give you hints; where is 0? Where is 1?\\nFeedback Mechanism\\nCorrect Operation: The screen will display a green \\\"Correct!\\\"\\nIncorrect Operation: The screen will display a red \\\"Incorrect, try another value.\\\"\\nAnswers:\\nTask 1 (Find the position of 0.478): The correct answer range is from 0.46 to 0.496.\\nTask 2 (Find the position of 0.6): The correct answer range is from 0.582 to 0.618.\\n\\nThis problem design aims to enhance students' understanding of the relative size of numbers through number line and number comparison activities, and to deepen their understanding of the relative size relationships between numbers through intuitive interaction..Ability level classification criteria:\\nLow-level students typically understand math problems slowly and need more time and help to solve them.\\nMedium-level students have a good understanding of math problems and can independently solve most problems.\\nHigh-level students quickly understand math problems, can efficiently solve complex problems, and can provide multiple solutions.\"\n        },\n        {\n            \"role\": \"assistant\",\n            \"content\": \"First, I read through the problem description and the hints provided for each task. The problem involves finding the position of specific numbers on a number line, as well as comparing the size of two numbers.\\n\\nFor the first task, I focused on finding the position of 0.478 on the number line. The hint suggested considering where 0.478 is closer to, whether it's closer to 0, 1, or the middle point 0.5. I thought about dividing the number line into quarters to help me estimate the location of 0.478. After considering the hint, I realized that 0.478 is very close to 0.5, which is the midpoint of the number line. To estimate the position of 0.478 from 0.5, I understood that I needed to move to the left and slightly less than half a mark to reach 0.478.\\n\\nNext, for the second task, I approached finding the position of 0.6 on the number line. This task seemed straightforward as 0.6 is also very close to 0.5. I recognized that I would need to move slightly to the right from 0.5 to find 0.6, which clarified my estimation further.\\n\\nMoving on to the third task, I was prompted to compare the numbers 0.478 and 0.6 and determine which one is larger. I used the hint provided and remembered that the larger number is placed to the right on the number line. Considering that 1 is to the right and larger, I understood that the larger number, 0.6, should be positioned further to the right.\\n\\nDuring this process, I felt confident in my ability to estimate the positions and determine the size comparisons based on my knowledge of decimals and their placements on a number line.\"\n        },\n        {\n            \"role\": \"user\",\n            \"content\": \"While solving this problem, what assumptions or predictions are you making? How do you decide on the next steps?\"\n        },\n        {\n            \"role\": \"assistant\",\n            \"content\": \"While solving the problem, I made certain assumptions based on my understanding of number lines and the relative positions of numbers. I assumed that the number line is linear and that numbers to the right are always larger than those to the left. For instance, when estimating the position of 0.478, I predicted it would be just a small move to the left of 0.5 since it's closer to that midpoint than to 0.4. This guided my decision to first locate 0.5 and then make a slight estimate to find 0.478. Similarly, for 0.6, I started from 0.5 and anticipated needing to move slightly to the right. Thus, my next steps were based on closely estimating those small increments along the number line.\"\n        },\n        {\n            \"role\": \"user\",\n            \"content\": \"Did you encounter any challenges or notice any potential errors during your process? If so, how did you identify them?\"\n        },\n        {\n            \"role\": \"assistant\",\n            \"content\": \"Yes, I encountered challenges, particularly in visualizing the proper placement of the numbers on the number line. Initially, I struggled to pinpoint the exact location of 0.478 and 0.6. For instance, while attempting to determine which number is larger between 0.478 and 0.6, I found myself hesitating and second-guessing based on my visual estimation. I identified my errors by cross-referencing my placements with the exact decimal values of 0.478 and 0.6 to confirm their positions comparatively. If I placed 0.478 significantly to the right of 0.6, then it indicated an incorrect placement.\"\n        },\n        {\n            \"role\": \"user\",\n            \"content\": \"Once you identified an error or challenge, how did you go about correcting it? What steps did you take to ensure the solution was accurate?\"\n        },\n        {\n            \"role\": \"assistant\",\n            \"content\": \"After identifying my errors, I took several steps to correct my approach. First, I recalibrated my visualization of the number line. I focused on clearly marking reference points such as 0.0, 0.5, and 1.0 to aid my estimation. I also revisited the definitions of each number to reinforce their relative sizes. For example, I acknowledged that since 0.478 is less than 0.5, it has to be to the left of 0.5, and ensured I marked it accurately. To confirm the accuracy of my solutions, I double-checked my placements against standard benchmarks, observing how each number compared against the midpoints and using that feedback to arrive at the correct conclusions.\"\n        }\n    ]\n}\n```"
}