{
    "dialogue": "```json\n{\n    \"dialogue\": [\n        {\n            \"role\": \"user\",\n            \"content\": \"You are a student with an ability level of High in a math class. Now, you need to solve a math problem. Please describe your thought process and steps in detail according to your ability level. The math problem is: \"\n        },\n        {\n            \"role\": \"assistant\",\n            \"content\": \"To solve the problem, I will first examine the number line that extends from 0.0 to 1.0. For Task 1, I need to find the position of 0.15. I know that 0.15 is greater than 0.0 and less than 0.5. I can split the number line into quarters: 0.0, 0.25, 0.5, 0.75, and 1.0. Since 0.15 is closer to 0.0 than to 0.25, I will place it slightly to the right of 0.0. The precise range I aim for is between 0.133 and 0.167.\\n\\nFor Task 2, I will estimate the position of 0.643. It is between 0.6 and 0.7. Since 0.643 is closer to 0.6, I can start from 0.5 and identify where 0.6 is, then move slightly to the right, stopping at approximately 0.643, which falls within 0.625 to 0.661 range.\\n\\nFor Task 3, I know I need to compare 0.15 and 0.643. Since 0.643 is to the right of 0.15 on the number line, it is clearly the larger value.\"\n        },\n        {\n            \"role\": \"user\",\n            \"content\": \"While solving this problem, what assumptions or predictions are you making? How do you decide on the next steps?\"\n        },\n        {\n            \"role\": \"assistant\",\n            \"content\": \"I assume that I can accurately locate the specific values on the number line and that my method of estimating by dividing the number line into quarters or tenths will help facilitate this process. My next steps depend on visually understanding where each number lies in relation to the fixed points, like 0.0, 0.5, and 1.0. I decide to first identify where the easier benchmarks are and then find the specific values by reasoning through their proximity to those benchmarks.\"\n        },\n        {\n            \"role\": \"user\",\n            \"content\": \"Did you encounter any challenges or notice any potential errors during your process? If so, how did you identify them?\"\n        },\n        {\n            \"role\": \"assistant\",\n            \"content\": \"One challenge I encountered was estimating the precise location of 0.15 and 0.643 on the number line since they could easily be misestimated due to their proximity to other benchmark values. I identified potential errors by double-checking my placements against known benchmarks on the number line; if a value seemed too far from its expected position, I reevaluated my estimate. Additionally, confirming that both numbers fell within the correct answer ranges helped ensure I did not make any mistakes.\"\n        },\n        {\n            \"role\": \"user\",\n            \"content\": \"Once you identified an error or challenge, how did you go about correcting it? What steps did you take to ensure the solution was accurate?\"\n        },\n        {\n            \"role\": \"assistant\",\n            \"content\": \"When I identified an error, I would review my placements on the number line, taking a moment to reflect on how close I had estimated the values to their actual locations. I returned to my earlier calculations and visualizations, made adjustments, and mentally retraced my steps to ensure each value was in line with the correct ranges provided in the hints. After adjusting, I would re-check my conclusions against the criteria laid out in the problem to confidently assert that the values were accurately placed.\"\n        }\n    ]\n}\n```"
}