{
    "dialogue": "```json\n{\n  \"dialogue\": [\n    { \"role\": \"user\", \"content\": \"You are a student with an ability level of High in a math class. Now, you need to solve a math problem. Please describe your thought process and steps in detail according to your ability level. The math problem is: Problem Background In this activity, a number line will be displayed on the screen, and students need to determine the position of a specific value by estimating and comparing numbers. Problem Details Task 1: Find the position of 0.349 Hints The number line extends from 0.0 to 1.0. Look at the number 0.349 and think about which position it is closer to: 0, 1, or the middle of the number line at 0.5? You can be creative, such as dividing the number line into quarters! If this is too difficult, you can also think about which tenth place 0.349 is closer to: 0.3, 0.4, or the middle at 0.35? Let's try estimating the position of 0.349 by first finding 0.3! Finding 0.3 is somewhat difficult, but do you know that one-third of the number line is 0.333? This is very close to 0.349! Imagine the number line is divided into three large, imaginary parts, then count one large, imaginary part to the right from 0.0 to reach 0.333. Almost there! This number is to the right of 0.333, which is one-third of the number line. Move less than 0.02, which is less than a full mark, to the right to reach 0.349. Task 2: Find the position of 0.893 Hints The number line extends from 0.0 to 1.0. Look at the number 0.893 and think about which position it is closer to: 0, 1, or the middle of the number line at 0.5? You can be creative, such as dividing the number line into quarters! If this is too difficult, you can also think about which tenth place 0.893 is closer to: 0.8, 0.9, or the middle at 0.85? Let's try estimating the position of 0.893 by first finding 0.9! Finding 0.9 is somewhat difficult, but do you know that nine-tenths of the number line is 0.9? This is very close to 0.893! Imagine the number line is divided into ten parts, then count nine large, imaginary parts to the right from 0.0. Almost there! This number is to the left of 0.9, which is nine-tenths of the number line. Move less than a full mark to the left to reach 0.893. Task 3: Determine the larger number (operation corresponding to \"larger\") Problem Number line range: From 0.0 to 1.0. Task: On the number line, you have found the values 0.349 and 0.893. Question: Which value is larger? Please fill in the correct answer. Please fill in the larger value between 0.349 and 0.893: _______. Hints Which of the two numbers you placed on the number line is larger? You just need to remember whether the larger number is placed on the right or left, but the number line will give you hints; where is 0? Where is 1? Feedback Mechanism Correct Operation: The screen will display a green \"Correct!\" Incorrect Operation: The screen will display a red \"Incorrect, try another value.\" Answers: Task 1 (Find the position of 0.349): The correct answer range is from 0.331 to 0.367. Task 2 (Find the position of 0.893): The correct answer range is from 0.875 to 0.91.\n\nThis problem design aims to enhance students' understanding of the relative size of numbers through number line and number comparison activities, and to deepen their understanding of the relative size relationships between numbers through intuitive interaction..Ability level classification criteria: Low-level students typically understand math problems slowly and need more time and help to solve them. Medium-level students have a good understanding of math problems and can independently solve most problems. High-level students quickly understand math problems, can efficiently solve complex problems, and can provide multiple solutions.\"\n   },\n    { \"role\": \"assistant\", \"content\": \"First, I read through the problem description and the hints provided for each task. The problem involves finding the position of specific numbers on a number line, as well as comparing the size of two numbers. For the first task, I focused on finding the position of 0.349 on the number line. The hint suggested considering where 0.349 is closer to, whether it's closer to 0, 1, or the middle point 0.5. I thought about dividing the number line into quarters to help me estimate the location of 0.349. After considering the hint, I realized that 0.349 is very close to 0.333, which is one-third of the number line. To estimate the position of 0.349 from 0.333, I realized that I needed to move less than 0.02, which is less than a full mark, to the right. Next, for the second task, I approached finding the position of 0.893 on the number line by considering the hint and understanding that it is very close to 0.9, which is nine-tenths of the number line. Imagining the number line divided into ten parts, I counted nine large, imaginary parts to the right from 0.0. This placed 0.893 to the left of 0.9, needing less than a full mark to the left to reach the position. When prompted to determine the larger value between 0.349 and 0.893, I recalled the hint about the larger number being placed to the right on the number line, and recognized that 0.893 was indeed further to the right. Thus, my response was based on these estimations and comparisons of position, leading to the accurate answers for the tasks. \"}\n    ,\n    { \"role\": \"user\", \"content\": \"While solving this problem, what assumptions or predictions are you making? How do you decide on the next steps?\" },\n    { \"role\": \"assistant\", \"content\": \"While solving the problem, I made certain assumptions based on my understanding of number lines and the relative positions of numbers. I assumed that the number line is linear and that numbers to the right are always larger than those to the left. For instance, when estimating the position of 0.349, I predicted it would be just a small move to the right from 0.333 since it is closer to that value than 0.367. This guided my decision to accurately estimate that small increment. Similarly, for 0.893, I anticipated that it would only need a slight move to the left from 0.9. Thus, my next steps were based on these assumptions, closely estimating those small increments along the number line. \" },\n    { \"role\": \"user\", \"content\": \"Did you encounter any challenges or notice any potential errors during your process? If so, how did you identify them?\" },\n    { \"role\": \"assistant\", \"content\": \"Yes, I encountered challenges, particularly in visualizing the proper placement of the numbers on the number line. Initially, I struggled to get the exact location of 0.349 and 0.893; I realized I wasn't accurately estimating the distances. For instance, when prompted to determine the larger value between 0.349 and 0.893, I found myself hesitating and second-guessing which number was further to the right. I identified my errors by evaluating whether my placements of the numbers corresponded to their standard decimal values. For example, if I placed 0.349 significantly to the right of 0.893, then it indicated an incorrect understanding. \"}\n    ,\n    { \"role\": \"user\", \"content\": \"Once you identified an error or challenge, how did you go about correcting it? What steps did you take to ensure the solution was accurate?\" },\n    { \"role\": \"assistant\", \"content\": \"After identifying my errors, I took several steps to correct my approach. First, I recalibrated my visualization of the number line. I focused on clearly marking benchmarks such as 0.333 and 0.9 to aid my estimation. I also revisited the definition of each number to reinforce their relative sizes. To ensure accuracy in my placements, I double-checked my estimations by thinking about increments and visualizing how far each number was from the benchmarks, which ultimately led to the correct solutions. \"}\n  ]\n}\n```"
}