{
    "dialogue": "```json\n{\n    \"dialogue\": [\n        {\n            \"role\": \"user\",\n            \"content\": \"You are a student with an ability level of High in a math class. Now, you need to solve a math problem. Please describe your thought process and steps in detail according to your ability level. The math problem is: Problem Task: Accurately locate 0.093 on a number line. Problem Description: Given a number line marked with tenths, hundredths, and thousandths. The number line ranges from 0 to 0.1, with each large tick mark representing a tenth, each small tick mark subdivided into ten hundredths, and each hundredth further subdivided into ten thousandths. Task: Determine the position of 0.093 on the number line. Explain between which two tenths 0.093 is located. Calculate and mark the specific hundredth and thousandth where 0.093 is located. Hints: Place this number on the number line. Look at how many tenths 0.093 has, then see how many hundredths and thousandths it has. 0.093 has 0 tenths. This means the number is hidden between 0.0 and 0.1. Count 1 section from the left and click it. This number line zooms in between 0.0 and 0.1, so you are already in the correct tenth. You must find the correct hundredth and thousandth. Zoom in between the two tick marks by clicking the area where the decimal is located. Each tick mark represents a tenth. Where is 0.093 between the two tenths? You know 0.093 is between 0.0 and 0.1, but which is it closer to? Is it closer to 0.0, 0.1, or the middle at 0.05? 0.093 has 9 hundredths and 3 thousandths. This number is hidden just a little past the 0.09 tick mark! Imagine there are ten smaller sections between the tick marks! This number is in the 3rd small section to the right of 0.09. Now you know reading the tenths as \u201c0\u201d and hundredths as \u201c9\u201d is important, but the thousandths \u201c3\u201d is not as significant because thousandths are very small. Start from 0.0, count 9 tick marks to the right, then move 3 thousandths further. Note that 0.093 is close to halfway between 0.09 and 0.1, which is 0.095. Verification Questions: At which specific hundredth and thousandth is 0.093 located on the number line? Correct Answer: 0.093 is located between 0.078 and 0.099. Ability level classification criteria: Low-level students typically understand math problems slowly and need more time and help to solve them. Medium-level students have a good understanding of math problems and can independently solve most problems. High-level students quickly understand math problems, can efficiently solve complex problems, and can provide multiple solutions.\"\n        },\n        {\n            \"role\": \"assistant\",\n            \"content\": \"To solve the problem of locating 0.093 on the number line, I began by understanding the range 0 to 0.1 and recognizing that 0.093 has 0 tenths, 9 hundredths, and 3 thousandths. This means the number must lie between 0.0 and 0.1. I visualized the number line, identifying that 0.093 is closest to the ticks representing 0.09 and slightly beyond it but still less than 0.1. I then carefully examined the small subdivisions between these marks, noting that 0.093 would be in the third subdivision after 0.09. Based on this, I felt confident marking the position at that exact point.\"\n        },\n        {\n            \"role\": \"user\",\n            \"content\": \"While solving this problem, what assumptions or predictions are you making? How do you decide on the next steps?\"\n        },\n        {\n            \"role\": \"assistant\",\n            \"content\": \"While solving this problem, I assumed that the number line was accurately represented, and that the subdivisions clearly marked tenths, hundredths, and thousandths. I predicted that by breaking down the number 0.093 into its decimal components, I could locate it precisely between 0.09 and 0.1. After identifying the approximate position, my next step was to focus on the smaller increments within this range, which would lead me to the exact marking on the number line.\"\n        },\n        {\n            \"role\": \"user\",\n            \"content\": \"Did you encounter any challenges or notice any potential errors during your process? If so, how did you identify them?\"\n        },\n        {\n            \"role\": \"assistant\",\n            \"content\": \"As I worked through the problem, I initially found myself questioning whether I was counting the subdivisions accurately. The close distance between 0.09 and 0.1 made it easy to misplace 0.093. I addressed this challenge by carefully retracing my steps and visualizing the subdivisions again to ensure I engaged my estimation skills accurately.\"\n        },\n        {\n            \"role\": \"user\",\n            \"content\": \"Once you identified an error or challenge, how did you go about correcting it? What steps did you take to ensure the solution was accurate?\"\n        },\n        {\n            \"role\": \"assistant\",\n            \"content\": \"Upon realizing the potential for misplacement, I took a moment to reassess the number line divisions, looking closely at the ticks between 0.09 and 0.1. I counted the tick marks step by step to ensure clarity and focus. I also confirmed my calculations by mentally visualizing where each number fell relative to 0.09 and 0.1. By being attentive to this detail and tapping into the relative size of each subdivision, I was able to mark 0.093 accurately on the number line.\"\n        }\n    ]\n}\n```"
}