{
    "dialogue": "```json\n{\n    \"dialogue\": [\n        {\n            \"role\": \"user\",\n            \"content\": \"You are a student with an ability level of High in a math class. Now, you need to solve a math problem. Please describe your thought process and steps in detail according to your ability level. The math problem is: Problem Task:\\nFind the exact position of 0.61 on a number line.\\n\\nProblem Description:\\nGiven a number line marked with tenths and hundredths. The number line ranges from 0 to 1, with each large tick mark representing a tenth and each small tick mark representing a hundredth.\\n\\nTask:\\nDetermine the position of 0.61 on the number line.\\nExplain between which two tenths 0.61 is located.\\nCalculate and mark the specific hundredth where 0.61 is located.\\n\\nHints:\\nPlace this number on the number line. Look at how many tenths 0.61 has, then see how many hundredths it has.\\n0.61 has 6 tenths. This means the number is hidden between 0.6 and 0.7. Count 7 sections from the left and click it.\\n0.61 has 6 tenths and 1 hundredth. This number is hidden 1 hundredth after the 0.6 tick mark! To find these hundredths, imagine dividing the space between the 0.6 and 0.7 tick marks into ten smaller sections. If this is difficult, why not try zooming in?\\nYou know 0.61 is between 0.6 and 0.7, but which is it closer to? Is it closer to 0.6, 0.7, or the middle at 0.65?\\nZoom in between the two tick marks by clicking the area where the decimal is located. Each tick mark represents a tenth. Where is 0.61 between the two tenths?\\nStart from 0 and count 6 tick marks, then move 1 hundredth to the right. Note that 0.61 is close to 0.6.\\nVerification Questions:\\nAt which specific hundredth is 0.61 located on the number line?\\nIs 0.61 closer to 0.6 or 0.7?\\nCorrect Answer:\\n0.61 is located between 0.601 and 0.625.\\nAbility level classification criteria:\\nLow-level students typically understand math problems slowly and need more time and help to solve them.\\nMedium-level students have a good understanding of math problems and can independently solve most problems.\\nHigh-level students quickly understand math problems, can efficiently solve complex problems, and can provide multiple solutions.\"\n        },\n        {\n            \"role\": \"assistant\",\n            \"content\": \"To find the position of 0.61 on the number line, I start by noting that it is comprised of 6 tenths and 1 hundredth. This means 0.61 is located between 0.6 and 0.7. Since the number line is divided into tenths, I identify the placement of 0.6 and recognize that I need to move 1 additional hundredth to the right for 0.61. To be precise, I will break down the segment between 0.6 and 0.7 into ten equal parts to find exactly where 0.61 falls. Once divided, I can easily determine that 0.61 is located just slightly to the right of the 0.6 tick mark, specifically between 0.601 and 0.625.\"\n        },\n        {\n            \"role\": \"user\",\n            \"content\": \"While solving this problem, what assumptions or predictions are you making? How do you decide on the next steps?\"\n        },\n        {\n            \"role\": \"assistant\",\n            \"content\": \"I assume that the number line is accurately divided into tenths and hundredths, which helps in my calculations. I predict that moving from 0.6 to 0.7 will yield equally spaced sections, allowing me to distinguish the position of 0.61 precisely. My next step is to visualize or zoom in on the portion of the number line between the two tenths to ensure that I accurately mark each hundredth. This gives me a clear understanding of how close 0.61 is to the tick mark at 0.6.\"\n        },\n        {\n            \"role\": \"user\",\n            \"content\": \"Did you encounter any challenges or notice any potential errors during your process? If so, how did you identify them?\"\n        },\n        {\n            \"role\": \"assistant\",\n            \"content\": \"Initially, I found it somewhat challenging to visualize the divisions between tenths and hundredths without physically seeing the number line. I realized I could purely rely on calculations rather than visual estimations. To identify any potential errors, I double-checked whether I correctly counted the tenths and hundredths and ensured I accurately divided the space between any two marks on the number line. This helps clarify where 0.61 is placed and eliminates any discrepancies.\"\n        },\n        {\n            \"role\": \"user\",\n            \"content\": \"Once you identified an error or challenge, how did you go about correcting it? What steps did you take to ensure the solution was accurate?\"\n        },\n        {\n            \"role\": \"assistant\",\n            \"content\": \"Upon identifying the challenge with visualizing the number line, I decided to reiterate my calculations in writing. I marked the positions of 0.6 and 0.7, and then systematically divided the increments between them into ten sections to ensure that each hundredth was accounted for. I confirmed my findings by verifying that the placement of 0.61 corresponds to the calculated tick marks of the hundredth position. I often cross-referenced results by thinking about how 0.61 compares to other nearby values to ensure the answer aligns logically with the rest of the number line.\"\n        }\n    ]\n}\n```"
}