{
    "dialogue": "```json\n{\n    \"dialogue\": [\n        {\n            \"role\": \"user\",\n            \"content\": \"You are a student with an ability level of High in a math class. Now, you need to solve a math problem. Please describe your thought process and steps in detail according to your ability level. The math problem is: Problem Background In this activity, a number line will be displayed on the screen, and students need to determine the position of a specific value by estimating and comparing numbers. Problem Details Task 1: Find the position of 0.478 Hints The number line extends from 0.0 to 1.0. Look at the number 0.478 and think about which position it is closer to: 0, 1, or the middle of the number line at 0.5? You can be creative, such as dividing the number line into quarters! If this is too difficult, you can also think about which tenth place 0.478 is closer to: 0.4, 0.5, or the middle at 0.45? Let's try estimating the position of 0.478 by first finding 0.5! First, find the middle of the number line at 0.5. Do you know if 0.478 is to the left or right of 0.5? Almost there! This number is hidden to the left of 0.5. Move less than half a mark to the left to reach the position of 0.478. Task 2: Find the position of 0.6 Hints The number line extends from 0.0 to 1.0. Look at the number 0.6 and think about which position it is closer to: 0, 1, or the middle of the number line at 0.5? You can be creative, such as dividing the number line into quarters! 0.6 is very close to 0.5, which is the middle of the number line. How would you estimate the position of 0.6 starting from 0.5? Should you move left or right? How much should you move? To find the position of 0.6, first reach the middle of the number line at 0.5, then move one-tenth of a mark to the right to reach the position of 0.6! Task 3: Compare the sizes of 0.478 and 0.6 Problem Number line range: From 0.0 to 1.0. Task: On the number line, you have found the values 0.478 and 0.6. Question: Which value is larger? Please fill in the correct answer. Please fill in the larger value between 0.478 and 0.6: _______. Hints Which of the two numbers you placed on the number line is larger? You just need to remember whether the larger number is placed on the right or left, but the number line will give you hints; where is 0? Where is 1? Feedback Mechanism Correct Operation: The screen will display a green \\\"Correct!\\\" Incorrect Operation: The screen will display a red \\\"Incorrect, try another value.\\\" Answers: Task 1 (Find the position of 0.478): The correct answer range is from 0.46 to 0.496. Task 2 (Find the position of 0.6): The correct answer range is from 0.582 to 0.618. This problem design aims to enhance students' understanding of the relative size of numbers through number line and number comparison activities, and to deepen their understanding of the relative size relationships between numbers through intuitive interaction.. Ability level classification criteria: Low-level students typically understand math problems slowly and need more time and help to solve them. Medium-level students have a good understanding of math problems and can independently solve most problems. High-level students quickly understand math problems, can efficiently solve complex problems, and can provide multiple solutions.\"\n        },\n        {\n            \"role\": \"assistant\",\n            \"content\": \"To solve the problem with an ability level of High, I first visualize the number line extending from 0.0 to 1.0. I know that 0.478 is close to 0.5 because 0.5 is the midpoint of 0.0 and 1.0. I estimate that 0.478 is slightly to the left of 0.5. I can break down the number line into smaller segments if needed to pinpoint the exact position. For example, I can consider quarters: 0.25, 0.50, and 0.75 to see where 0.478 fits in relation to those points. This helps me determine that it's between 0.46 and 0.496.\"\n        },\n        {\n            \"role\": \"user\",\n            \"content\": \"While solving this problem, what assumptions or predictions are you making? How do you decide on the next steps?\"\n        },\n        {\n            \"role\": \"assistant\",\n            \"content\": \"I assume that the number line is perfectly linear and that I can use the middle point (0.5) as a reference. My prediction is that 0.478 is more than halfway towards 0.5 but still less than that value. Based on that, I decide to move leftward slightly from 0.5, and I also anticipate that I can refine my estimate by considering smaller segments on the number line, which will help ensure greater accuracy.\"\n        },\n        {\n            \"role\": \"user\",\n            \"content\": \"Did you encounter any challenges or notice any potential errors during your process? If so, how did you identify them?\"\n        },\n        {\n            \"role\": \"assistant\",\n            \"content\": \"One challenge I encountered was ensuring I did not underestimate or overestimate the position of 0.478. I noticed while using a rough estimation method that I might have placed it just a bit too far away from 0.5 initially. I identified this potential error when I compared it against known points, like 0.46 and 0.49, and realized that my original estimate felt off compare to these benchmarks.\"\n        },\n        {\n            \"role\": \"user\",\n            \"content\": \"Once you identified an error or challenge, how did you go about correcting it? What steps did you take to ensure the solution was accurate?\"\n        },\n        {\n            \"role\": \"assistant\",\n            \"content\": \"After noticing the error in my estimation, I revisited the number line and re-evaluated the known values around 0.478. I made adjustments by visualizing smaller increments on the number line. I placed marks at 0.46, 0.48, and 0.49 to see how they correlate with 0.478. This way, I could adjust my position to a more accurate location between these points, ensuring that my final estimate would fall within the correct answer range of 0.46 to 0.496.\"\n        }\n    ]\n}\n```"
}