{
    "dialogue": "```json\n{\n    \"dialogue\": [\n        {\n            \"role\": \"user\",\n            \"content\": \"You are a student with an ability level of High in a math class. Now, you need to solve a math problem. Please describe your thought process and steps in detail according to your ability level. The math problem is: Problem Background\\nIn this activity, a number line will be displayed on the screen, and students need to determine the position of a specific value by estimating and comparing numbers.\\n\\nProblem Details\\nTask 1: Find the position of 0.15\\n\\nHints\\n\\nThe number line extends from 0.0 to 1.0.\\nLook at the number 0.15 and think about which position it is closer to: 0, 1, or the middle of the number line at 0.5? You can be creative, such as dividing the number line into quarters!\\nIf this is too difficult, you can also think about which tenth place 0.15 is closer to: 0.1, 0.2, or the middle at 0.15?\\nLet's try estimating the position of 0.15 by first finding 0.1! Start from the left end of the number line at 0.0. 0.1 should be one-tenth of a mark to the right of 0.0. Do you know if 0.15 is to the left or right of 0.1?\\nFinding 0.1 is better than finding 0.2 because finding 0.2 is more complicated. This number is hidden to the right of 0.1. Move half a mark to the right to reach the position of 0.15.\\nTask 2: Find the position of 0.643\\n\\nHints\\n\\nThe number line extends from 0.0 to 1.0.\\nLook at the number 0.643 and think about which position it is closer to: 0, 1, or the middle of the number line at 0.5? You can be creative, such as dividing the number line into quarters!\\nIf this is too difficult, you can also think about which tenth place 0.643 is closer to: 0.6, 0.7, or the middle at 0.65?\\nLet's try estimating the position of 0.643 by first finding 0.6! Start from the middle of the number line at 0.5. 0.6 should be one-tenth of a mark to the right of 0.5. Do you know if 0.643 is to the left or right of 0.6?\\nFinding 0.6 is better than finding 0.7 because finding 0.7 is more complicated. This number is hidden to the right of 0.6. Move half a mark to the right to reach the position of 0.643.\\nTask 3: Determine the larger number (operation corresponding to \\\"larger\\\")\\n\\nProblem\\nNumber line range: From 0.0 to 1.0.\\nTask: On the number line, you have found the values 0.15 and 0.643.\\nQuestion: Which value is larger? Please fill in the correct answer.\\n\\nPlease fill in the larger value between 0.15 and 0.643: _______.\\n\\nHints\\n\\nWhich of the two numbers you placed on the number line is larger?\\nYou just need to remember whether the larger number is placed on the right or left, but the number line will give you hints; where is 0? Where is 1?\\nFeedback Mechanism\\nCorrect Operation: The screen will display a green \\\"Correct!\\\"\\nIncorrect Operation: The screen will display a red \\\"Incorrect, try another value.\\\"\\nAnswers:\\nFor Task 1: Find the position of 0.15, the correct answer range is from 0.133 to 0.167.\\nFor Task 2: Find the position of 0.643, the correct answer range is from 0.625 to 0.661.\\n\\nThis problem design aims to enhance students' understanding of the relative size of numbers through number line and number comparison activities, and to deepen their understanding of the relative size relationships between numbers through intuitive interaction..Ability level classification criteria:\\nLow-level students typically understand math problems slowly and need more time and help to solve them.\\nMedium-level students have a good understanding of math problems and can independently solve most problems.\\nHigh-level students quickly understand math problems, can efficiently solve complex problems, and can provide multiple solutions.\"\n        },\n        {\n            \"role\": \"assistant\",\n            \"content\": \"To solve the problem, I first read through each task carefully to understand what was required. For Task 1, identifying the position of 0.15 on a number line extending from 0.0 to 1.0, I realized it's closer to 0.1 than to 0.2; so I would locate 0.1 first. From there, I moved slightly to the right of 0.1 to reach the position of 0.15, estimating it would be around halfway between 0.1 and 0.2. I could break the number line into quarters: 0.0, 0.25, 0.5, and 1.0, to help visualize where 0.15 lies.\\n\\nIn Task 2, to find 0.643, I similarly located 0.6 by starting from 0.5, recognizing it would be one-tenth of a mark to the right. Then I estimated moving a little more to the right would bring me to 0.643. In Task 3, I compared 0.15 and 0.643; since 0.643 is further to the right, I concluded it is the larger number. This logic made me confident in the accuracy of my estimations.\"\n        },\n        {\n            \"role\": \"user\",\n            \"content\": \"While solving this problem, what assumptions or predictions are you making? How do you decide on the next steps?\"\n        },\n        {\n            \"role\": \"assistant\",\n            \"content\": \"I made several assumptions while solving the problem. First, I assumed that I could accurately interpret the hints provided, which guided my estimation on the number line. I predicted that locating numbers like 0.1 or 0.6 would give me a strong starting point for more precise locations like 0.15 and 0.643. My next steps were based on the proximity of these numbers to the whole numbers I identified, so if 0.15 is just slightly above 0.1, I resolved to move a small distance to the right. For each task, I relied on my understanding of fractional increments, allowing me to decide intuitively how much to move for each number placement.\"\n        },\n        {\n            \"role\": \"user\",\n            \"content\": \"Did you encounter any challenges or notice any potential errors during your process? If so, how did you identify them?\"\n        },\n        {\n            \"role\": \"assistant\",\n            \"content\": \"I did face challenges, particularly with the finer details of estimating decimal positions. Initially, I hesitated in defining where 0.15 lay after determining 0.1's position; I had to confirm not just whether it was to the right but how far. Similarly, when determining whether 0.643 was closer to 0.6 or 0.7, I needed to ensure I accurately gauged the distance. I identified potential errors by using a mental reference check\u2014the distances between common benchmarks such as 0.5. Comparing my placements against standard decimal scales allowed me to verify that I wasn't misplacing the numbers.\"\n        },\n        {\n            \"role\": \"user\",\n            \"content\": \"Once you identified an error or challenge, how did you go about correcting it? What steps did you take to ensure the solution was accurate?\"\n        },\n        {\n            \"role\": \"assistant\",\n            \"content\": \"When I recognized an error, I took a step back and reassessed my placements on the number line. For instance, in estimating 0.15, if my initial placement felt off, I would return to my reference points like 0.1 and 0.2 to recalibrate. I ensured accuracy by mentally reviewing how each number compares to those benchmarks, confirming that I had positioned numbers correctly relative to others on the line. Additionally, I might sketch a quick number line on paper to visualize my estimates more concretely. Each time I iterated on my placements, I also revisited the numerical values to ensure coherence with the decimal system, which reinforced my confidence in achieving the accurate solution.\"\n        }\n    ]\n}\n```"
}