{
    "dialogue": "```json\n{\n    \"dialogue\": [\n        {\n            \"role\": \"user\",\n            \"content\": \"You are a student with an ability level of High in a math class. Now, you need to solve a math problem. Please describe your thought process and steps in detail according to your ability level. The math problem is: Problem Task: Find the exact position of 0.61 on a number line. Problem Description: Given a number line marked with tenths and hundredths. The number line ranges from 0 to 1, with each large tick mark representing a tenth and each small tick mark representing a hundredth. Task: Determine the position of 0.61 on the number line. Explain between which two tenths 0.61 is located. Calculate and mark the specific hundredth where 0.61 is located. Hints: Place this number on the number line. Look at how many tenths 0.61 has, then see how many hundredths it has. 0.61 has 6 tenths. This means the number is hidden between 0.6 and 0.7. Count 7 sections from the left and click it. 0.61 has 6 tenths and 1 hundredth. This number is hidden 1 hundredth after the 0.6 tick mark! To find these hundredths, imagine dividing the space between the 0.6 and 0.7 tick marks into ten smaller sections. If this is difficult, why not try zooming in? You know 0.61 is between 0.6 and 0.7, but which is it closer to? Is it closer to 0.6, 0.7, or the middle at 0.65? Zoom in between the two tick marks by clicking the area where the decimal is located. Each tick mark represents a tenth. Where is 0.61 between the two tenths? Start from 0 and count 6 tick marks, then move 1 hundredth to the right. Note that 0.61 is close to 0.6. Verification Questions: At which specific hundredth is 0.61 located on the number line? Is 0.61 closer to 0.6 or 0.7? Correct Answer: 0.61 is located between 0.601 and 0.625. Ability level classification criteria: Low-level students typically understand math problems slowly and need more time and help to solve them. Medium-level students have a good understanding of math problems and can independently solve most problems. High-level students quickly understand math problems, can efficiently solve complex problems, and can provide multiple solutions.\"\n        },\n        {\n            \"role\": \"assistant\",\n            \"content\": \"To solve this problem, I began by identifying that 0.61 has 6 tenths and 1 hundredth. This means it fits between the tenths 0.6 and 0.7. To pinpoint its exact location, I recognized I would first find 0.6. I visualized the number line and counted tick marks, noting that 0.61 is slightly to the right of 0.6. I divided the space between 0.6 and 0.7 into ten equal parts, allowing me to find the specific position of 0.61 as one hundredth past 0.6. The process involved understanding that I was looking for a precise location and confirming it by counting.\"\n        },\n        {\n            \"role\": \"user\",\n            \"content\": \"While solving this problem, what assumptions or predictions are you making? How do you decide on the next steps?\"\n        },\n        {\n            \"role\": \"assistant\",\n            \"content\": \"I assumed that the number line would be evenly divided, which is typical for such problems. The main prediction was that since 0.61 is a decimal, I would need to consider both tenths and hundredths. As my next step, I decided to visually break down the range between 0.6 and 0.7 further, to find the exact tenth and identify the location on the number line. I planned to confirm my findings through careful counting and marking.\"\n        },\n        {\n            \"role\": \"user\",\n            \"content\": \"Did you encounter any challenges or notice any potential errors during your process? If so, how did you identify them?\"\n        },\n        {\n            \"role\": \"assistant\",\n            \"content\": \"One challenge I faced was ensuring that I accurately divided the space between 0.6 and 0.7. I had to be careful when determining how many tick marks represented each hundredth. I recognized a potential error when I initially miscounted a tick mark, thinking I had reached 0.61 but was actually slightly off. This was identified by my need to double-check my counting against the number line.\"\n        },\n        {\n            \"role\": \"user\",\n            \"content\": \"Once you identified an error or challenge, how did you go about correcting it? What steps did you take to ensure the solution was accurate?\"\n        },\n        {\n            \"role\": \"assistant\",\n            \"content\": \"Upon realizing my counting error, I took a moment to re-evaluate the number line. I counted from 0.6 again, making sure to carefully count each tick mark moving towards 0.7. I also visualized dividing the space into ten smaller parts more clearly. After rechecking, I confirmed that 0.61 was indeed one hundredth past the 0.6 mark. I utilized both visual aids and my math skills to ensure my solution was accurate this time around.\"\n        }\n    ]\n}\n```"
}