{
    "dialogue": "```json\n{\n    \"dialogue\": [\n        {\n            \"role\": \"user\",\n            \"content\": \"You are a student with an ability level of High in a math class. Now, you need to solve a math problem. Please describe your thought process and steps in detail according to your ability level. The math problem is: Problem Background\\nIn this activity, a number line will be displayed on the screen, and students need to determine the position of a specific value by estimating and comparing numbers.\\n\\nProblem Details\\nTask 1: Find the position of 0.15\\n\\nHints\\n\\nThe number line extends from 0.0 to 1.0.\\nLook at the number 0.15 and think about which position it is closer to: 0, 1, or the middle of the number line at 0.5? You can be creative, such as dividing the number line into quarters!\\nIf this is too difficult, you can also think about which tenth place 0.15 is closer to: 0.1, 0.2, or the middle at 0.15?\\nLet's try estimating the position of 0.15 by first finding 0.1! Start from the left end of the number line at 0.0. 0.1 should be one-tenth of a mark to the right of 0.0. Do you know if 0.15 is to the left or right of 0.1?\\nFinding 0.1 is better than finding 0.2 because finding 0.2 is more complicated. This number is hidden to the right of 0.1. Move half a mark to the right to reach the position of 0.15.\\nTask 2: Find the position of 0.643\\n\\nHints\\n\\nThe number line extends from 0.0 to 1.0.\\nLook at the number 0.643 and think about which position it is closer to: 0, 1, or the middle of the number line at 0.5? You can be creative, such as dividing the number line into quarters!\\nIf this is too difficult, you can also think about which tenth place 0.643 is closer to: 0.6, 0.7, or the middle at 0.65?\\nLet's try estimating the position of 0.643 by first finding 0.6! Start from the middle of the number line at 0.5. 0.6 should be one-tenth of a mark to the right of 0.5. Do you know if 0.643 is to the left or right of 0.6?\\nFinding 0.6 is better than finding 0.7 because finding 0.7 is more complicated. This number is hidden to the right of 0.6. Move half a mark to the right to reach the position of 0.643.\\nTask 3: Determine the larger number (operation corresponding to \\\"larger\\\")\\n\\nProblem\\nNumber line range: From 0.0 to 1.0.\\nTask: On the number line, you have found the values 0.15 and 0.643.\\nQuestion: Which value is larger? Please fill in the correct answer.\\n\\nPlease fill in the larger value between 0.15 and 0.643: _______.\\n\\nHints\\n\\nWhich of the two numbers you placed on the number line is larger?\\nYou just need to remember whether the larger number is placed on the right or left, but the number line will give you hints; where is 0? Where is 1?\\nFeedback Mechanism\\nCorrect Operation: The screen will display a green \\\"Correct!\\\"\\nIncorrect Operation: The screen will display a red \\\"Incorrect, try another value.\\\"\\nAnswers:\\nFor Task 1: Find the position of 0.15, the correct answer range is from 0.133 to 0.167.\\nFor Task 2: Find the position of 0.643, the correct answer range is from 0.625 to 0.661.\\n\\nThis problem design aims to enhance students' understanding of the relative size of numbers through number line and number comparison activities, and to deepen their understanding of the relative size relationships between numbers through intuitive interaction..Ability level classification criteria:\\nLow-level students typically understand math problems slowly and need more time and help to solve them.\\nMedium-level students have a good understanding of math problems and can independently solve most problems.\\nHigh-level students quickly understand math problems, can efficiently solve complex problems, and can provide multiple solutions.\"\n        },\n        {\n            \"role\": \"assistant\",\n            \"content\": \"First, I analyzed the problem requirements and looked at the number line provided, which ranges from 0.0 to 1.0. My first task was to find the position of 0.15 on this number line. I began by identifying key points: 0.0, 0.5, and 1.0, noting that 0.15 is closest to 0.1. This insight helped me estimate that 0.15 would be just a bit to the right of 0.1. Based on the hints, I settled on moving from 0.0 to 0.1 first and then a little to the right, approximating its position to be around 0.15.\\n\\nFor the second task with 0.643, I repeated my thought process but now aimed to find 0.6 first. Starting from 0.5, I moved one-tenth mark to the right, realizing that I could place it accurately based on the distance from 0.5 to 0.6 and then identify that 0.643 is just a fraction to the right of 0.6. Likewise, I prepared for Task 3, knowing I had positioned 0.15 and 0.643 earlier.\\n\\nI mentally reinforced my understanding of the number placements as I pondered the relative sizes of the two numbers for the comparison task.\"\n        },\n        {\n            \"role\": \"user\",\n            \"content\": \"While solving this problem, what assumptions or predictions are you making? How do you decide on the next steps?\"\n        },\n        {\n            \"role\": \"assistant\",\n            \"content\": \"While solving this problem, I made assumptions about the linear nature of the number line, implying that numbers increase as you move to the right. I predicted that I could estimate positions based on proximity to recognizable benchmarks like 0.0, 0.5, and 1.0. For instance, when estimating the position of 0.15, I assumed it would be slightly greater than 0.1 based on my understanding that it is a small decimal. To decide on my next steps, I determined which significant reference points (e.g., 0.1 or 0.6) to locate first and then calculated the necessary increments to accurately reach the values I needed.\"\n        },\n        {\n            \"role\": \"user\",\n            \"content\": \"Did you encounter any challenges or notice any potential errors during your process? If so, how did you identify them?\"\n        },\n        {\n            \"role\": \"assistant\",\n            \"content\": \"Yes, as I worked through the tasks, I faced challenges such as accurately estimating where the numbers would fall on the number line. Initially, I hesitated between the placements of 0.15 and 0.643, particularly questioning my distance increments once or twice. I noticed I might not have positioned 0.15 accurately in relation to 0.1; it could have been too far right or left based on my mental visualization. I identified these issues by cross-referencing my placements with the hints provided and ensuring I adhered to actual decimal values while confirming my logic.\"\n        },\n        {\n            \"role\": \"user\",\n            \"content\": \"Once you identified an error or challenge, how did you go about correcting it? What steps did you take to ensure the solution was accurate?\"\n        },\n        {\n            \"role\": \"assistant\",\n            \"content\": \"Upon recognizing my errors or difficulties, I took several immediate steps to reassess my approach. I carefully revisited the placement of key reference points on the number line, reviewed the hints again, and re-evaluated the increments I had chosen. To ensure accuracy, I visualized each step again and confirmed that my final placements matched the logical distances from 0.0 and 0.5. For example, I ensured that my understanding of 0.15 required a move just right from 0.1 was correct by comparing against known benchmarks. I also double-checked my reasoning for the larger comparison task, reinforcing the conclusion that since 0.643 is to the right of 0.15, it is indeed larger.\"\n        }\n    ]\n}\n```"
}