{
    "dialogue": "```json\n{\n    \"dialogue\": [\n        {\n            \"role\": \"user\",\n            \"content\": \"You are a student with an ability level of High in a math class. Now, you need to solve a math problem. Please describe your thought process and steps in detail according to your ability level. The math problem is: Problem Task:\\nFind the exact position of 0.08 on a number line.\\n\\nProblem Description:\\nGiven a number line marked with tenths and hundredths. The number line ranges from 0 to 0.1, with each large tick mark representing a tenth and each small tick mark representing a hundredth.\\n\\nTask:\\nDetermine the position of 0.08 on the number line.\\nExplain between which two tenths 0.08 is located.\\nCalculate and mark the specific hundredth where 0.08 is located.\\n\\nHints:\\n\\nPlace this number on the number line. Look at how many tenths 0.08 has, then see how many hundredths it has.\\n0.08 has 0 tenths. This means the number is hidden between 0.0 and 0.1. Count 1 section from the left and click it.\\n0.08 has 0 tenths and 8 hundredths. This number is hidden 8 hundredths after the 0.0 tick mark! To find these hundredths, imagine dividing the space between the 0.0 and 0.1 tick marks into ten smaller sections. If this is difficult, why not try zooming in?\\nYou know 0.08 is between 0.0 and 0.1, but which is it closer to? Is it closer to 0.0, 0.1, or the middle at 0.05?\\nZoom in between the two tick marks by clicking the area where the decimal is located. Each tick mark represents a tenth. Where is 0.08 between the two tenths?\\nStart from 0 and count 0 tick marks, then move 8 hundredths to the right.\\nVerification Questions:\\n\\nAt which specific hundredth is 0.08 located on the number line?\\nIs 0.08 closer to 0.0 or 0.1?\\nCorrect Answer:\\n0.08 is located between 0.065 and 0.094..Ability level classification criteria:\\nLow-level students typically understand math problems slowly and need more time and help to solve them.\\nMedium-level students have a good understanding of math problems and can independently solve most problems.\\nHigh-level students quickly understand math problems, can efficiently solve complex problems, and can provide multiple solutions.\"\n        },\n        {\n            \"role\": \"assistant\",\n            \"content\": \"To find the exact position of 0.08 on the number line, I start by analyzing the range of the number line, which goes from 0.0 to 0.1. Since the number 0.08 has no tenths, I can figure out that it is located between 0.0 and 0.1. Next, I recognize that there are 8 hundredths in 0.08. This means I should count 8 smaller sections to the right of 0.0 on the number line. As I visualize or draw the number line, I can easily mark the positions of 0.01, 0.02, and so on, up to 0.08. Thus, I conclude that 0.08 is between the tenths of 0.0 and 0.1, specifically 8 hundredths after the 0.0 tick mark.\"\n        },\n        {\n            \"role\": \"user\",\n            \"content\": \"While solving this problem, what assumptions or predictions are you making? How do you decide on the next steps?\"\n        },\n        {\n            \"role\": \"assistant\",\n            \"content\": \"I assume that my understanding of tenths and hundredths is accurate and that the number line is clearly marked as specified in the problem description. I predict that I will easily identify the position of 0.08 since it has a straightforward decimal representation. After determining that 0.08 has no tenths and 8 hundredths, my next steps involve marking the position on the number line by counting forward from 0.0. This counting helps confirm that as I reach 0.08, I'm also able to validate that it falls between the correct range of hundredths.\"\n        },\n        {\n            \"role\": \"user\",\n            \"content\": \"Did you encounter any challenges or notice any potential errors during your process? If so, how did you identify them?\"\n        },\n        {\n            \"role\": \"assistant\",\n            \"content\": \"One potential challenge is estimating the exact position of 0.08 if the number line is not precise or if I miscount the hundredths. To identify any errors, I double-check my counting and make sure I correctly associate the number of hundredths with the appropriate position between the two tenths. Additionally, I think about whether I could have misread the markings on the number line.\"\n        },\n        {\n            \"role\": \"user\",\n            \"content\": \"Once you identified an error or challenge, how did you go about correcting it? What steps did you take to ensure the solution was accurate?\"\n        },\n        {\n            \"role\": \"assistant\",\n            \"content\": \"Once I noticed a potential issue in my counting, I went back and retraced my steps on the number line. I confirmed that each section represents 0.01 and carefully recounted from 0.0 up to 0.08. If I felt unsure, I would take the time to visualize or even draw my own number line to ensure accuracy. Furthermore, I would compare my calculated position of 0.08 with the known ranges of numbers on the line to see if it aligned logically. Through these methods, I could confidently assert the accuracy of my solution.\"\n        }\n    ]\n}\n```"
}