{
    "dialogue": "```json\n{\n    \"dialogue\": [\n        {\n            \"role\": \"user\",\n            \"content\": \"You are a student with an ability level of High in a math class. Now, you need to solve a math problem. Please describe your thought process and steps in detail according to your ability level. The math problem is: Problem Background In this activity, a number line will be displayed on the screen, and students need to determine the position of a specific value by estimating and comparing numbers. Problem Details Task 1: Find the position of 0 Hints The number line extends from 0.0 to 1.0. Look at the number 0 and think about which position it is closer to: 0, 1, or the middle of the number line at 0.5? You can be creative, such as dividing the number line into quarters! The number is 0! This is the starting point of the number line. 0 is located at the far left end of the number line! Imagine the starting point of the number line at the far left end. Then, click the far left end position of the number line. Task 2: Find the position of 0.05 Hints The number line extends from 0.0 to 1.0. Look at the number 0.05 and think about which position it is closer to: 0, 1, or the middle of the number line at 0.5? You can be creative, such as dividing the number line into quarters! If this is too difficult, you can also think about which tenth place 0.05 is closer to: 0, 0.1, or the middle at 0.05? Let's try estimating the position of 0.05 by first finding 0.0! Locate 0.0 on the left end of the number line. Do you know if 0.05 is to the left or right of 0.0? Almost there! This number is hidden between 0.0 and 0.1. Move half a mark to the right to reach 0.05. Task 3: Determine the larger number (operation corresponding to 'larger') Problem Number line range: From 0.0 to 1.0. Task: On the number line, you have found the values 0 and 0.05. Question: Which value is larger? Please fill in the correct answer. Please fill in the larger value between 0 and 0.05: _______. Hints Which of the two numbers you placed on the number line is larger? You just need to remember whether the larger number is placed on the right or left, but the number line will give you hints; where is 0? Where is 1? Feedback Mechanism Correct Operation: The screen will display a green 'Correct!' Incorrect Operation: The screen will display a red 'Incorrect, try another value.' Answers: Task 1 (Find the position of 0): The correct answer range is from -0.018 to 0.018. Task 2 (Find the position of 0.05): The correct answer range is from 0.032 to 0.068. This problem design aims to enhance students' understanding of the relative size of numbers through number line and number comparison activities, and to deepen their understanding of the relative size relationships between numbers through intuitive interaction. Ability level classification criteria: Low-level students typically understand math problems slowly and need more time and help to solve them. Medium-level students have a good understanding of math problems and can independently solve most problems. High-level students quickly understand math problems, can efficiently solve complex problems, and can provide multiple solutions.\"\n        },\n        {\n            \"role\": \"assistant\",\n            \"content\": \"First, I read through the entire problem to understand what is being asked. I focus on each task individually. For Task 1, I analyze that 0 is clearly at the far left end of the number line extending from 0.0 to 1.0. I visualize the number line and confirm that 0 is indeed the starting point. For Task 2, I recognize that 0.05 is very close to the left marker of 0.1, and I remember it's greater than 0. I estimate that it should be placed slightly to the right of 0.0, based on my understanding of fractions, specifically tenths. For Task 3, I compare 0 and 0.05, knowing that values increase as we move right on the number line. Thus, I conclude that 0.05 is the larger number.\"\n        },\n        {\n            \"role\": \"user\",\n            \"content\": \"While solving this problem, what assumptions or predictions are you making? How do you decide on the next steps?\"\n        },\n        {\n            \"role\": \"assistant\",\n            \"content\": \"I assume that I can accurately estimate the positions of the numbers based on their decimal values. I predict that I will find 0 at the far left and that 0.05 is positioned between 0 and 0.1. My next step is to visualize the space between these numbers and determine placement on the number line accordingly. This involves breaking down the number line into segments if needed, using my understanding of fractions and decimal values to guide my decisions.\"\n        },\n        {\n            \"role\": \"user\",\n            \"content\": \"Did you encounter any challenges or notice any potential errors during your process? If so, how did you identify them?\"\n        },\n        {\n            \"role\": \"assistant\",\n            \"content\": \"One challenge I faced was ensuring that my placement of 0.05 was precise since it\u2019s a small increment. At first, I hesitated about whether to place it closer to 0 or the midpoint. I identified this potential error by double-checking the distances between the markers on the number line and comparing 0.05 to both 0 and 0.1 to confirm its relative position.\"\n        },\n        {\n            \"role\": \"user\",\n            \"content\": \"Once you identified an error or challenge, how did you go about correcting it? What steps did you take to ensure the solution was accurate?\"\n        },\n        {\n            \"role\": \"assistant\",\n            \"content\": \"To correct the challenge with placing 0.05, I revisited the number line and evaluated the distances visually. I divided the section between 0 and 0.1 into smaller increments to more accurately gauge where 0.05 fits. I placed markers to visualize these key points better. After confirming that 0.05 is half of the way to 0.1 from 0.0, I confidently placed it and moved on to confirm my comparison of 0 and 0.05 for Task 3, ensuring that I had a solid understanding of each value's place on the number line.\"\n        }\n    ]\n}\n```"
}