{
    "dialogue": "```json\n{\n    \"dialogue\": [\n        {\n            \"role\": \"user\",\n            \"content\": \"You are a student with an ability level of High in a math class. Now, you need to solve a math problem. Please describe your thought process and steps in detail according to your ability level. The math problem is: Problem Background\\nIn this activity, a number line will be displayed on the screen, and students need to determine the position of a specific value by estimating and comparing numbers.\\n\\nProblem Details\\nTask 1: Find the position of 0.5\\n\\nHints\\n\\nThe number line extends from 0.0 to 1.0.\\nLook at the number 0.5 and think about which position it is closer to: 0, 1, or the middle of the number line at 0.5? You can be creative, such as dividing the number line into quarters!\\nThe number is 0.5! This is half of 1. Where would you find 0.5 on the number line?\\n0.5 is located in the middle of the number line!\\nImagine the number line is divided into two halves. Then, click the middle position of the number line.\\nTask 2: Find the position of 0.275\\n\\nHints\\n\\nThe number line extends from 0.0 to 1.0.\\nLook at the number 0.275 and think about which position it is closer to: 0, 1, or the middle of the number line at 0.5? You can be creative, such as dividing the number line into quarters!\\nIf this is too difficult, you can also think about which quartile or tenth place 0.275 is closer to: 0.2, 0.3, or the middle at 0.25?\\nDo you know that one-quarter of the number line is 0.25? This is very close to 0.275! Imagine the number line is divided into four parts, then count one large, imaginary section to the right from 0.0, which is 0.25.\\nAlmost there! This number is hidden to the right of 0.25, which is one-quarter of the number line. Move less than half a mark to the right to reach 0.275.\\nTask 3: Determine the larger number (operation corresponding to \\\"larger\\\")\\n\\nProblem\\nNumber line range: From 0.0 to 1.0.\\nTask: On the number line, you have found the values 0.5 and 0.275.\\nQuestion: Which value is larger? Please fill in the correct answer.\\n\\nPlease fill in the larger value between 0.5 and 0.275: _______.\\n\\nHints\\n\\nWhich of the two numbers you placed on the number line is larger?\\nYou just need to remember whether the larger number is placed on the right or left, but the number line will give you hints; where is 0? Where is 1?\\nFeedback Mechanism\\nCorrect Operation: The screen will display a green \\\"Correct!\\\"\\nIncorrect Operation: The screen will display a red \\\"Incorrect, try another value.\\\"\\nAnswers:\\nTask 1 (Find the position of 0.5): The correct answer range is from 0.482 to 0.518.\\nTask 2 (Find the position of 0.275): The correct answer range is from 0.257 to 0.293.\\n\\nThis problem design aims to enhance students' understanding of the relative size of numbers through number line and number comparison activities, and to deepen their understanding of the relative size relationships between numbers through intuitive interaction..Ability level classification criteria:\\nLow-level students typically understand math problems slowly and need more time and help to solve them.\\nMedium-level students have a good understanding of math problems and can independently solve most problems.\\nHigh-level students quickly understand math problems, can efficiently solve complex problems, and can provide multiple solutions.\"\n        },\n        {\n            \"role\": \"assistant\",\n            \"content\": \"First, I read the entire problem and analyzed each task carefully. For Task 1, I focused on finding the position of 0.5 on the number line, which is straightforward since 0.5 is located exactly in the middle of the number line spanning from 0.0 to 1.0. I visualized the number line divided into two equal halves and confidently clicked the middle position.\\n\\nFor Task 2, I approached finding the position of 0.275. The hints helped me realize that 0.275 is closer to 0.25, which is a quarter of the number line, and I estimated its position by moving slightly to the right of 0.25. I thought about how 0.275 is between 0.25 and 0.3, visually plotting where it would fall on the line. \\n\\nIn Task 3, I needed to compare 0.5 and 0.275. I knew that since 0.5 is to the right of 0.275, it must be the larger number; therefore, I determined 0.5 as the correct answer.\"\n        },\n        {\n            \"role\": \"user\",\n            \"content\": \"While solving this problem, what assumptions or predictions are you making? How do you decide on the next steps?\"\n        },\n        {\n            \"role\": \"assistant\",\n            \"content\": \"While solving the problem, I assumed that the number line accurately represents the linear relationships between numbers, meaning the further right a number is, the larger it is. For Task 1 with 0.5, I predicted it would be straightforward since I know that 0.5 is the midpoint. For Task 2, I assumed that moving slightly right of 0.25 would lead me to 0.275. In deciding my next steps, I relied heavily on the hints provided and my understanding of relative sizes. For each task, after estimating the position, I confirmed my placement visually and contextually compared the values before finalizing my answer.\"\n        },\n        {\n            \"role\": \"user\",\n            \"content\": \"Did you encounter any challenges or notice any potential errors during your process? If so, how did you identify them?\"\n        },\n        {\n            \"role\": \"assistant\",\n            \"content\": \"I did encounter some challenges while estimating the positions of the numbers. Initially, I was unsure about exactly how far to move for 0.275; I had to pause and think about the distance from 0.25 carefully. I identified potential errors by checking my estimated placements. For example, if I misplaced 0.275 too far from the quarter marks, that would indicate an inaccuracy in my understanding. My knowledge of decimal places also played a role; I had to remind myself of how modestly 0.275 should appear in the fractional context of the number line.\"\n        },\n        {\n            \"role\": \"user\",\n            \"content\": \"Once you identified an error or challenge, how did you go about correcting it? What steps did you take to ensure the solution was accurate?\"\n        },\n        {\n            \"role\": \"assistant\",\n            \"content\": \"Once I identified an error or uncertainty in my placement, I went back to the visual representation of the number line. I clearly marked the benchmarks, like 0.0, 0.25, and 0.5, to better visualize the differences. For 0.275, I used the benchmark of 0.25 to estimate that I needed to move just a bit right of it. I also double-checked my understanding of fractions to reinforce where 0.275 belonged. This step-by-step verification helped ensure that my final placements were accurate. By taking the time to reassess my understanding after each task, I was able to arrive at the correct answers confidently.\"\n        }\n    ]\n}\n```"
}