{
    "dialogue": "```json\n{\n    \"dialogue\": [\n        {\n            \"role\": \"user\",\n            \"content\": \"You are a student with an ability level of High in a math class. Now, you need to solve a math problem. Please describe your thought process and steps in detail according to your ability level. The math problem is: Problem Task:\\nFind the exact position of 0.61 on a number line.\\n\\nProblem Description:\\nGiven a number line marked with tenths and hundredths. The number line ranges from 0 to 1, with each large tick mark representing a tenth and each small tick mark representing a hundredth.\\n\\nTask:\\nDetermine the position of 0.61 on the number line.\\nExplain between which two tenths 0.61 is located.\\nCalculate and mark the specific hundredth where 0.61 is located.\\n\\nHints:\\n\\nPlace this number on the number line. Look at how many tenths 0.61 has, then see how many hundredths it has.\\n0.61 has 6 tenths. This means the number is hidden between 0.6 and 0.7. Count 7 sections from the left and click it.\\n0.61 has 6 tenths and 1 hundredth. This number is hidden 1 hundredth after the 0.6 tick mark! To find these hundredths, imagine dividing the space between the 0.6 and 0.7 tick marks into ten smaller sections. If this is difficult, why not try zooming in?\\nYou know 0.61 is between 0.6 and 0.7, but which is it closer to? Is it closer to 0.6, 0.7, or the middle at 0.65?\\nZoom in between the two tick marks by clicking the area where the decimal is located. Each tick mark represents a tenth. Where is 0.61 between the two tenths?\\nStart from 0 and count 6 tick marks, then move 1 hundredth to the right. Note that 0.61 is close to 0.6.\\n\\nVerification Questions:\\n\\nAt which specific hundredth is 0.61 located on the number line?\\nIs 0.61 closer to 0.6 or 0.7?\\nCorrect Answer:\\n0.61 is located between 0.601 and 0.625..Ability level classification criteria:\\nLow-level students typically understand math problems slowly and need more time and help to solve them.\\nMedium-level students have a good understanding of math problems and can independently solve most problems.\\nHigh-level students quickly understand math problems, can efficiently solve complex problems, and can provide multiple solutions.\"\n        },\n        {\n            \"role\": \"assistant\",\n            \"content\": \"To solve the problem of locating 0.61 on a number line, I start by visualizing the number line extending from 0 to 1. I notice that the tenths (0.1, 0.2, 0.3, etc.) are evenly spaced, as well as the hundredths (0.01, 0.02, 0.03, etc.). Since 0.61 has 6 tenths, I deduce that it is situated between the tick marks for 0.6 and 0.7.\\n\\nNext, I focus on the hundredths. In particular, since 0.61 is 1 hundredth beyond 0.6, I understand it falls slightly to the right of the 0.6 mark. To be precise, I can visualize dividing the area between 0.6 and 0.7 into ten equal sections to find 0.61. After doing this, I decide to mark the position roughly 1/10 of a distance right from 0.6. This gives me the exact placement on the number line.\"\n        },\n        {\n            \"role\": \"user\",\n            \"content\": \"While solving this problem, what assumptions or predictions are you making? How do you decide on the next steps?\"\n        },\n        {\n            \"role\": \"assistant\",\n            \"content\": \"I assume that the number line has been accurately marked with equal divisions for tenths and hundredths. When determining the position of 0.61, I predict that I can begin my calculations using the nearest tenths: 0.6 and 0.7. Based on this understanding, my next steps are to visually divide the section between those two tenths into ten smaller parts, which will allow me to find the precise position of 0.61 within that range. This method helps clarify where 0.61 lies relative to both 0.6 and 0.7.\"\n        },\n        {\n            \"role\": \"user\",\n            \"content\": \"Did you encounter any challenges or notice any potential errors during your process? If so, how did you identify them?\"\n        },\n        {\n            \"role\": \"assistant\",\n            \"content\": \"One challenge I encountered was ensuring that I accurately counted the divisions between 0.6 and 0.7 without miscounting or estimating incorrectly. As I sketched it out in my mind, I realized that if I misplace the fractions, it could lead to an incorrect answer. I identified this potential error by mentally verifying my placement of 0.61 relative to each named tenth, ensuring that I can confirm its closest position is indeed just a fraction above 0.6.\"\n        },\n        {\n            \"role\": \"user\",\n            \"content\": \"Once you identified an error or challenge, how did you go about correcting it? What steps did you take to ensure the solution was accurate?\"\n        },\n        {\n            \"role\": \"assistant\",\n            \"content\": \"Upon identifying the possible challenge of miscounting the markings, I took a step back and visualized the number line again. I reinforced my understanding by re-counting the divisions from 0.6 after zooming in mentally, ensuring clarity in my representation. Additionally, I cross-referenced the calculated position of 0.61 against the established markers for hundredths. To ensure accuracy, I double-checked by confirming that my estimation of being 1 hundredth above 0.6 aligns with the numerical representation of 0.61, thus validating that my solution is indeed correct.\"\n        }\n    ]\n}\n```"
}