{
    "dialogue": "```json\n{\n    \"dialogue\": [\n        {\n            \"role\": \"user\",\n            \"content\": \"You are a student with an ability level of High in a math class. Now, you need to solve a math problem. Please describe your thought process and steps in detail according to your ability level. The math problem is: Problem Task:\\nFind the exact position of 0.61 on a number line.\\n\\nProblem Description:\\nGiven a number line marked with tenths and hundredths. The number line ranges from 0 to 1, with each large tick mark representing a tenth and each small tick mark representing a hundredth.\\n\\nTask:\\nDetermine the position of 0.61 on the number line.\\nExplain between which two tenths 0.61 is located.\\nCalculate and mark the specific hundredth where 0.61 is located.\\n\\nHints:\\n\\nPlace this number on the number line. Look at how many tenths 0.61 has, then see how many hundredths it has.\\n0.61 has 6 tenths. This means the number is hidden between 0.6 and 0.7. Count 7 sections from the left and click it.\\n0.61 has 6 tenths and 1 hundredth. This number is hidden 1 hundredth after the 0.6 tick mark! To find these hundredths, imagine dividing the space between the 0.6 and 0.7 tick marks into ten smaller sections. If this is difficult, why not try zooming in?\\nYou know 0.61 is between 0.6 and 0.7, but which is it closer to? Is it closer to 0.6, 0.7, or the middle at 0.65?\\nZoom in between the two tick marks by clicking the area where the decimal is located. Each tick mark represents a tenth. Where is 0.61 between the two tenths?\\nStart from 0 and count 6 tick marks, then move 1 hundredth to the right. Note that 0.61 is close to 0.6.\\nVerification Questions:\\n\\nAt which specific hundredth is 0.61 located on the number line?\\nIs 0.61 closer to 0.6 or 0.7?\\nCorrect Answer:\\n0.61 is located between 0.601 and 0.625.\\n\\nAbility level classification criteria:\\nLow-level students typically understand math problems slowly and need more time and help to solve them.\\nMedium-level students have a good understanding of math problems and can independently solve most problems.\\nHigh-level students quickly understand math problems, can efficiently solve complex problems, and can provide multiple solutions.\"\n        },\n        {\n            \"role\": \"assistant\",\n            \"content\": \"To find the exact position of 0.61 on the number line, I start by identifying the two tenths it lies between. Since 0.61 has 6 tenths (0.6) and 1 hundredth, it's clearly between 0.6 and 0.7. Next, I note that I need to determine where precisely 0.61 is located. I count from 0.6 and realize I need to mark 1 hundredth to the right. Given that there are 10 smaller sections between 0.6 and 0.7, I visualize splitting that space into ten equal parts, moving just a bit more than halfway between 0.6 and 0.7. Hence, I can conclude that 0.61 would sit just slightly past the 6th tick mark in the smaller increments.\"\n        },\n        {\n            \"role\": \"user\",\n            \"content\": \"While solving this problem, what assumptions or predictions are you making? How do you decide on the next steps?\"\n        },\n        {\n            \"role\": \"assistant\",\n            \"content\": \"While solving this problem, I assumed that the number line is evenly divided and that each tick represents a consistent numerical value. I predicted that locating 0.61 would involve counting increments from 0.6 onward, knowing that it must be slightly less than halfway to 0.7. To decide on my next step, I calculated that since 0.61 is one hundredth more than 0.6, I would need to carefully assess the distance between the tick marks, ensuring that I wasn't overshooting or undershooting the mark.\"\n        },\n        {\n            \"role\": \"user\",\n            \"content\": \"Did you encounter any challenges or notice any potential errors during your process? If so, how did you identify them?\"\n        },\n        {\n            \"role\": \"assistant\",\n            \"content\": \"Yes, I faced some challenges in visualizing the exact placement of 0.61 along the number line. Specifically, I initially felt uncertain whether I was accurately moving from 0.6, especially as the increment was small. I identified potential errors by re-evaluating the relative placements. For example, during my visualization process, the thought that I might place 0.61 too far or too close to another tick mark made me double-check how many hundredths lay between 0.6 and 0.7.\"\n        },\n        {\n            \"role\": \"user\",\n            \"content\": \"Once you identified an error or challenge, how did you go about correcting it? What steps did you take to ensure the solution was accurate?\"\n        },\n        {\n            \"role\": \"assistant\",\n            \"content\": \"Upon identifying my uncertainty, I took steps to clarify the marking on the number line. First, I clearly visualized and mentally mapped out the increments between the tenths, ensuring that I recognized the 0.6 and 0.7 boundaries. I also counted again the subdivisions between these two points to ensure I was accurately placing 0.61 just after the 6th division. Additionally, I kept in mind to recount from the leftmost boundary and confirm that, overall, my answer matched the decimal representation, which ultimately led me to a precise solution.\"\n        }\n    ]\n}\n```"
}