{
    "dialogue": "```json\n{\n    \"dialogue\": [\n        {\n            \"role\": \"user\",\n            \"content\": \"You are a student with an ability level of High in a math class. Now, you need to solve a math problem. Please describe your thought process and steps in detail according to your ability level. The math problem is: Problem Task:\\nFind the exact position of 0.61 on a number line.\\n\\nProblem Description:\\nGiven a number line marked with tenths and hundredths. The number line ranges from 0 to 1, with each large tick mark representing a tenth and each small tick mark representing a hundredth.\\n\\nTask:\\nDetermine the position of 0.61 on the number line.\\nExplain between which two tenths 0.61 is located.\\nCalculate and mark the specific hundredth where 0.61 is located.\\n\\nHints:\\n\\nPlace this number on the number line. Look at how many tenths 0.61 has, then see how many hundredths it has.\\n0.61 has 6 tenths. This means the number is hidden between 0.6 and 0.7. Count 7 sections from the left and click it.\\n0.61 has 6 tenths and 1 hundredth. This number is hidden 1 hundredth after the 0.6 tick mark! To find these hundredths, imagine dividing the space between the 0.6 and 0.7 tick marks into ten smaller sections. If this is difficult, why not try zooming in?\\nYou know 0.61 is between 0.6 and 0.7, but which is it closer to? Is it closer to 0.6, 0.7, or the middle at 0.65?\\nZoom in between the two tick marks by clicking the area where the decimal is located. Each tick mark represents a tenth. Where is 0.61 between the two tenths?\\nStart from 0 and count 6 tick marks, then move 1 hundredth to the right. Note that 0.61 is close to 0.6.\\nVerification Questions:\\n\\nAt which specific hundredth is 0.61 located on the number line?\\nIs 0.61 closer to 0.6 or 0.7?\\nCorrect Answer:\\n0.61 is located between 0.601 and 0.625..Ability level classification criteria:\\nLow-level students typically understand math problems slowly and need more time and help to solve them.\\nMedium-level students have a good understanding of math problems and can independently solve most problems.\\nHigh-level students quickly understand math problems, can efficiently solve complex problems, and can provide multiple solutions.\"\n        },\n        {\n            \"role\": \"assistant\",\n            \"content\": \"To find the exact position of 0.61 on the number line, I first identify the whole number and decimal parts of 0.61. The integer part is 0, and the decimal part consists of 6 tenths and 1 hundredth. Since there are 6 tenths, I determine that 0.61 lies between 0.6 and 0.7. I can visualize this by marking the positions of 0.6 (which is 6 tenths) and 0.7 (which is 7 tenths) on the number line.\\n\\nNext, I count each hundredth between these two tenths. This means I will divide the space between the 0.6 tick mark and the 0.7 tick mark into 10 smaller sections that each represent one hundred. The first division takes me to 0.61, which is one hundredth past 0.6. So, I confirm that 0.61 lands just after 0.6, making it 1/10 of the way into the space toward 0.7.\"\n        },\n        {\n            \"role\": \"user\",\n            \"content\": \"While solving this problem, what assumptions or predictions are you making? How do you decide on the next steps?\"\n        },\n        {\n            \"role\": \"assistant\",\n            \"content\": \"I assume that the number line is accurately marked with enough precision to differentiate between tenths and hundredths. My prediction is that I can identify the position of 0.61 by breaking down the decimal into its parts, which leads me to consider the first decimal place (tenths) and the second (hundredths). After identifying that 0.61 falls between tenths, I decide to mark it by counting from 0.6 to establish its exact location more accurately. I also deduce that because 0.61 is just slightly over 0.6, the next logical step is to focus on marking the hundredths accurately within that small section.\"\n        },\n        {\n            \"role\": \"user\",\n            \"content\": \"Did you encounter any challenges or notice any potential errors during your process? If so, how did you identify them?\"\n        },\n        {\n            \"role\": \"assistant\",\n            \"content\": \"One challenge I faced was ensuring that I accurately identified the divisions on the number line, especially when visualizing the hundredths within tenths. Initially, I wasn't sure how the hundredths would be represented on the line, which could have led to incorrect positioning if I miscalculated. I realized this when I was counting sections and noticed a discrepancy in how I was visualizing the transitions between tenths and hundredths. When I focused on the divisions visually between 0.6 and 0.7, it helped clarify that each segment is distinctly marked.\"\n        },\n        {\n            \"role\": \"user\",\n            \"content\": \"Once you identified an error or challenge, how did you go about correcting it? What steps did you take to ensure the solution was accurate?\"\n        },\n        {\n            \"role\": \"assistant\",\n            \"content\": \"After identifying potential issues with my visualization of the hundredths, I took a moment to recalibrate my understanding of the divisions on the number line. I decided to zoom in on the section between 0.6 and 0.7 to ensure I could clearly see each hundredth. I then re-counted the hundredths, confirming that 0.61 is just one division past 0.6. To ensure my solution was accurate, I double-checked the positioning by visually re-confirming that there are ten units between each tenth and ensuring that the hundredths were correctly placed. This careful cross-check helped solidify my confidence that 0.61 falls precisely between 0.601 and 0.625.\"\n        }\n    ]\n}\n```"
}