{
    "dialogue": "```json\n{\n    \"dialogue\": [\n        {\n            \"role\": \"user\",\n            \"content\": \"You are a student with an ability level of High in a math class. Now, you need to solve a math problem. Please describe your thought process and steps in detail according to your ability level. The math problem is: Problem Background\\nIn this activity, a number line will be displayed on the screen, and students need to determine the position of a specific value by estimating and comparing numbers.\\n\\nProblem Details\\nTask 1: Find the position of 0.72\\n\\nHints\\n\\nThe number line extends from 0.0 to 1.0.\\nLook at the number 0.72 and think about which position it is closer to: 0, 1, or the middle of the number line at 0.5? You can be creative, such as dividing the number line into quarters!\\nIf this is too difficult, you can also think about which tenth place 0.72 is closer to: 0.7, 0.8, or the middle at 0.75?\\nFinding 0.7 is tricky, but do you know that the three-quarter position of the number line is 0.75? This is very close to 0.72! Imagine the number line is divided into four parts, then count three large, imaginary sections to the right from 0.0.\\nAlmost there! This number is hidden to the left of 0.75, which is three-quarters of the number line. Move less than half a mark to the left to reach 0.72.\\nTask 2: Find the position of 0.084\\n\\nHints\\n\\nThe number line extends from 0.0 to 1.0.\\nLook at the number 0.084 and think about which position it is closer to: 0, 1, or the middle of the number line at 0.5? You can be creative, such as dividing the number line into quarters!\\nIf this is too difficult, you can also think about which tenth place 0.084 is closer to: 0, 0.1, or the middle at 0.05?\\nLet's try estimating the position of 0.084 by first finding 0.1! Finding 0.1 is somewhat difficult, but do you know that one-tenth of the number line is 0.1? This is very close to 0.084! Imagine the number line is divided into ten parts, then count one large, imaginary section to the right from 0.0.\\nAlmost there! This number is hidden to the left of 0.1, which is one-tenth of the number line. Move less than a full mark to the left to reach 0.084.\\nTask 3: Determine the larger number (operation corresponding to \\\"larger\\\")\\n\\nProblem\\nNumber line range: From 0.0 to 1.0.\\nTask: On the number line, you have found the values 0.72 and 0.084.\\nQuestion: Which value is larger? Please fill in the correct answer.\\n\\nPlease fill in the larger value between 0.72 and 0.084: _______.\\n\\nHints\\n\\nWhich of the two numbers you placed on the number line is larger?\\nYou just need to remember whether the larger number is placed on the right or left, but the number line will give you hints; where is 0? Where is 1?\\nFeedback Mechanism\\nCorrect Operation: The screen will display a green \\\"Correct!\\\"\\nIncorrect Operation: The screen will display a red \\\"Incorrect, try another value.\\\"\\nAnswers:\\nTask 1 (Find the position of 0.72): The correct answer range is from 0.702 to 0.738.\\nTask 2 (Find the position of 0.084): The correct answer range is from 0.066 to 0.102.\\n\\nThis problem design aims to enhance students' understanding of the relative size of numbers through number line and number comparison activities, and to deepen their understanding of the relative size relationships between numbers through intuitive interaction..Ability level classification criteria:\\nLow-level students typically understand math problems slowly and need more time and help to solve them.\\nMedium-level students have a good understanding of math problems and can independently solve most problems.\\nHigh-level students quickly understand math problems, can efficiently solve complex problems, and can provide multiple solutions.\"\n        },\n        {\n            \"role\": \"assistant\",\n            \"content\": \"To tackle this problem, my first step is to understand the tasks at hand. I look closely at the number line extending from 0.0 to 1.0, where I need to place the number 0.72. I first consider the hints provided, assessing that 0.72 is closest to 0.75, which is an important reference point on the line. Since 0.72 is slightly less than 0.75, I can estimate that it lies just to the left of that position, likely around a fraction in between that section. \\n\\nNext, I move on to the second task where I need to find the position of 0.084. I analyze the hints, noting that 0.084 is much closer to 0.0 than to 1.0 or the middle of the number line. I imagine dividing the line into tenths, realizing that 0.084 is slightly left of 0.1, and I estimate that it should reside just to the left of that point.\\n\\nFinally, for the third task, I compare the two values I've placed. I remember that the number on the right of the number line will always be larger. Since 0.72 is clearly to the right of 0.084, I arrive at the conclusion that 0.72 is the larger number.\"\n        },\n        {\n            \"role\": \"user\",\n            \"content\": \"While solving this problem, what assumptions or predictions are you making? How do you decide on the next steps?\"\n        },\n        {\n            \"role\": \"assistant\",\n            \"content\": \"While solving this problem, I made several assumptions based on my understanding of decimal values and their positions on a number line. I predicted that I could visually locate 0.72 and 0.084 effectively based on their proximity to well-known points like 0.0 and 1.0. I assumed that moving right along the number line corresponds to increasing values and that moving left corresponds to decreases. \\n\\nWhen estimating the position of 0.72, I anticipated that it would be a little less than three-quarters of the way from 0 to 1, so I decided to visualize this as looking between 0.7 and 0.75. Similarly, when estimating 0.084, I knew it would be very close to 0, so I opted to think incrementally from 0. It guided me to break down the problem into smaller parts, placing attention on those critical reference values.\"\n        },\n        {\n            \"role\": \"user\",\n            \"content\": \"Did you encounter any challenges or notice any potential errors during your process? If so, how did you identify them?\"\n        },\n        {\n            \"role\": \"assistant\",\n            \"content\": \"Yes, I did encounter challenges, particularly in the initial estimation of the numbers on the number line. When locating 0.72, I had a moment where I misjudged its closeness to 0.75 and underplayed how much I needed to move left. I realized this when it didn't align with the expected position upon reviewing the number line after inputting the number. \\n\\nWith 0.084, I also briefly stumbled in accurately estimating how close it actually is to 0.1, initially thinking it might be further right than it is. I identified these challenges by closely revisiting my earlier placements and ensuring they matched the decimal values established in the hints.\"\n        },\n        {\n            \"role\": \"user\",\n            \"content\": \"Once you identified an error or challenge, how did you go about correcting it? What steps did you take to ensure the solution was accurate?\"\n        },\n        {\n            \"role\": \"assistant\",\n            \"content\": \"Once I identified the errors, I took several corrective measures. First, I retraced my steps and re-evaluated the positions I had placed on the number line. I specifically revisited the benchmarks, 0.7 and 0.75, to clarify how much increment I needed to accurately represent 0.72. \\n\\nFor 0.084, I focused on the interval between 0 and 0.1 to recheck my placement, evaluating whether I had accounted for the decimal properly. I counted the intervals methodically to confirm that 0.084 rightly fell between 0.07 and 0.1, moving left just slightly from the 0.1 mark. \\n\\nBy taking these steps, I ensured that my placements were consistent with what I understood about their respective values, which ultimately helped me arrive at accurate answers for both tasks.\"\n        }\n    ]\n}\n```"
}