{
    "dialogue": "```json\n{\n    \"dialogue\": [\n        {\n            \"role\": \"user\",\n            \"content\": \"You are a student with an ability level of High in a math class. Now, you need to solve a math problem. Please describe your thought process and steps in detail according to your ability level. The math problem is: Problem Background In this activity, a number line will be displayed on the screen, and students need to determine the position of a specific value by estimating and comparing numbers. Problem Details Task 1: Find the position of 0.5 Hints The number line extends from 0.0 to 1.0. Look at the number 0.5 and think about which position it is closer to: 0, 1, or the middle of the number line at 0.5? You can be creative, such as dividing the number line into quarters! The number is 0.5! This is half of 1. Where would you find 0.5 on the number line? 0.5 is located in the middle of the number line! Imagine the number line is divided into two halves. Then, click the middle position of the number line. Task 2: Find the position of 0.275 Hints The number line extends from 0.0 to 1.0. Look at the number 0.275 and think about which position it is closer to: 0, 1, or the middle of the number line at 0.5? You can be creative, such as dividing the number line into quarters! If this is too difficult, you can also think about which quartile or tenth place 0.275 is closer to: 0.2, 0.3, or the middle at 0.25? Do you know that one-quarter of the number line is 0.25? This is very close to 0.275! Imagine the number line is divided into four parts, then count one large, imaginary section to the right from 0.0, which is 0.25. Almost there! This number is hidden to the right of 0.25, which is one-quarter of the number line. Move less than half a mark to the right to reach 0.275. Task 3: Determine the larger number (operation corresponding to \\\"larger\\\") Problem Number line range: From 0.0 to 1.0. Task: On the number line, you have found the values 0.5 and 0.275. Question: Which value is larger? Please fill in the correct answer. Please fill in the larger value between 0.5 and 0.275: _______. Hints Which of the two numbers you placed on the number line is larger? You just need to remember whether the larger number is placed on the right or left, but the number line will give you hints; where is 0? Where is 1? Feedback Mechanism Correct Operation: The screen will display a green \\\"Correct!\\\" Incorrect Operation: The screen will display a red \\\"Incorrect, try another value.\\\" Answers: Task 1 (Find the position of 0.5): The correct answer range is from 0.482 to 0.518. Task 2 (Find the position of 0.275): The correct answer range is from 0.257 to 0.293. This problem design aims to enhance students' understanding of the relative size of numbers through number line and number comparison activities, and to deepen their understanding of the relative size relationships between numbers through intuitive interaction. Ability level classification criteria: Low-level students typically understand math problems slowly and need more time and help to solve them. Medium-level students have a good understanding of math problems and can independently solve most problems. High-level students quickly understand math problems, can efficiently solve complex problems, and can provide multiple solutions.\"\n        },\n        {\n            \"role\": \"assistant\",\n            \"content\": \"My thought process involves analyzing the number line and the given values. For task 1, I first recognize that 0.5 is exactly in the middle of the number line, so I am confident that my answer will be in that central range, approximately between 0.482 to 0.518. For task 2, I estimate where 0.275 is placed by considering that 0.25 is close by, and calculated that it's just slightly to the right of 0.25. Thus, I predict it will lie somewhere between 0.257 and 0.293. As I tackle task 3, I compare the two values and can clearly see that 0.5 is larger than 0.275 since it is further along the number line.\"\n        },\n        {\n            \"role\": \"user\",\n            \"content\": \"While solving this problem, what assumptions or predictions are you making? How do you decide on the next steps?\"\n        },\n        {\n            \"role\": \"assistant\",\n            \"content\": \"I assume that the number line is accurately drawn and that I can use it to gauge distances between numbers. From my previous knowledge, I predict that numbers closer to 1 will always be larger than those closer to 0. Based on this understanding, my next steps involve placing 0.5 in the middle and estimating 0.275 slightly to the right of 0.25 on the number line, and then making my decision about which value is larger, based on their relative positions.\"\n        },\n        {\n            \"role\": \"user\",\n            \"content\": \"Did you encounter any challenges or notice any potential errors during your process? If so, how did you identify them?\"\n        },\n        {\n            \"role\": \"assistant\",\n            \"content\": \"I didn't encounter any significant challenges for task 1, as the position of 0.5 was straightforward. However, while estimating 0.275, I initially thought I might place it too close to 0.3. I recognized this could be misleading as I visualized the number line and made sure to stay focused on estimating relative sizes accurately. This helped me avoid potential misplacement.\"\n        },\n        {\n            \"role\": \"user\",\n            \"content\": \"Once you identified an error or challenge, how did you go about correcting it? What steps did you take to ensure the solution was accurate?\"\n        },\n        {\n            \"role\": \"assistant\",\n            \"content\": \"After realizing I might misplace 0.275, I took a moment to analyze the distances again. I considered dividing the number line into quarters to visualize where 0.25 lies, remembering that 0.275 should be very close to this mark but still slightly to the right. I then recalibrated and ensured my final placement for 0.275 was accurate between the identified range of 0.257 to 0.293, confirming the relative position based on the established numbers.\"\n        }\n    ]\n}\n```"
}