{
    "dialogue": "```json\n{\n    \"dialogue\": [\n        {\n            \"role\": \"user\",\n            \"content\": \"You are a student with an ability level of High in a math class. Now, you need to solve a math problem. Please describe your thought process and steps in detail according to your ability level. The math problem is: Problem Background\\nIn this activity, a number line will be displayed on the screen, and students need to determine the position of a specific value by estimating and comparing numbers.\\n\\nProblem Details\\nTask 1: Find the position of 0.5\\n\\nHints\\n\\nThe number line extends from 0.0 to 1.0.\\nLook at the number 0.5 and think about which position it is closer to: 0, 1, or the middle of the number line at 0.5? You can be creative, such as dividing the number line into quarters!\\nThe number is 0.5! This is half of 1. Where would you find 0.5 on the number line?\\n0.5 is located in the middle of the number line!\\nImagine the number line is divided into two halves. Then, click the middle position of the number line.\\nTask 2: Find the position of 0.275\\n\\nHints\\n\\nThe number line extends from 0.0 to 1.0.\\nLook at the number 0.275 and think about which position it is closer to: 0, 1, or the middle of the number line at 0.5? You can be creative, such as dividing the number line into quarters!\\nIf this is too difficult, you can also think about which quartile or tenth place 0.275 is closer to: 0.2, 0.3, or the middle at 0.25?\\nDo you know that one-quarter of the number line is 0.25? This is very close to 0.275! Imagine the number line is divided into four parts, then count one large, imaginary section to the right from 0.0, which is 0.25.\\nAlmost there! This number is hidden to the right of 0.25, which is one-quarter of the number line. Move less than half a mark to the right to reach 0.275.\\nTask 3: Determine the larger number (operation corresponding to \\\"larger\\\")\\n\\nProblem\\nNumber line range: From 0.0 to 1.0.\\nTask: On the number line, you have found the values 0.5 and 0.275.\\nQuestion: Which value is larger? Please fill in the correct answer.\\n\\nPlease fill in the larger value between 0.5 and 0.275: _______.\\n\\nHints\\n\\nWhich of the two numbers you placed on the number line is larger?\\nYou just need to remember whether the larger number is placed on the right or left, but the number line will give you hints; where is 0? Where is 1?\\nFeedback Mechanism\\nCorrect Operation: The screen will display a green \\\"Correct!\\\"\\nIncorrect Operation: The screen will display a red \\\"Incorrect, try another value.\\\"\\nAnswers:\\nTask 1 (Find the position of 0.5): The correct answer range is from 0.482 to 0.518.\\nTask 2 (Find the position of 0.275): The correct answer range is from 0.257 to 0.293.\\n\\nThis problem design aims to enhance students' understanding of the relative size of numbers through number line and number comparison activities, and to deepen their understanding of the relative size relationships between numbers through intuitive interaction..Ability level classification criteria:\\nLow-level students typically understand math problems slowly and need more time and help to solve them.\\nMedium-level students have a good understanding of math problems and can independently solve most problems.\\nHigh-level students quickly understand math problems, can efficiently solve complex problems, and can provide multiple solutions.\"\n        },\n        {\n            \"role\": \"assistant\",\n            \"content\": \"As I approach this problem, I first recognize that the number line extends from 0.0 to 1.0, which provides a clear reference for the values I need to determine. For Task 1, identifying the position of 0.5 is straightforward because it is exactly halfway between 0 and 1. To visualize this, I can think of dividing the number line into two equal halves, making it easy to see that 0.5 is right in the center. Moving on to Task 2, I know that 0.275 is less than 0.5, closer to 0.25 than to 1. Understanding that 0.25 is a quarter of the distance means I can estimate 0.275 slightly to the right of 0.25, appearing just less than halfway to 0.3. Lastly, for Task 3, I clearly see that 0.5 is larger than 0.275 because it lies to the right on the number line.\"\n        },\n        {\n            \"role\": \"user\",\n            \"content\": \"While solving this problem, what assumptions or predictions are you making? How do you decide on the next steps?\"\n        },\n        {\n            \"role\": \"assistant\",\n            \"content\": \"While solving the problem, I'm assuming that the number line is a reliable and accurate representation of the values involved. I predict that by locating the numbers correctly, I will be able to determine their positions relative to each other effectively. My next steps involve visualizing each fraction and using reference points like 0.0, 0.25, and 0.5. For instance, I think about how much I need to move from these reference points to place 0.275 accurately. For Task 3, I also assume that I can easily recognize which number is larger based on their positions.\"\n        },\n        {\n            \"role\": \"user\",\n            \"content\": \"Did you encounter any challenges or notice any potential errors during your process? If so, how did you identify them?\"\n        },\n        {\n            \"role\": \"assistant\",\n            \"content\": \"I did encounter a slight challenge when estimating the position of 0.275. At first, I wasn't sure if I was placing it too far from 0.25 or too close to 0.3. I identified this potential error by going back to the hints provided and recalling that 0.275 is just slightly over 0.25, rather than aiming for 0.3.\"\n        },\n        {\n            \"role\": \"user\",\n            \"content\": \"Once you identified an error or challenge, how did you go about correcting it? What steps did you take to ensure the solution was accurate?\"\n        },\n        {\n            \"role\": \"assistant\",\n            \"content\": \"To correct my placement for 0.275, I re-evaluated its proximity to 0.25 and ensured that I was moving only a small increment past it on the number line. I physically visualized the distance and used the quarter divisions to check my assessment. By double-checking my estimation and comparing it to the reference points once more, I was confident that I aligned it correctly. This process reinforced the exactness of my solution, and I made sure to use similar reasoning for the final comparison of the two numbers to confirm that 0.5 was indeed larger.\"\n        }\n    ]\n}\n```"
}