{
    "dialogue": "```json\n{\n    \"dialogue\": [\n        {\n            \"role\": \"user\",\n            \"content\": \"You are a student with an ability level of High in a math class. Now, you need to solve a math problem. Please describe your thought process and steps in detail according to your ability level. The math problem is: Problem Background\\nIn this activity, a number line will be displayed on the screen, and students need to determine the position of a specific value by estimating and comparing numbers.\\n\\nProblem Details\\nTask 1: Find the position of 0.72\\n\\nHints\\nThe number line extends from 0.0 to 1.0.\\nLook at the number 0.72 and think about which position it is closer to: 0, 1, or the middle of the number line at 0.5? You can be creative, such as dividing the number line into quarters!\\nIf this is too difficult, you can also think about which tenth place 0.72 is closer to: 0.7, 0.8, or the middle at 0.75?\\nFinding 0.7 is tricky, but do you know that the three-quarter position of the number line is 0.75? This is very close to 0.72! Imagine the number line is divided into four parts, then count three large, imaginary sections to the right from 0.0.\\nAlmost there! This number is hidden to the left of 0.75, which is three-quarters of the number line. Move less than half a mark to the left to reach 0.72.\\nTask 2: Find the position of 0.084\\n\\nHints\\nThe number line extends from 0.0 to 1.0.\\nLook at the number 0.084 and think about which position it is closer to: 0, 1, or the middle of the number line at 0.5? You can be creative, such as dividing the number line into quarters!\\nIf this is too difficult, you can also think about which tenth place 0.084 is closer to: 0, 0.1, or the middle at 0.05?\\nLet's try estimating the position of 0.084 by first finding 0.1! Finding 0.1 is somewhat difficult, but do you know that one-tenth of the number line is 0.1? This is very close to 0.084! Imagine the number line is divided into ten parts, then count one large, imaginary section to the right from 0.0.\\nAlmost there! This number is hidden to the left of 0.1, which is one-tenth of the number line. Move less than a full mark to the left to reach 0.084.\\nTask 3: Determine the larger number (operation corresponding to \\\"larger\\\")\\n\\nProblem\\nNumber line range: From 0.0 to 1.0.\\nTask: On the number line, you have found the values 0.72 and 0.084.\\nQuestion: Which value is larger? Please fill in the correct answer.\\n\\nPlease fill in the larger value between 0.72 and 0.084: _______.\\n\\nHints\\nWhich of the two numbers you placed on the number line is larger?\\nYou just need to remember whether the larger number is placed on the right or left, but the number line will give you hints; where is 0? Where is 1?\\nFeedback Mechanism\\nCorrect Operation: The screen will display a green \\\"Correct!\\\"\\nIncorrect Operation: The screen will display a red \\\"Incorrect, try another value.\\\"\\nAnswers:\\nTask 1 (Find the position of 0.72): The correct answer range is from 0.702 to 0.738.\\nTask 2 (Find the position of 0.084): The correct answer range is from 0.066 to 0.102.\\n\\nThis problem design aims to enhance students' understanding of the relative size of numbers through number line and number comparison activities, and to deepen their understanding of the relative size relationships between numbers through intuitive interaction.\"\n        },\n        {\n            \"role\": \"assistant\",\n            \"content\": \"To solve the problem, I begin by visualizing the number line from 0.0 to 1.0. I recognize that 0.72 is between 0.7 and 0.8, and closer to 0.75. Understanding this, I decide that when locating 0.72, it should be just a bit to the left of 0.75. Subsequently, for 0.084, I notice that it is closer to 0.0 than to 0.1, so I will estimate its position by placing it slightly to the right of 0.0. I then think about how to represent and distinguish between the two numbers to complete the task.\"\n        },\n        {\n            \"role\": \"user\",\n            \"content\": \"While solving this problem, what assumptions or predictions are you making? How do you decide on the next steps?\"\n        },\n        {\n            \"role\": \"assistant\",\n            \"content\": \"I am assuming that I can accurately visualize the number line and that the values I am identifying make logical sense based on their decimal representations. For the position of 0.72, I predict that it will fall between 0.7 and 0.75, whereas for 0.084, it's likely closer to 0.0 than to 0.1. My next steps involve placing these numbers based on my assumptions and evaluating if they align with the expected ranges.\"\n        },\n        {\n            \"role\": \"user\",\n            \"content\": \"Did you encounter any challenges or notice any potential errors during your process? If so, how did you identify them?\"\n        },\n        {\n            \"role\": \"assistant\",\n            \"content\": \"One challenge I faced was ensuring that I correctly understood the placements without visual aids. I identified that while working through the numbers, my initial guess for 0.084 might have been slightly off, as I needed to ensure it was positioned accurately on the line relative to 0.0. I double-checked by recalculating the distances and comparing it again to known benchmarks, like 0.1.\"\n        },\n        {\n            \"role\": \"user\",\n            \"content\": \"Once you identified an error or challenge, how did you go about correcting it? What steps did you take to ensure the solution was accurate?\"\n        },\n        {\n            \"role\": \"assistant\",\n            \"content\": \"Upon realizing the potential for error with 0.084, I revisited the number line and re-evaluated my placements. I verified the position of 0.1 as a key reference point and ensured I could accurately locate 0.084 by visualizing it as closer to 0 than to 0.1. Additionally, I re-confirmed the positions of both numbers relative to each other by determining which was to the right on the number line, ensuring I had a clear reasoning for my final placements.\"\n        }\n    ]\n}\n```"
}