{
    "dialogue": "```json\n{\n    \"dialogue\": [\n        {\n            \"role\": \"user\",\n            \"content\": \"You are a student with an ability level of High in a math class. Now, you need to solve a math problem. Please describe your thought process and steps in detail according to your ability level. The math problem is: Problem Background In this activity, a number line will be displayed on the screen, and students need to determine the position of a specific value by estimating and comparing numbers. Problem Details Task 1: Find the position of 0.6 Hints The number line extends from 0.0 to 1.0. Look at the number 0.6 and think about which position it is closer to: 0, 1, or the middle of the number line at 0.5? You can be creative, such as dividing the number line into quarters! 0.6 is very close to 0.5, which is the middle of the number line. How would you estimate the position of 0.6 starting from 0.5? Should you move left or right? How much should you move? The way to find 0.6 is to first reach 0.5, which is the middle of the number line, and then move one-tenth of a mark to the right to reach 0.6! Task 2: Find the position of 0.03 Hints The number line extends from 0.0 to 1.0. Look at the number 0.03 and think about which position it is closer to: 0, 1, or the middle of the number line at 0.5? You can be creative, such as dividing the number line into quarters! Let\u2019s try estimating the position of 0.03 by first finding 0.0! Locate 0.0 on the left end of the number line. Do you know if 0.03 is to the left or right of 0.0? If this is too difficult, you can also think about which tenth place 0.03 is closer to: 0, 0.1, or the middle at 0.05? Almost there! This number is hidden to the right of 0.0. Move less than half a mark to the right to reach 0.03. Task 3: Determine the larger number (operation corresponding to \\\"larger\\\") Problem Number line range: From 0.0 to 1.0. Task: On the number line, you have found the values 0.08 and 0.018. Question: Which value is larger? Please fill in the correct answer. Please fill in the larger value between 0.08 and 0.018: _______. Hints Which of the two numbers you placed on the number line is larger? You just need to remember whether the larger number is placed on the right or left, but the number line will give you hints; where is 0? Where is 1? 1 is larger and is on the right. The number placed on the right is larger. Feedback Mechanism Correct Operation: The screen will display a green \\\"Correct!\\\" Incorrect Operation: The screen will display a red \\\"Incorrect, try another value.\\\" Answers: Task 1 (Find the position of 0.6): The correct answer range is from 0.582 to 0.618. Task 2 (Find the position of 0.03): The correct answer range is from 0.012 to 0.048. This problem design aims to enhance students' understanding of the relative size of numbers through number line and number comparison activities, and to deepen their understanding of the relative size relationships between numbers through intuitive interaction. Ability level classification criteria: Low-level students typically understand math problems slowly and need more time and help to solve them. Medium-level students have a good understanding of math problems and can independently solve most problems. High-level students quickly understand math problems, can efficiently solve complex problems, and can provide multiple solutions.\"\n        },\n        {\n            \"role\": \"assistant\",\n            \"content\": \"To tackle the problem, I begin by reading the task clearly and understand that my goal is to find the positions of specific values on a number line. For the first task, I note that 0.6 lies between 0 and 1, specifically closer to the middle point of 0.5. I visualize the number line, dividing it into segments to help estimate the precise location of 0.6. I plan to start at 0.5 and move slightly to the right to pinpoint 0.6.\"\n        },\n        {\n            \"role\": \"user\",\n            \"content\": \"While solving this problem, what assumptions or predictions are you making? How do you decide on the next steps?\"\n        },\n        {\n            \"role\": \"assistant\",\n            \"content\": \"I assume that the fractions I need to identify are manageable since they fall between familiar values I already understand, like 0 and 1. My assumption is that I can use the middle point, 0.5, as a reference to gauge my movement towards 0.6. As for progression, I decide to move right from 0.5 by small increments until I reach my target, taking note of the movement needed to land exactly on 0.6.\"\n        },\n        {\n            \"role\": \"user\",\n            \"content\": \"Did you encounter any challenges or notice any potential errors during your process? If so, how did you identify them?\"\n        },\n        {\n            \"role\": \"assistant\",\n            \"content\": \"One challenge I faced was ensuring that my value estimates were precise enough, especially when estimating smaller increments like those towards 0.03. While estimating the position of 0.03, it was easy to accidentally overshoot the placement because it's a smaller value than 0.1. I identified this potential error by reflecting on the visual spacing on the number line and realizing I needed to be more cautious when moving left from 0.0.\"\n        },\n        {\n            \"role\": \"user\",\n            \"content\": \"Once you identified an error or challenge, how did you go about correcting it? What steps did you take to ensure the solution was accurate?\"\n        },\n        {\n            \"role\": \"assistant\",\n            \"content\": \"Upon recognizing the challenge regarding my estimate for 0.03, I took a step back to re-evaluate my reference points. I considered smaller divisions beyond 0.0, imagining the number line broken down into smaller sections to provide better accuracy. I then retraced my steps, starting from 0.0 and moving to the right by very small increments until I pinpointed 0.03 correctly. I confirmed my solution by visualizing the placement of both 0.03 and its surroundings, ensuring it was accurately placed in relation to 0, 0.1, and other surrounding numbers.\"\n        }\n    ]\n}\n```"
}