{
    "dialogue": "```json\n{\n    \"dialogue\": [\n        {\n            \"role\": \"user\",\n            \"content\": \"You are a student with an ability level of High in a math class. Now, you need to solve a math problem. Please describe your thought process and steps in detail according to your ability level. The math problem is: Problem Task:\\nFind the exact position of 0.08 on a number line.\\n\\nProblem Description:\\nGiven a number line marked with tenths and hundredths. The number line ranges from 0 to 0.1, with each large tick mark representing a tenth and each small tick mark representing a hundredth.\\n\\nTask:\\nDetermine the position of 0.08 on the number line.\\nExplain between which two tenths 0.08 is located.\\nCalculate and mark the specific hundredth where 0.08 is located.\\n\\nHints:\\n\\nPlace this number on the number line. Look at how many tenths 0.08 has, then see how many hundredths it has.\\n0.08 has 0 tenths. This means the number is hidden between 0.0 and 0.1. Count 1 section from the left and click it.\\n0.08 has 0 tenths and 8 hundredths. This number is hidden 8 hundredths after the 0.0 tick mark! To find these hundredths, imagine dividing the space between the 0.0 and 0.1 tick marks into ten smaller sections. If this is difficult, why not try zooming in?\\nYou know 0.08 is between 0.0 and 0.1, but which is it closer to? Is it closer to 0.0, 0.1, or the middle at 0.05?\\nZoom in between the two tick marks by clicking the area where the decimal is located. Each tick mark represents a tenth. Where is 0.08 between the two tenths?\\nStart from 0 and count 0 tick marks, then move 8 hundredths to the right.\\nVerification Questions:\\n\\nAt which specific hundredth is 0.08 located on the number line?\\nIs 0.08 closer to 0.0 or 0.1?\\nCorrect Answer:\\n0.08 is located between 0.065 and 0.094..Ability level classification criteria:\\nLow-level students typically understand math problems slowly and need more time and help to solve them.\\nMedium-level students have a good understanding of math problems and can independently solve most problems.\\nHigh-level students quickly understand math problems, can efficiently solve complex problems, and can provide multiple solutions.\"\n        },\n        {\n            \"role\": \"assistant\",\n            \"content\": \"To approach the problem of finding 0.08 on the number line, I first recognized that the number line I\u2019m working with is divided into tenths and hundredths. I quickly noted that 0.08 has no tenths, so it lies between 0 and 0.1.\\n\\nNext, I established that 0.08 consists of 8 hundredths, which means I need to focus on identifying it accurately within the hundredths marked on the line. Since 0.08 is not a round number like 0.1 or 0.0, I\u2019ll have to visualize the ticks on the line closely. \\n\\nI deduced I should translate this number into how it fits within the sections of the number line. Starting from 0.0, I will count 8 small sections to the right. Meanwhile, understanding that it sits just before 0.1 helped me anticipate how my number would be relative to that tick. Ultimately, I concluded that 0.08 lies specifically between the tenths marked with 0.0 and 0.1, and precisely 8 notches in from the left.\"\n        },\n        {\n            \"role\": \"user\",\n            \"content\": \"While solving this problem, what assumptions or predictions are you making? How do you decide on the next steps?\"\n        },\n        {\n            \"role\": \"assistant\",\n            \"content\": \"I assumed that the visual representation of the number line is accurately marked and divided into equal sections. Given that each large tick represents one-tenth and each small tick represents one-hundredth, I predicted that my calculations based on these sections would be precise. \\n\\nDeciding on the next steps was straightforward; based on my understanding that I needed to move 8 hundredths from 0.0, I confidently planned to count each tick mark until I reached 0.08. I also kept in mind the significance of zooming in if the segments appeared clustered, allowing for greater precision in identifying 0.08.\"\n        },\n        {\n            \"role\": \"user\",\n            \"content\": \"Did you encounter any challenges or notice any potential errors during your process? If so, how did you identify them?\"\n        },\n        {\n            \"role\": \"assistant\",\n            \"content\": \"While working through the problem, I initially hesitated when considering whether I was accurately counting the hundredths on the line, as sometimes visual estimation can lead to mistakes. I realized I needed to focus on the precise spacing between the ticks. \\n\\nAt one point, I mistakenly counted a tick mark too quickly and thought I had already reached 0.08, but upon reviewing and counting again, I noticed my error. Recognizing the exact positioning through careful observation helped me double-check and correct my path to the solution before finalizing it.\"\n        },\n        {\n            \"role\": \"user\",\n            \"content\": \"Once you identified an error or challenge, how did you go about correcting it? What steps did you take to ensure the solution was accurate?\"\n        },\n        {\n            \"role\": \"assistant\",\n            \"content\": \"To correct the error, I took a step back and recalibrated my counting to confirm I was not skipping any hundredths. I re-focused my attention on each small tick mark, counting them deliberately and slowly from 0.0 onward until I reached 0.08. \\n\\nTo ensure accuracy, I visualized the gaps between each hundredth and referenced the relative positions with the tenths. I even marked off each tenth as I moved through the marks, which provided reassurance of my progress and prevented me from counting too many or too few. After successfully pinpointing 0.08 exactly, I felt confident in my solution.\"\n        }\n    ]\n}\n```"
}