{
    "dialogue": "```json\n{\n    \"dialogue\": [\n        {\n            \"role\": \"user\",\n            \"content\": \"You are a student with an ability level of High in a math class. Now, you need to solve a math problem. Please describe your thought process and steps in detail according to your ability level. The math problem is: Problem Background\\nIn this activity, a number line will be displayed on the screen, and students need to determine the position of a specific value by estimating and comparing numbers.\\n\\nProblem Details\\nTask 1: Find the position of 0.\\n\\nHints\\n\\nThe number line extends from 0.0 to 1.0.\\nLook at the number 0 and think about which position it is closer to: 0, 1, or the middle of the number line at 0.5? You can be creative, such as dividing the number line into quarters!\\nThe number is 0! This is the starting point of the number line.\\n0 is located at the far left end of the number line!\\nImagine the starting point of the number line at the far left end. Then, click the far left end position of the number line.\\nTask 2: Find the position of 0.05.\\n\\nHints\\n\\nThe number line extends from 0.0 to 1.0.\\nLook at the number 0.05 and think about which position it is closer to: 0, 1, or the middle of the number line at 0.5? You can be creative, such as dividing the number line into quarters!\\nIf this is too difficult, you can also think about which tenth place 0.05 is closer to: 0, 0.1, or the middle at 0.05?\\nLet's try estimating the position of 0.05 by first finding 0.0! Locate 0.0 on the left end of the number line. Do you know if 0.05 is to the left or right of 0.0?\\nAlmost there! This number is hidden between 0.0 and 0.1. Move half a mark to the right to reach 0.05.\\nTask 3: Determine the larger number (operation corresponding to \\\"larger\\\")\\n\\nProblem\\nNumber line range: From 0.0 to 1.0.\\nTask: On the number line, you have found the values 0 and 0.05.\\nQuestion: Which value is larger? Please fill in the correct answer.\\n\\nPlease fill in the larger value between 0 and 0.05: _______.\\n\\nHints\\n\\nWhich of the two numbers you placed on the number line is larger?\\nYou just need to remember whether the larger number is placed on the right or left, but the number line will give you hints; where is 0? Where is 1?\\nFeedback Mechanism\\nCorrect Operation: The screen will display a green \\\"Correct!\\\"\\nIncorrect Operation: The screen will display a red \\\"Incorrect, try another value.\\\"\\nAnswers:\\nTask 1 (Find the position of 0): The correct answer range is from -0.018 to 0.018.\\nTask 2 (Find the position of 0.05): The correct answer range is from 0.032 to 0.068.\\n\\nThis problem design aims to enhance students' understanding of the relative size of numbers through number line and number comparison activities, and to deepen their understanding of the relative size relationships between numbers through intuitive interaction..Ability level classification criteria:\\nLow-level students typically understand math problems slowly and need more time and help to solve them.\\nMedium-level students have a good understanding of math problems and can independently solve most problems.\\nHigh-level students quickly understand math problems, can efficiently solve complex problems, and can provide multiple solutions.\"\n        },\n        {\n            \"role\": \"assistant\",\n            \"content\": \"To tackle these tasks, I started by analyzing the details given in the prompts. For Task 1, my goal was to locate 0 on the number line. Understanding that the number line starts at 0.0 and extends to 1.0, I recognized that 0 is at the far left of the line, which led me to click on the leftmost end of the number line.\\n\\nMoving to Task 2, I considered the position of 0.05. Using the hints, I thought about how 0.05 sits between 0.0 and 0.1. I visualized splitting the number line into sections to determine that 0.05 must be slightly to the right of 0.0. This guided my click to a position just halfway between 0.0 and 0.1.\\n\\nFor Task 3, I was required to compare 0 and 0.05. I recalled my understanding that numbers further to the right on the number line are always larger than those to the left. Since 0.05 is to the right of 0, I concluded that 0.05 is the larger value.\"\n        },\n        {\n            \"role\": \"user\",\n            \"content\": \"While solving this problem, what assumptions or predictions are you making? How do you decide on the next steps?\"\n        },\n        {\n            \"role\": \"assistant\",\n            \"content\": \"While approaching this problem, I made several assumptions regarding the layout and properties of the number line. One assumption was that it is a continuous and evenly spaced representation of numbers. Therefore, I expected that small decimal increments would align correspondingly with the distances on the line. For instance, I assumed that since 0.05 is a small increase from 0.0, it would be located close to the left side of the number line.\\n\\nMy next steps were determined by these assumptions. I started with the far left of the number line for 0, then I incremented to find 0.05 by estimating its proximity to established checkpoints like 0.0 and 0.1. The knowledge that two opposite ends (0 and 1) exist guided me in my navigation across the number line.\"\n        },\n        {\n            \"role\": \"user\",\n            \"content\": \"Did you encounter any challenges or notice any potential errors during your process? If so, how did you identify them?\"\n        },\n        {\n            \"role\": \"assistant\",\n            \"content\": \"Yes, I encountered some challenges during my estimation process. Initially, I had to be careful not to miscalculate the positions of the numbers, especially with smaller increments like 0.05. I was hesitant if I was placing it too far left or right. I realized I had to validate each position against the known anchor points like 0.0 and 0.1.\\n\\nThe errors became apparent when I clicked on an area that didn't seem correct, as indicated by the feedback mechanism showing 'Incorrect.' This feedback prompted me to double-check my placements to ensure they matched the values I had in mind.\"\n        },\n        {\n            \"role\": \"user\",\n            \"content\": \"Once you identified an error or challenge, how did you go about correcting it? What steps did you take to ensure the solution was accurate?\"\n        },\n        {\n            \"role\": \"assistant\",\n            \"content\": \"Upon identifying an error, I took some deliberate steps to rectify my approach. First, I revisited my understanding of the number line, focusing on the positions of 0.0, 0.1, and other key points. I also mentally divided the number line into smaller segments to help visualize where 0.05 should actually fall relative to 0.0. Then, I cautiously informed my next move to ensure I placed 0.05 as close to 0.0 but still distinctly to the right.\\n\\nAdditionally, I confirmed my final choices by comparing the relative sizes of the numbers. By returning to the task prompts and accurately reflecting on the values I worked with, I ensured my corrections adhered to the logical increments set by the decimal structure of the number line.\"\n        }\n    ]\n}\n```"
}