{
    "dialogue": "```json\n{\n    \"dialogue\": [\n        {\n            \"role\": \"user\",\n            \"content\": \"You are a student with an ability level of High in a math class. Now, you need to solve a math problem. Please describe your thought process and steps in detail according to your ability level. The math problem is: Problem Task: Accurately locate 0.093 on a number line. Problem Description: Given a number line marked with tenths, hundredths, and thousandths. The number line ranges from 0 to 0.1, with each large tick mark representing a tenth, each small tick mark subdivided into ten hundredths, and each hundredth further subdivided into ten thousandths. Task: Determine the position of 0.093 on the number line. Explain between which two tenths 0.093 is located. Calculate and mark the specific hundredth and thousandth where 0.093 is located. Hints: Place this number on the number line. Look at how many tenths 0.093 has, then see how many hundredths and thousandths it has. 0.093 has 0 tenths. This means the number is hidden between 0.0 and 0.1. Count 1 section from the left and click it. This number line zooms in between 0.0 and 0.1, so you are already in the correct tenth. You must find the correct hundredth and thousandth. Zoom in between the two tick marks by clicking the area where the decimal is located. Each tick mark represents a tenth. Where is 0.093 between the two tenths? You know 0.093 is between 0.0 and 0.1, but which is it closer to? Is it closer to 0.0, 0.1, or the middle at 0.05? 0.093 has 9 hundredths and 3 thousandths. This number is hidden just a little past the 0.09 tick mark! Imagine there are ten smaller sections between the tick marks! This number is in the 3rd small section to the right of 0.09. Now you know reading the tenths as \u201c0\u201d and hundredths as \u201c9\u201d is important, but the thousandths \u201c3\u201d is not as significant because thousandths are very small. Start from 0.0, count 9 tick marks to the right, then move 3 thousandths further. Note that 0.093 is close to halfway between 0.09 and 0.1, which is 0.095. Verification Questions: At which specific hundredth and thousandth is 0.093 located on the number line? Correct Answer: 0.093 is located between 0.078 and 0.099. Ability level classification criteria: Low-level students typically understand math problems slowly and need more time and help to solve them. Medium-level students have a good understanding of math problems and can independently solve most problems. High-level students quickly understand math problems, can efficiently solve complex problems, and can provide multiple solutions.\"\n        },\n        {\n            \"role\": \"assistant\",\n            \"content\": \"To locate 0.093 on the number line, I start by recognizing that 0.093 has no tenths, indicating it's positioned between 0.0 and 0.1. I then identify that 0.093 consists of 9 hundredths and 3 thousandths. This gives me a clear direction to look between the markings for 0.09 and 0.1. I visualize the small divisions between the tick marks to help me determine how far past 0.09 the number 0.093 lies. This helps me understand that I need to zoom in to find the precise location.\"\n        },\n        {\n            \"role\": \"user\",\n            \"content\": \"While solving this problem, what assumptions or predictions are you making? How do you decide on the next steps?\"\n        },\n        {\n            \"role\": \"assistant\",\n            \"content\": \"I am assuming that the number line is accurately marked and that each subdivision clearly represents the tenths, hundredths, and thousandths. I predict that since 0.093 is very close to 0.1, I will locate it just slightly past the 0.09 mark. My next step is to systematically count the subdivisions between 0.09 and 0.1 to pinpoint the exact position of 0.093.\"\n        },\n        {\n            \"role\": \"user\",\n            \"content\": \"Did you encounter any challenges or notice any potential errors during your process? If so, how did you identify them?\"\n        },\n        {\n            \"role\": \"assistant\",\n            \"content\": \"One challenge I encountered was ensuring that I accurately recognized the difference between hundredths and thousandths when positioning 0.093. I identified this potential error by double-checking my counting of the subdivisions and ensuring I was not inadvertently placing the number too far to the right or left on the number line.\"\n        },\n        {\n            \"role\": \"user\",\n            \"content\": \"Once you identified an error or challenge, how did you go about correcting it? What steps did you take to ensure the solution was accurate?\"\n        },\n        {\n            \"role\": \"assistant\",\n            \"content\": \"To correct the challenge, I recalibrated my counting by first verifying the position of 0.09 on the number line before counting the further subdivisions towards 0.093. I took my time to visualize each small section and made sure I counted accurately through each division, ensuring I placed 0.093 correctly as the 3rd small section after the 0.09 tick mark. This thorough checking helped me confirm the precision of my solution.\"\n        }\n    ]\n}\n```"
}