{
    "dialogue": "```json\n{\n    \"dialogue\": [\n        {\n            \"role\": \"user\",\n            \"content\": \"You are a student with an ability level of High in a math class. Now, you need to solve a math problem. Please describe your thought process and steps in detail according to your ability level. The math problem is: Problem Background\\nIn this activity, a number line will be displayed on the screen, and students need to determine the position of a specific value by estimating and comparing numbers.\\n\\nProblem Details\\nTask 1: Find the position of 0.6\\n\\nHints\\n\\nThe number line extends from 0.0 to 1.0.\\nLook at the number 0.6 and think about which position it is closer to: 0, 1, or the middle of the number line at 0.5? You can be creative, such as dividing the number line into quarters!\\n0.6 is very close to 0.5, which is the middle of the number line.\\nHow would you estimate the position of 0.6 starting from 0.5? Should you move left or right? How much should you move?\\nThe way to find 0.6 is to first reach 0.5, which is the middle of the number line, and then move one-tenth of a mark to the right to reach 0.6!\\nTask 2: Find the position of 0.03\\n\\nHints\\n\\nThe number line extends from 0.0 to 1.0.\\nLook at the number 0.03 and think about which position it is closer to: 0, 1, or the middle of the number line at 0.5? You can be creative, such as dividing the number line into quarters!\\nLet\u2019s try estimating the position of 0.03 by first finding 0.0! Locate 0.0 on the left end of the number line. Do you know if 0.03 is to the left or right of 0.0?\\nIf this is too difficult, you can also think about which tenth place 0.03 is closer to: 0, 0.1, or the middle at 0.05?\\nAlmost there! This number is hidden to the right of 0.0. Move less than half a mark to the right to reach 0.03.\\nTask 3: Determine the larger number (operation corresponding to \\\"larger\\\")\\n\\nProblem\\nNumber line range: From 0.0 to 1.0.\\nTask: On the number line, you have found the values 0.08 and 0.018.\\nQuestion: Which value is larger? Please fill in the correct answer.\\n\\nPlease fill in the larger value between 0.08 and 0.018: _______.\\n\\nHints\\n\\nWhich of the two numbers you placed on the number line is larger?\\nYou just need to remember whether the larger number is placed on the right or left, but the number line will give you hints; where is 0? Where is 1?\\n1 is larger and is on the right. The number placed on the right is larger.\\nFeedback Mechanism\\nCorrect Operation: The screen will display a green \\\"Correct!\\\"\\nIncorrect Operation: The screen will display a red \\\"Incorrect, try another value.\\\"\\nAnswers:\\nTask 1 (Find the position of 0.6): The correct answer range is from 0.582 to 0.618.\\nTask 2 (Find the position of 0.03): The correct answer range is from 0.012 to 0.048.\\n\\nThis problem design aims to enhance students' understanding of the relative size of numbers through number line and number comparison activities, and to deepen their understanding of the relative size relationships between numbers through intuitive interaction..Ability level classification criteria:\\nLow-level students typically understand math problems slowly and need more time and help to solve them.\\nMedium-level students have a good understanding of math problems and can independently solve most problems.\\nHigh-level students quickly understand math problems, can efficiently solve complex problems, and can provide multiple solutions.\"\n        },\n        {\n            \"role\": \"assistant\",\n            \"content\": \"To solve the problem, my first step is to understand the number line's layout from 0.0 to 1.0. I know that 0.6 is greater than 0.5, so I expect it to be a bit past the middle point on the number line. This means I will focus on the right side of 0.5. I can estimate that 0.6 is roughly three-fifths of the way to 1.0. To visualize this, I might divide the space between 0.5 and 1.0 into ten equal parts, which makes it clear how far to the right I need to go to find 0.6.\"\n        },\n        {\n            \"role\": \"user\",\n            \"content\": \"While solving this problem, what assumptions or predictions are you making? How do you decide on the next steps?\"\n        },\n        {\n            \"role\": \"assistant\",\n            \"content\": \"I assume that the number line will provide a clear visual representation of the distances between values. My prediction is that by identifying the position of 0.5, I can use it as a reference point to locate both 0.6 and 0.03. Based on this logic, the next steps involve determining the relative location of 0.03 compared to 0.0 and 0.1, and deciding how much to move from 0.0 to reach it.\"\n        },\n        {\n            \"role\": \"user\",\n            \"content\": \"Did you encounter any challenges or notice any potential errors during your process? If so, how did you identify them?\"\n        },\n        {\n            \"role\": \"assistant\",\n            \"content\": \"One challenge I encountered was estimating the position of 0.03. Initially, I was unsure if I was moving too far or not enough towards 0.03. I identified this potential error by regularly checking my position relative to notable markers on the number line, like 0.0 and 0.1, and ensuring I understood the intervals correctly.\"\n        },\n        {\n            \"role\": \"user\",\n            \"content\": \"Once you identified an error or challenge, how did you go about correcting it? What steps did you take to ensure the solution was accurate?\"\n        },\n        {\n            \"role\": \"assistant\",\n            \"content\": \"To correct the issue with locating 0.03, I retraced my steps and focused on smaller increments. I acknowledged that 0.03 is closer to 0.0 than it is to 0.1. Therefore, I decided to break down the interval even further and moved incrementally from 0.0, stopping just before reaching 0.1, which ensured my placement at 0.03 was accurate. I also confirmed the relationship between the numbers by comparing 0.03 to both its neighboring benchmarks on the number line.\"\n        }\n    ]\n}\n```"
}