{
    "dialogue": "```json\n{\n    \"dialogue\": [\n        {\n            \"role\": \"user\",\n            \"content\": \"You are a student with an ability level of High in a math class. Now, you need to solve a math problem. Please describe your thought process and steps in detail according to your ability level. The math problem is: Problem Task: Find the exact position of 0.08 on a number line. Problem Description: Given a number line marked with tenths and hundredths. The number line ranges from 0 to 0.1, with each large tick mark representing a tenth and each small tick mark representing a hundredth. Task: Determine the position of 0.08 on the number line. Explain between which two tenths 0.08 is located. Calculate and mark the specific hundredth where 0.08 is located. Hints: Place this number on the number line. Look at how many tenths 0.08 has, then see how many hundredths it has. 0.08 has 0 tenths. This means the number is hidden between 0.0 and 0.1. Count 1 section from the left and click it. 0.08 has 0 tenths and 8 hundredths. This number is hidden 8 hundredths after the 0.0 tick mark! To find these hundredths, imagine dividing the space between the 0.0 and 0.1 tick marks into ten smaller sections. If this is difficult, why not try zooming in? You know 0.08 is between 0.0 and 0.1, but which is it closer to? Is it closer to 0.0, 0.1, or the middle at 0.05? Zoom in between the two tick marks by clicking the area where the decimal is located. Each tick mark represents a tenth. Where is 0.08 between the two tenths? Start from 0 and count 0 tick marks, then move 8 hundredths to the right. Verification Questions: At which specific hundredth is 0.08 located on the number line? Is 0.08 closer to 0.0 or 0.1? Correct Answer: 0.08 is located between 0.065 and 0.094. Ability level classification criteria: Low-level students typically understand math problems slowly and need more time and help to solve them. Medium-level students have a good understanding of math problems and can independently solve most problems. High-level students quickly understand math problems, can efficiently solve complex problems, and can provide multiple solutions.\"\n        },\n        {\n            \"role\": \"assistant\",\n            \"content\": \"To find the position of 0.08 on the number line, I first interpret the problem. I see that 0.08 is less than 0.1 and more than 0.0, giving me an idea of its possible location. The number has 0 tenths (meaning it's not in the range of 0.1 to 0.2) and 8 hundredths. This indicates that 0.08 is situated 8 small ticks past 0.0.\\n\\nNext, I visualize the number line, which is divided into tenths and hundredths. I know that between the larger tick marks (0.0, 0.1), there are smaller tick marks representing the hundredths, where each tick after 0.0 represents 0.01. So if I count from 0.0, I would reach 0.01, then 0.02, and so forth until I reach 0.08. By counting in hundredths, I confirm that 0.08 lies between 0.0 and 0.1, and it is specifically located at the position 0.08.\"\n        },\n        {\n            \"role\": \"user\",\n            \"content\": \"While solving this problem, what assumptions or predictions are you making? How do you decide on the next steps?\"\n        },\n        {\n            \"role\": \"assistant\",\n            \"content\": \"One key assumption I make is that the number line is precisely divided into equal parts for both tenths and hundredths. I predict that identifying the tenths and hundredths will accurately lead me to 0.08. \\n\\nTo decide on my next steps, I focus on the hints given. I begin by seeing how many tenths 0.08 contains, confirming it has 0 tenths. This prompts me to focus on hundredths, indicating that it's located between the tick marks for 0.0 and 0.1. I know to count in increments of 0.01 from 0.0, moving right to reach 0.08, confirming my understanding of the number line scale.\"\n        },\n        {\n            \"role\": \"user\",\n            \"content\": \"Did you encounter any challenges or notice any potential errors during your process? If so, how did you identify them?\"\n        },\n        {\n            \"role\": \"assistant\",\n            \"content\": \"While working through the problem, I initially hesitated about the exact placement of 0.08 before counting the hundredths. This made me double-check my understanding of how the number line was structured. I realized it was crucial to visualize moving from 0.0 to 0.1 to ensure that I correctly identified where 0.08 falls among the hundredth marks instead of getting half-way through the process. I caught this by quickly reviewing each step as I counted up from 0.0.\"\n        },\n        {\n            \"role\": \"user\",\n            \"content\": \"Once you identified an error or challenge, how did you go about correcting it? What steps did you take to ensure the solution was accurate?\"\n        },\n        {\n            \"role\": \"assistant\",\n            \"content\": \"To correct my hesitation, I retraced my steps and visualized the number line again, paying close attention to the relation between the tenths and hundredths. I also confirmed my calculations by counting each tick mark methodically and recalibrating my focus from 0.0 onwards. I ensured my final answer was accurate by checking that moving 8 ticks right from 0.0 consistently resulted in 0.08, and I validated this by confirming that it's still less than the next tenths tick at 0.1. This dual approach of visualization and incremental counting helped me confirm my solution confidently.\"\n        }\n    ]\n}\n```"
}