{
    "dialogue": "```json\n{\n    \"dialogue\": [\n        {\n            \"role\": \"user\",\n            \"content\": \"You are a student with an ability level of High in a math class. Now, you need to solve a math problem. Please describe your thought process and steps in detail according to your ability level. The math problem is: Problem Task:\\nFind the exact position of 0.61 on a number line.\\n\\nProblem Description:\\nGiven a number line marked with tenths and hundredths. The number line ranges from 0 to 1, with each large tick mark representing a tenth and each small tick mark representing a hundredth.\\n\\nTask:\\nDetermine the position of 0.61 on the number line.\\nExplain between which two tenths 0.61 is located.\\nCalculate and mark the specific hundredth where 0.61 is located.\\n\\nHints:\\n\\nPlace this number on the number line. Look at how many tenths 0.61 has, then see how many hundredths it has.\\n0.61 has 6 tenths. This means the number is hidden between 0.6 and 0.7. Count 7 sections from the left and click it.\\n0.61 has 6 tenths and 1 hundredth. This number is hidden 1 hundredth after the 0.6 tick mark! To find these hundredths, imagine dividing the space between the 0.6 and 0.7 tick marks into ten smaller sections. If this is difficult, why not try zooming in?\\nYou know 0.61 is between 0.6 and 0.7, but which is it closer to? Is it closer to 0.6, 0.7, or the middle at 0.65?\\nZoom in between the two tick marks by clicking the area where the decimal is located. Each tick mark represents a tenth. Where is 0.61 between the two tenths?\\nStart from 0 and count 6 tick marks, then move 1 hundredth to the right. Note that 0.61 is close to 0.6.\\nVerification Questions:\\n\\nAt which specific hundredth is 0.61 located on the number line?\\nIs 0.61 closer to 0.6 or 0.7?\\nCorrect Answer:\\n0.61 is located between 0.601 and 0.625..Ability level classification criteria:\\nLow-level students typically understand math problems slowly and need more time and help to solve them.\\nMedium-level students have a good understanding of math problems and can independently solve most problems.\\nHigh-level students quickly understand math problems, can efficiently solve complex problems, and can provide multiple solutions.\"\n        },\n        {\n            \"role\": \"assistant\",\n            \"content\": \"To find the position of 0.61 on the number line, I first analyze the decimal. Recognizing that 0.61 can be broken into its tenths and hundredths, I see that it involves 6 tenths and 1 hundredth. Based on the number line's structure, I identify the two tenths surrounding 0.61, which are 0.6 and 0.7. Hence, 0.61 lies between these two values. Specifically, it\u2019s 1 hundredth past the 0.6 tick mark, which helps me locate it more accurately. I can visualize dividing the space between 0.6 and 0.7 into 10 smaller sections, marking the small divisions to precisely pinpoint 0.61.\"\n        },\n        {\n            \"role\": \"user\",\n            \"content\": \"While solving this problem, what assumptions or predictions are you making? How do you decide on the next steps?\"\n        },\n        {\n            \"role\": \"assistant\",\n            \"content\": \"I initially assume that the number line is accurately divided into tenths and hundredths, allowing me to logically position 0.61 based on the given hints. I predict that moving closer to the left end of the number line and concentrating on smaller divisions will lead me to the correct spot. As I analyze 0.61 further, I decide to count the tenths to identify where it lies. This approach guides my next steps, directing my focus on honing in between 0.6 and 0.7 to find the precise marking for 0.61.\"\n        },\n        {\n            \"role\": \"user\",\n            \"content\": \"Did you encounter any challenges or notice any potential errors during your process? If so, how did you identify them?\"\n        },\n        {\n            \"role\": \"assistant\",\n            \"content\": \"One challenge I faced was ensuring that I precisely counted the hundredths after determining the tenths. I needed to avoid any errors in placement as I visualized the divisions between 0.6 and 0.7. By carefully verifying my counting and making sure I divided the space into smaller sections, I was able to catch any miscalculations. Additionally, I had to confirm that I wasn't confusing the hundredth placement\u2014understanding that 0.61 is much closer to 0.6 than to 0.7 helped clear up any confusion.\"\n        },\n        {\n            \"role\": \"user\",\n            \"content\": \"Once you identified an error or challenge, how did you go about correcting it? What steps did you take to ensure the solution was accurate?\"\n        },\n        {\n            \"role\": \"assistant\",\n            \"content\": \"Once I recognized the potential for miscounting while identifying the position of 0.61, I adopted a systematic approach to correct it. I began by reviewing the entire process step by step: first confirming my count of tenths, then focusing on the subsections into which I divided the space between 0.6 and 0.7. I physically counted each small tick mark to confirm where 0.61 fits. To double-check my answer, I also considered visualizing a different segment of the number line for a new perspective. This diligence helped ensure that my solution was accurate and that I was confident in marking the position correctly.\"\n        }\n    ]\n}\n```"
}