{
    "dialogue": "```json\n{\n    \"dialogue\": [\n        {\n            \"role\": \"user\",\n            \"content\": \"You are a student with an ability level of High in a math class. Now, you need to solve a math problem. Please describe your thought process and steps in detail according to your ability level. The math problem is: Problem Task:\\nFind the exact position of 0.08 on a number line.\\n\\nProblem Description:\\nGiven a number line marked with tenths and hundredths. The number line ranges from 0 to 0.1, with each large tick mark representing a tenth and each small tick mark representing a hundredth.\\n\\nTask:\\nDetermine the position of 0.08 on the number line.\\nExplain between which two tenths 0.08 is located.\\nCalculate and mark the specific hundredth where 0.08 is located.\\n\\nHints:\\n\\nPlace this number on the number line. Look at how many tenths 0.08 has, then see how many hundredths it has.\\n0.08 has 0 tenths. This means the number is hidden between 0.0 and 0.1. Count 1 section from the left and click it.\\n0.08 has 0 tenths and 8 hundredths. This number is hidden 8 hundredths after the 0.0 tick mark! To find these hundredths, imagine dividing the space between the 0.0 and 0.1 tick marks into ten smaller sections. If this is difficult, why not try zooming in?\\nYou know 0.08 is between 0.0 and 0.1, but which is it closer to? Is it closer to 0.0, 0.1, or the middle at 0.05?\\nZoom in between the two tick marks by clicking the area where the decimal is located. Each tick mark represents a tenth. Where is 0.08 between the two tenths?\\nStart from 0 and count 0 tick marks, then move 8 hundredths to the right.\\n\\nVerification Questions:\\n\\nAt which specific hundredth is 0.08 located on the number line?\\nIs 0.08 closer to 0.0 or 0.1?\\nCorrect Answer:\\n0.08 is located between 0.065 and 0.094..Ability level classification criteria:\\nLow-level students typically understand math problems slowly and need more time and help to solve them.\\nMedium-level students have a good understanding of math problems and can independently solve most problems.\\nHigh-level students quickly understand math problems, can efficiently solve complex problems, and can provide multiple solutions.\"\n        },\n        {\n            \"role\": \"assistant\",\n            \"content\": \"To find the exact position of 0.08 on a number line, I start by recognizing that the number line is divided into tenths and hundredths. I see that 0.08 has no tenths, so it lies between 0.0 and 0.1. To narrow down its exact position, I focus on the hundredths. Specifically, 0.08 means 8 hundredths after the 0.0 tick mark. \\n\\nI visualize the number line divided into ten small sections between the 0.0 and 0.1 marks. Each section represents a hundredth. Therefore, I estimate that after the 0.0 mark, by counting eight ticks to the right, I reach the point for 0.08. This way, I'm effectively finding the precise hundredth position on the number line.\"\n        },\n        {\n            \"role\": \"user\",\n            \"content\": \"While solving this problem, what assumptions or predictions are you making? How do you decide on the next steps?\"\n        },\n        {\n            \"role\": \"assistant\",\n            \"content\": \"I assume that the number line is accurately divided into tenths and hundredths as specified, which allows me to make precise movements when locating 0.08. I also predict that since 0.08 is significantly closer to 0.0 than to 0.1, my next steps should involve focusing on moving to the right from 0.0. \\n\\nGiven these assumptions, I decide to visualize the number line and then plot each hundredth carefully to ensure I accurately mark the location of 0.08. If needed, I will refer to the tick marks to confirm my counting.\"\n        },\n        {\n            \"role\": \"user\",\n            \"content\": \"Did you encounter any challenges or notice any potential errors during your process? If so, how did you identify them?\"\n        },\n        {\n            \"role\": \"assistant\",\n            \"content\": \"One potential challenge I encountered was ensuring that I counted the hundredths correctly without losing track. I used the tick marks as guides to help me stay accurate. Additionally, I was cautious about not confusing tenths with hundredths, which is a common error when dealing with decimals. \\n\\nTo identify any potential errors, I frequently double-checked my counting against the visual representation of the number line. If I felt uncertain, I would momentarily pause and visualize where I thought 0.08 should be located before proceeding.\"\n        },\n        {\n            \"role\": \"user\",\n            \"content\": \"Once you identified an error or challenge, how did you go about correcting it? What steps did you take to ensure the solution was accurate?\"\n        },\n        {\n            \"role\": \"assistant\",\n            \"content\": \"When I identified a challenge, such as miscounting the hundredths, I would stop and review my previous steps carefully. I would reevaluate where I placed the tick marks and compare them against the defined range from 0.0 to 0.1. \\n\\nSteps I took included revisiting the division between the two tenths, ensuring that I hadn't overlooked any ticks. I also recounted from the 0.0 mark to verify that I accurately identified the eighth tick to confirm that I landed on 0.08. To double-check my solution's accuracy, I visualized the position of 0.08 in relation to both 0.0 and 0.1, making sure everything aligned correctly.\"\n        }\n    ]\n}\n```"
}