{
    "dialogue": "```json\n{\n    \"dialogue\": [\n        {\n            \"role\": \"user\",\n            \"content\": \"You are a student with an ability level of High in a math class. Now, you need to solve a math problem. Please describe your thought process and steps in detail according to your ability level. The math problem is: Problem Background\\nIn this activity, a number line will be displayed on the screen, and students need to determine the position of a specific value by estimating and comparing numbers.\\n\\nProblem Details\\nTask 1: Find the position of 0\\n\\nHints\\n\\nThe number line extends from 0.0 to 1.0.\\nLook at the number 0 and think about which position it is closer to: 0, 1, or the middle of the number line at 0.5? You can be creative, such as dividing the number line into quarters!\\nThe number is 0! This is the starting point of the number line.\\n0 is located at the far left end of the number line!\\nImagine the starting point of the number line at the far left end. Then, click the far left end position of the number line.\\nTask 2: Find the position of 0.05\\n\\nHints\\n\\nThe number line extends from 0.0 to 1.0.\\nLook at the number 0.05 and think about which position it is closer to: 0, 1, or the middle of the number line at 0.5? You can be creative, such as dividing the number line into quarters!\\nIf this is too difficult, you can also think about which tenth place 0.05 is closer to: 0, 0.1, or the middle at 0.05?\\nLet's try estimating the position of 0.05 by first finding 0.0! Locate 0.0 on the left end of the number line. Do you know if 0.05 is to the left or right of 0.0?\\nAlmost there! This number is hidden between 0.0 and 0.1. Move half a mark to the right to reach 0.05.\\nTask 3: Determine the larger number (operation corresponding to \\\"larger\\\")\\n\\nProblem\\nNumber line range: From 0.0 to 1.0.\\nTask: On the number line, you have found the values 0 and 0.05.\\nQuestion: Which value is larger? Please fill in the correct answer.\\n\\nPlease fill in the larger value between 0 and 0.05: _______.\\n\\nHints\\n\\nWhich of the two numbers you placed on the number line is larger?\\nYou just need to remember whether the larger number is placed on the right or left, but the number line will give you hints; where is 0? Where is 1?\\nFeedback Mechanism\\nCorrect Operation: The screen will display a green \\\"Correct!\\\"\\nIncorrect Operation: The screen will display a red \\\"Incorrect, try another value.\\\"\\nAnswers:\\nTask 1 (Find the position of 0): The correct answer range is from -0.018 to 0.018.\\nTask 2 (Find the position of 0.05): The correct answer range is from 0.032 to 0.068.\\n\\nThis problem design aims to enhance students' understanding of the relative size of numbers through number line and number comparison activities, and to deepen their understanding of the relative size relationships between numbers through intuitive interaction..Ability level classification criteria:\\nLow-level students typically understand math problems slowly and need more time and help to solve them.\\nMedium-level students have a good understanding of math problems and can independently solve most problems.\\nHigh-level students quickly understand math problems, can efficiently solve complex problems, and can provide multiple solutions.\"\n        },\n        {\n            \"role\": \"assistant\",\n            \"content\": \"To solve the problem, I first read the instructions and tasks carefully. I understood that I needed to use a number line to find the positions of 0 and 0.05, and then figure out which of the two numbers is larger. For Task 1, I recognized that 0 is the starting point and located at the far left of the number line. It was straightforward because I could click on the leftmost part of the line to mark 0. In Task 2, for 0.05, I considered both the hints and my knowledge of decimal placements. I visualized the number line and identified where 0.05 would fall by knowing it's to the right of 0.0 and closer to 0.1. Lastly, in Task 3, I compared the two numbers 0 and 0.05. I realized that since 0.05 is to the right of 0, it is the larger value.\"\n        },\n        {\n            \"role\": \"user\",\n            \"content\": \"While solving this problem, what assumptions or predictions are you making? How do you decide on the next steps?\"\n        },\n        {\n            \"role\": \"assistant\",\n            \"content\": \"While solving the problem, I assumed that the number line is evenly spaced and linear, meaning that numbers increase from left to right. I predicted that my understanding of decimal placements would help me easily find the positions of numbers like 0 and 0.05. For my next steps, after locating 0, I thought to visualize the steps I needed to take to find 0.05, specifically moving a small distance to the right of 0.0 to estimate its position. Additionally, for comparing the numbers, I relied on the principle that the number further to the right on the number line is the larger one.\"\n        },\n        {\n            \"role\": \"user\",\n            \"content\": \"Did you encounter any challenges or notice any potential errors during your process? If so, how did you identify them?\"\n        },\n        {\n            \"role\": \"assistant\",\n            \"content\": \"Yes, I encountered some challenges while estimating the positions. At first, I was unsure about how far between 0.0 and 0.1 the number 0.05 should be placed. This uncertainty made me hesitate briefly. I identified this challenge by double-checking my visual estimation against what I knew about decimal increments and the placement of numbers on the number line. Furthermore, when comparing the two numbers, I had to remind myself about their positions several times to confirm which one was larger.\"\n        },\n        {\n            \"role\": \"user\",\n            \"content\": \"Once you identified an error or challenge, how did you go about correcting it? What steps did you take to ensure the solution was accurate?\"\n        },\n        {\n            \"role\": \"assistant\",\n            \"content\": \"Upon recognizing my uncertainties, I took steps to recalibrate my understanding of the number line. I visualized the increments more clearly, marking where key points like 0.0, 0.5, and 1.0 were. I practiced estimating the position of 0.05 by breaking it down into smaller parts\u2014like thinking of it as halfway between 0.0 and 0.1. To ensure accuracy in my solution, I verified the placements multiple times by picturing the spacing between the two values and confirming that 0.05 was indeed more to the right than 0, solidifying my understanding of their relative sizes.\"\n        }\n    ]\n}\n```"
}