{
    "dialogue": "```json\n{\n    \"dialogue\": [\n        {\n            \"role\": \"user\",\n            \"content\": \"You are a student with an ability level of High in a math class. Now, you need to solve a math problem. Please describe your thought process and steps in detail according to your ability level. The math problem is: Problem Task:\\nFind the exact position of 0.61 on a number line.\\n\\nProblem Description:\\nGiven a number line marked with tenths and hundredths. The number line ranges from 0 to 1, with each large tick mark representing a tenth and each small tick mark representing a hundredth.\\n\\nTask:\\nDetermine the position of 0.61 on the number line.\\nExplain between which two tenths 0.61 is located.\\nCalculate and mark the specific hundredth where 0.61 is located.\\n\\nHints:\\n\\nPlace this number on the number line. Look at how many tenths 0.61 has, then see how many hundredths it has.\\n0.61 has 6 tenths. This means the number is hidden between 0.6 and 0.7. Count 7 sections from the left and click it.\\n0.61 has 6 tenths and 1 hundredth. This number is hidden 1 hundredth after the 0.6 tick mark! To find these hundredths, imagine dividing the space between the 0.6 and 0.7 tick marks into ten smaller sections. If this is difficult, why not try zooming in?\\nYou know 0.61 is between 0.6 and 0.7, but which is it closer to? Is it closer to 0.6, 0.7, or the middle at 0.65?\\nZoom in between the two tick marks by clicking the area where the decimal is located. Each tick mark represents a tenth. Where is 0.61 between the two tenths?\\nStart from 0 and count 6 tick marks, then move 1 hundredth to the right. Note that 0.61 is close to 0.6.\\nVerification Questions:\\n\\nAt which specific hundredth is 0.61 located on the number line?\\nIs 0.61 closer to 0.6 or 0.7?\\nCorrect Answer:\\n0.61 is located between 0.601 and 0.625.\\n\\nAbility level classification criteria:\\nLow-level students typically understand math problems slowly and need more time and help to solve them.\\nMedium-level students have a good understanding of math problems and can independently solve most problems.\\nHigh-level students quickly understand math problems, can efficiently solve complex problems, and can provide multiple solutions.\"\n        },\n        {\n            \"role\": \"assistant\",\n            \"content\": \"To solve this problem, I begin by analyzing the value 0.61. I recognize that it can be broken down into 6 tenths and 1 hundredth. Therefore, I understand that 0.61 is located between the numbers 0.6 and 0.7 on the number line because 0.6 is equivalent to 0.60, and I need to find a position that is just slightly more than this. Since the number line is marked with tenths and hundredths, I can visualize that after reaching 0.6, I have to move one small tick mark to the right to reach 0.61. This gives me a clear idea of where to locate the number on the line.\"\n        },\n        {\n            \"role\": \"user\",\n            \"content\": \"While solving this problem, what assumptions or predictions are you making? How do you decide on the next steps?\"\n        },\n        {\n            \"role\": \"assistant\",\n            \"content\": \"While solving the problem, I assumed that the number line is divided into equal intervals for each tenth and hundredth. Consequently, my prediction was that moving from one tenths mark to another is straightforward and consists of a defined space. Knowing that each tenth contains ten hundredths, I anticipated that positioning 0.61 would only require a small adjustment to the right after establishing its position between 0.6 and 0.7. I decided to next focus on counting the increments starting from the 0.6 mark to accurately find 0.61.\"\n        },\n        {\n            \"role\": \"user\",\n            \"content\": \"Did you encounter any challenges or notice any potential errors during your process? If so, how did you identify them?\"\n        },\n        {\n            \"role\": \"assistant\",\n            \"content\": \"During the process, I noticed a challenge in estimating the exact placement of 0.61. At first, I hesitated and wasn't sure if I was correctly interpreting the tick marks, as it's easy to miscount when working quickly. I identified this issue when I realized I had counted too far past 0.6, initially marking a point closer to 0.7 instead of accurately placing it at 0.61. This discrepancy prompted me to reevaluate how I was visualizing the increments between the tick marks.\"\n        },\n        {\n            \"role\": \"user\",\n            \"content\": \"Once you identified an error or challenge, how did you go about correcting it? What steps did you take to ensure the solution was accurate?\"\n        },\n        {\n            \"role\": \"assistant\",\n            \"content\": \"After identifying the error in my previous placement, I took a methodical approach to correct it. First, I realigned my understanding of the number line, ensuring I had clear visual benchmarks for both 0.6 and 0.7. I recounted the small increments carefully, verifying that each move aligned with the hundredths division. This time, I started at 0.6 and counted one tick mark to the right, which allowed me to accurately land on 0.61. I cross-referenced my final placement by considering the numerical value relative to the surrounding numbers, confirming that my understanding of 0.61 being closer to 0.6 was indeed accurate.\"\n        }\n    ]\n}\n```"
}