{
    "dialogue": "```json\n{\n    \"dialogue\": [\n        {\n            \"role\": \"user\",\n            \"content\": \"You are a student with an ability level of High in a math class. Now, you need to solve a math problem. Please describe your thought process and steps in detail according to your ability level. The math problem is: Problem Background\\nIn this activity, a number line will be displayed on the screen, and students need to determine the position of a specific value by estimating and comparing numbers.\\n\\nProblem Details\\nTask 1: Find the position of 0.15\\n\\nHints\\n\\nThe number line extends from 0.0 to 1.0.\\nLook at the number 0.15 and think about which position it is closer to: 0, 1, or the middle of the number line at 0.5? You can be creative, such as dividing the number line into quarters!\\nIf this is too difficult, you can also think about which tenth place 0.15 is closer to: 0.1, 0.2, or the middle at 0.15?\\nLet's try estimating the position of 0.15 by first finding 0.1! Start from the left end of the number line at 0.0. 0.1 should be one-tenth of a mark to the right of 0.0. Do you know if 0.15 is to the left or right of 0.1?\\nFinding 0.1 is better than finding 0.2 because finding 0.2 is more complicated. This number is hidden to the right of 0.1. Move half a mark to the right to reach the position of 0.15.\\nTask 2: Find the position of 0.643\\n\\nHints\\n\\nThe number line extends from 0.0 to 1.0.\\nLook at the number 0.643 and think about which position it is closer to: 0, 1, or the middle of the number line at 0.5? You can be creative, such as dividing the number line into quarters!\\nIf this is too difficult, you can also think about which tenth place 0.643 is closer to: 0.6, 0.7, or the middle at 0.65?\\nLet's try estimating the position of 0.643 by first finding 0.6! Start from the middle of the number line at 0.5. 0.6 should be one-tenth of a mark to the right of 0.5. Do you know if 0.643 is to the left or right of 0.6?\\nFinding 0.6 is better than finding 0.7 because finding 0.7 is more complicated. This number is hidden to the right of 0.6. Move half a mark to the right to reach the position of 0.643.\\nTask 3: Determine the larger number (operation corresponding to \\\"larger\\\")\\n\\nProblem\\nNumber line range: From 0.0 to 1.0.\\nTask: On the number line, you have found the values 0.15 and 0.643.\\nQuestion: Which value is larger? Please fill in the correct answer.\\n\\nPlease fill in the larger value between 0.15 and 0.643: _______.\\n\\nHints\\n\\nWhich of the two numbers you placed on the number line is larger?\\nYou just need to remember whether the larger number is placed on the right or left, but the number line will give you hints; where is 0? Where is 1?\\nFeedback Mechanism\\nCorrect Operation: The screen will display a green \\\"Correct!\\\"\\nIncorrect Operation: The screen will display a red \\\"Incorrect, try another value.\\\"\\nAnswers:\\nFor Task 1: Find the position of 0.15, the correct answer range is from 0.133 to 0.167.\\nFor Task 2: Find the position of 0.643, the correct answer range is from 0.625 to 0.661.\\n\\nThis problem design aims to enhance students' understanding of the relative size of numbers through number line and number comparison activities, and to deepen their understanding of the relative size relationships between numbers through intuitive interaction..Ability level classification criteria:\\nLow-level students typically understand math problems slowly and need more time and help to solve them.\\nMedium-level students have a good understanding of math problems and can independently solve most problems.\\nHigh-level students quickly understand math problems, can efficiently solve complex problems, and can provide multiple solutions.\"\n        },\n        {\n            \"role\": \"assistant\",\n            \"content\": \"First, I read through the problem description and the hints provided for each task about the number line. For task 1, I realized that 0.15 falls between 0.1 and 0.2, and since it's closer to 0.1, I'd estimate it to be just a bit right of 0.1. I can break down the number line to visualize this better, dividing it into quarters: 0.0, 0.25, 0.5, 0.75, and 1.0. This helps me determine that 0.15 is near the lower quarter.\\n\\nFor task 2, I noted that 0.643 is closer to 0.6 than to 0.7. I planned to start from 0.5 and move to the right to 0.6, then estimate a small movement to reach 0.643.\\n\\nFor task 3, comparing 0.15 and 0.643 was straightforward once I had their positions established. 0.643 is significantly larger than 0.15 so it will be further to the right on the number line.\"\n        },\n        {\n            \"role\": \"user\",\n            \"content\": \"While solving this problem, what assumptions or predictions are you making? How do you decide on the next steps?\"\n        },\n        {\n            \"role\": \"assistant\",\n            \"content\": \"While solving the problem, I made several key assumptions. I assumed the number line is uniformly divided and that the placement of numbers directly correlates with their value. For instance, I assumed that since 0.15 is greater than 0.1, it must be slightly to the right. For 0.643, I anticipated that since it\u2019s greater than 0.6, it would also be positioned further right of 0.6. My decision-making process involved estimating distances based on these assumptions. After identifying where 0.1 and 0.6 were, I decided to use them as reference points for locating 0.15 and 0.643, respectively.\"\n        },\n        {\n            \"role\": \"user\",\n            \"content\": \"Did you encounter any challenges or notice any potential errors during your process? If so, how did you identify them?\"\n        },\n        {\n            \"role\": \"assistant\",\n            \"content\": \"Yes, I faced challenges, particularly when trying to visualize the exact positions of the numbers on the number line. At first, I misestimated where 0.15 should be, thinking it might be closer to 0.2 initially. I realized this was a potential error when I compared my estimate against the defined ranges for acceptable answers. For 0.643, I briefly hesitated on whether to position it within the range close to 0.6 or further right. Noticing these doubts helped me identify that I needed to reassess my estimates against the benchmarks on the number line.\"\n        },\n        {\n            \"role\": \"user\",\n            \"content\": \"Once you identified an error or challenge, how did you go about correcting it? What steps did you take to ensure the solution was accurate?\"\n        },\n        {\n            \"role\": \"assistant\",\n            \"content\": \"Upon recognizing my errors, I took several corrective steps. First, I revisited my basic understanding of how decimal numbers are placed on the number line. I retraced my steps by plotting the known values of 0.0, 0.1, and 0.2 on the number line and comparing them to 0.15. Knowing that 0.15 is more than 0.1 but less than 0.2, this clarified my estimate. For 0.643, I used 0.6 as a new reference to identify that I needed to move slightly more than halfway to 0.7. I cross-checked my placements against the hints and confirmed their accuracy, which helped solidify my understanding and adherence to the correct ranges provided.\"\n        }\n    ]\n}\n```"
}