{
    "dialogue": "```json\n{\n    \"dialogue\": [\n        {\n            \"role\": \"user\",\n            \"content\": \"You are a student with an ability level of High in a math class. Now, you need to solve a math problem. Please describe your thought process and steps in detail according to your ability level. The math problem is: Problem Background\\nIn this activity, a number line will be displayed on the screen, and students need to determine the position of a specific value by estimating and comparing numbers.\\n\\nProblem Details\\nTask 1: Find the position of 0.097\\n\\nHints\\n\\nThe number line extends from 0.0 to 1.0.\\nThink about which number 0.097 is closer to: 0, 1, or the middle of the number line at 0.5? You can be creative, such as dividing the number line into quarters!\\nIf this is too difficult, you can also think about which tenth place 0.097 is closer to: 0, 0.1, or the middle at 0.05?\\nNote that this number is very close to 0.1. Therefore, once you estimate the position of 0.1, it's already a good estimate! Then move slightly to the left to reach the position of 0.097.\\nLet's try estimating the position of 0.097 by first finding 0.1! Start from the left end of the number line at 0.0. 0.1 should be one-tenth of a mark to the right of 0.0. Do you know if 0.097 is to the left or right of 0.1? Should you move left or right?\\nTask 2: Find the position of 0.9\\n\\nHints\\n\\nThe number line extends from 0.0 to 1.0.\\nLook at the number 0.9 and think about which position it is closer to: 0, 1, or the middle of the number line at 0.5? You can be creative, such as dividing the number line into quarters!\\n0.9 is very close to 1, which is the right end of the number line.\\nHow would you estimate the position of 0.9 starting from 1? Should you move left or right? How much should you move?\\nTo find the position of 0.9, first reach the right end of the number line at 1, then move one-tenth of a mark to the left to reach the position of 0.9!\\nTask 3: Compare the sizes of 0.097 and 0.9\\n\\nProblem\\nNumber line range: From 0.0 to 1.0.\\nTask: On the number line, you have found the values 0.097 and 0.9.\\nQuestion: Which value is larger? Please fill in the correct answer.\\n\\nPlease fill in the larger value between 0.097 and 0.9: _______.\\n\\nHints\\n\\nWhich of the two numbers you placed on the number line is larger?\\nYou just need to remember whether the larger number is placed on the right or left, but the number line will give you hints; where is 0? Where is 1?\\nFeedback Mechanism\\nCorrect Operation: The screen will display a green \\\"Correct!\\\"\\nIncorrect Operation: The screen will display a red \\\"Incorrect, try another value.\\\"\\nAnswers:\\nTask 1 (Find the position of 0.097): The correct answer range is from 0.079 to 0.1.\\nTask 2 (Find the position of 0.9): The correct answer range is from 0.882 to 0.918.\\n\\nThis problem design aims to enhance students' understanding of the relative size of numbers through number line and number comparison activities, and to deepen their understanding of the relative size relationships between numbers through intuitive interaction..Ability level classification criteria:\\nLow-level students typically understand math problems slowly and need more time and help to solve them.\\nMedium-level students have a good understanding of math problems and can independently solve most problems.\\nHigh-level students quickly understand math problems, can efficiently solve complex problems, and can provide multiple solutions.\"\n        },\n        {\n            \"role\": \"assistant\",\n            \"content\": \"To tackle the math problem presented, I began by carefully analyzing Task 1, where I had to find the position of 0.097 on the number line. I recalled the guided hints suggesting that I should consider where 0.097 lies in relation to 0, 1, and the midpoint at 0.5. Knowing that 0.097 is smaller than 0.1, I visualized the number line divided into tenths and moved to find 0.1 first before adjusting slightly to the left to pinpoint the position of 0.097.\\n\\nFor Task 2, I shifted focus to identifying the position of 0.9. Given that it's extremely close to 1, I moved directly to the right end of the number line and estimated 0.9 by shifting to the left by one-tenth, confirming my thought process based on the task hints.\\n\\nIn Task 3, the objective was to compare 0.097 and 0.9. I recalled that numbers to the right on a number line are larger than those on the left, so 0.9 would clearly be the larger number. This comparison was straightforward based on the relative positions I've established.\"\n        },\n        {\n            \"role\": \"user\",\n            \"content\": \"While solving this problem, what assumptions or predictions are you making? How do you decide on the next steps?\"\n        },\n        {\n            \"role\": \"assistant\",\n            \"content\": \"While solving the problem, I made several assumptions about the placement of the numbers on the number line. Firstly, I assumed that the number line is continuous and that values closer to 0.0 are always smaller and those closer to 1.0 are larger. I predicted that when estimating 0.097, I needed to consider these placements against key markers like 0.0, 0.1, and the midpoint. This led me to decide to first locate 0.1, as it serves as a good reference point for 0.097. Similarly, for the position of 0.9, I anticipated a straightforward move from 1.0 left by one-tenth. These predictions laid the groundwork for my structured approach to the subsequent number placements.\"\n        },\n        {\n            \"role\": \"user\",\n            \"content\": \"Did you encounter any challenges or notice any potential errors during your process? If so, how did you identify them?\"\n        },\n        {\n            \"role\": \"assistant\",\n            \"content\": \"Yes, I faced some challenges, especially in accurately placing the smaller numbers on the number line. While working on finding the position of 0.097, I hesitated when gauging the exact space between 0.0 and 0.1, which could lead to an underestimation or overestimation of its position. Additionally, while comparing 0.097 and 0.9, I initially misremembered the sizes, mixing up which number was larger. I identified these errors by reviewing my placements against the expected numerical values, ensuring that my visual estimates matched their actual decimal equivalents. If I found myself placing a smaller value further along the line than a larger one, that was a clear indication of a mistake.\"\n        },\n        {\n            \"role\": \"user\",\n            \"content\": \"Once you identified an error or challenge, how did you go about correcting it? What steps did you take to ensure the solution was accurate?\"\n        },\n        {\n            \"role\": \"assistant\",\n            \"content\": \"Upon identifying my errors, I took specific steps to correct my approach. First, I revisited the number line and clearly marked known values like 0.0, 0.1, and 0.5, using them as benchmarks to gauge other values accurately. For instance, after realizing my initial estimate for 0.097 was off, I went back to reassess how it aligned with 0.1, ensuring I visualized the space correctly between the two numbers. Additionally, I calculated the positions of both 0.097 and 0.9 again, confirming their locations based on increments to bolster my understanding. To ensure solution accuracy, I frequently cross-referenced my placements against the defined value, revising as necessary whenever an inconsistency arose. This iterative process helped solidify my understanding and provided confidence in my final answers.\"\n        }\n    ]\n}\n```"
}