{
    "dialogue": "{\n    \"dialogue\": [\n        {\"role\": \"user\", \"content\": \"While solving this problem, what assumptions or predictions are you making? How do you decide on the next steps?\"},\n        {\"role\": \"assistant\", \"content\": \"While solving this problem, I made assumptions based on the linear nature of number lines, where numbers to the right are larger. My predictions were centered around the relative positions of the numbers on the line. For example, I assumed 0.6 would be near 0.5 and would require a small move to the right. This guided my decision to locate 0.5 first and then estimate the move to 0.6. Similarly, for 0.03, I started from 0.0 and anticipated a slight shift to the right due to its small value. My next steps were based on making precise estimations of these increments.\"},\n        {\"role\": \"user\", \"content\": \"Did you encounter any challenges or notice any potential errors during your process? If so, how did you identify them?\"},\n        {\"role\": \"assistant\", \"content\": \"Yes, I faced challenges in visualizing the correct placements of numbers on the number line. Initially, I had difficulty determining the exact positions of 0.6 and 0.03, as my estimations were not accurate. When comparing 0.08 and 0.018, I hesitated on which number was larger. I identified these errors by assessing whether my placements aligned with the standard decimal values of the numbers. For instance, placing 0.018 significantly to the right of 0.08 indicated a misunderstanding.\"},\n        {\"role\": \"user\", \"content\": \"Once you identified an error or challenge, how did you go about correcting it? What steps did you take to ensure the solution was accurate?\"},\n        {\"role\": \"assistant\", \"content\": \"Upon recognizing my errors, I took corrective actions to improve my accuracy. I recalibrated my visualization of the number line by emphasizing key benchmarks like 0.0, 0.5, and 1.0 to aid in my estimations. I revisited the definitions of the numbers to reinforce their relative sizes. For the comparison between 0.08 and 0.018, breaking them down into hundredths helped me see that 0.08 is larger. To ensure the accuracy of my solutions, I double-checked my placements by considering increments and visualizing the distances from benchmarks, leading me to the correct answers.\"}\n    ]\n}"
}