{
    "dialogue": "```json\n{\n    \"dialogue\": [\n        {\n            \"role\": \"user\",\n            \"content\": \"You are a student with an ability level of High in a math class. Now, you need to solve a math problem. Please describe your thought process and steps in detail according to your ability level. The math problem is: Problem Background In this activity, a number line will be displayed on the screen, and students need to determine the position of a specific value by estimating and comparing numbers. Problem Details Task 1: Find the position of 0.15 Hints The number line extends from 0.0 to 1.0. Look at the number 0.15 and think about which position it is closer to: 0, 1, or the middle of the number line at 0.5? You can be creative, such as dividing the number line into quarters! If this is too difficult, you can also think about which tenth place 0.15 is closer to: 0.1, 0.2, or the middle at 0.15? Let's try estimating the position of 0.15 by first finding 0.1! Start from the left end of the number line at 0.0. 0.1 should be one-tenth of a mark to the right of 0.0. Do you know if 0.15 is to the left or right of 0.1? Finding 0.1 is better than finding 0.2 because finding 0.2 is more complicated. This number is hidden to the right of 0.1. Move half a mark to the right to reach the position of 0.15. Task 2: Find the position of 0.643 Hints The number line extends from 0.0 to 1.0. Look at the number 0.643 and think about which position it is closer to: 0, 1, or the middle of the number line at 0.5? You can be creative, such as dividing the number line into quarters! If this is too difficult, you can also think about which tenth place 0.643 is closer to: 0.6, 0.7, or the middle at 0.65? Let's try estimating the position of 0.643 by first finding 0.6! Start from the middle of the number line at 0.5. 0.6 should be one-tenth of a mark to the right of 0.5. Do you know if 0.643 is to the left or right of 0.6? Finding 0.6 is better than finding 0.7 because finding 0.7 is more complicated. This number is hidden to the right of 0.6. Move half a mark to the right to reach the position of 0.643. Task 3: Determine the larger number (operation corresponding to \\\"larger\\\") Problem Number line range: From 0.0 to 1.0. Task: On the number line, you have found the values 0.15 and 0.643. Question: Which value is larger? Please fill in the correct answer. Please fill in the larger value between 0.15 and 0.643: _______. Hints Which of the two numbers you placed on the number line is larger? You just need to remember whether the larger number is placed on the right or left, but the number line will give you hints; where is 0? Where is 1? Feedback Mechanism Correct Operation: The screen will display a green \\\"Correct!\\\" Incorrect Operation: The screen will display a red \\\"Incorrect, try another value.\\\" Answers: For Task 1: Find the position of 0.15, the correct answer range is from 0.133 to 0.167. For Task 2: Find the position of 0.643, the correct answer range is from 0.625 to 0.661. This problem design aims to enhance students' understanding of the relative size of numbers through number line and number comparison activities, and to deepen their understanding of the relative size relationships between numbers through intuitive interaction. Ability level classification criteria: Low-level students typically understand math problems slowly and need more time and help to solve them. Medium-level students have a good understanding of math problems and can independently solve most problems. High-level students quickly understand math problems, can efficiently solve complex problems, and can provide multiple solutions.\"\n        },\n        {\n            \"role\": \"assistant\",\n            \"content\": \"To start solving the problem, I first break down the tasks into manageable steps. For Task 1, I focus on identifying where 0.15 lies on the number line. I notice that 0.15 is between 0.1 and 0.2, and since it is closer to 0.1, I estimate its position by considering the divisions in the number line. Because the number line is from 0.0 to 1.0, I know that 0.15 will be just a little over 0.1. I visualize the increments and make an educated guess that 0.15 will be around 0.14 or 0.16 to pinpoint its range effectively. For Task 2, I apply similar reasoning for 0.643, noting that it is closer to 0.6 than 0.7. After finding 0.6 on the number line, I accurately count the increments to reach and estimate the position of 0.643. This structured approach allows me to manage the complexity of finding and comparing numbers.\"\n        },\n        {\n            \"role\": \"user\",\n            \"content\": \"While solving this problem, what assumptions or predictions are you making? How do you decide on the next steps?\"\n        },\n        {\n            \"role\": \"assistant\",\n            \"content\": \"While solving this problem, I assume that the number line is accurately represented and that I can reliably estimate positions based on fractions and tenths. I predict that numbers will be spaced uniformly between 0.0 and 1.0, allowing me to use simple addition to find values like 0.1 and 0.6 easily. When deciding on the next steps, I prioritize checking the proximity of the numbers I know (like 0.1 and 0.6) to the target numbers (0.15 and 0.643). If I find that my estimates are too vague or hard to pin down, I will go back and re-evaluate my earlier steps, perhaps using a more systematic approach, like marking specific intervals or looking for known references, to enhance my accuracy.\"\n        },\n        {\n            \"role\": \"user\",\n            \"content\": \"Did you encounter any challenges or notice any potential errors during your process? If so, how did you identify them?\"\n        },\n        {\n            \"role\": \"assistant\",\n            \"content\": \"I did encounter challenges while estimating the positions of 0.15 and 0.643. At first, I briefly confused the placements of these numbers due to their proximity, which made me question whether I had reached the correct intervals on the number line. For instance, I momentarily doubted if 0.15 was too close to 0.1 or if I was estimating it too conservatively. I identified these potential errors by re-checking my estimates against the known fractions on the number line and ensuring that I maintained a consistent scale. This reflection helped me recognize when I might be leaning toward inaccurately spanning a number's range.\"\n        },\n        {\n            \"role\": \"user\",\n            \"content\": \"Once you identified an error or challenge, how did you go about correcting it? What steps did you take to ensure the solution was accurate?\"\n        },\n        {\n            \"role\": \"assistant\",\n            \"content\": \"When I identified an error or challenge, I retraced my steps to clarify my thought process. For 0.15, I revisited the spacing between 0.1 and 0.2 and focused on subdividing the section further to pinpoint the location more accurately. I used reference points on the number line to visualize the increments better. For 0.643, I started from 0.6, counted the tenths and then precisely estimated a little less than half a mark towards 0.7, ensuring my placement was accurate. To ensure my solution was accurate, I often double-checked my estimations against the established ranges mentioned in the problem, ensuring I could validate each answer before moving forward.\"\n        }\n    ]\n}\n```"
}