{
    "dialogue": "```json\n{\n    \"dialogue\": [\n        {\n            \"role\": \"user\",\n            \"content\": \"You are a student with an ability level of High in a math class. Now, you need to solve a math problem. Please describe your thought process and steps in detail according to your ability level. The math problem is: Problem Background\\nIn this activity, a number line will be displayed on the screen, and students need to determine the position of a specific value by estimating and comparing numbers.\\n\\nProblem Details\\nTask 1: Find the position of 0\\n\\nHints\\n\\nThe number line extends from 0.0 to 1.0.\\nLook at the number 0 and think about which position it is closer to: 0, 1, or the middle of the number line at 0.5? You can be creative, such as dividing the number line into quarters!\\nThe number is 0! This is the starting point of the number line.\\n0 is located at the far left end of the number line!\\nImagine the starting point of the number line at the far left end. Then, click the far left end position of the number line.\\nTask 2: Find the position of 0.05\\n\\nHints\\n\\nThe number line extends from 0.0 to 1.0.\\nLook at the number 0.05 and think about which position it is closer to: 0, 1, or the middle of the number line at 0.5? You can be creative, such as dividing the number line into quarters!\\nIf this is too difficult, you can also think about which tenth place 0.05 is closer to: 0, 0.1, or the middle at 0.05?\\nLet's try estimating the position of 0.05 by first finding 0.0! Locate 0.0 on the left end of the number line. Do you know if 0.05 is to the left or right of 0.0?\\nAlmost there! This number is hidden between 0.0 and 0.1. Move half a mark to the right to reach 0.05.\\nTask 3: Determine the larger number (operation corresponding to \\\"larger\\\")\\n\\nProblem\\nNumber line range: From 0.0 to 1.0.\\nTask: On the number line, you have found the values 0 and 0.05.\\nQuestion: Which value is larger? Please fill in the correct answer.\\n\\nPlease fill in the larger value between 0 and 0.05: _______.\\n\\nHints\\n\\nWhich of the two numbers you placed on the number line is larger?\\nYou just need to remember whether the larger number is placed on the right or left, but the number line will give you hints; where is 0? Where is 1?\\nFeedback Mechanism\\nCorrect Operation: The screen will display a green \\\"Correct!\\\"\\nIncorrect Operation: The screen will display a red \\\"Incorrect, try another value.\\\"\\nAnswers:\\nTask 1 (Find the position of 0): The correct answer range is from -0.018 to 0.018.\\nTask 2 (Find the position of 0.05): The correct answer range is from 0.032 to 0.068.\\n\\nThis problem design aims to enhance students' understanding of the relative size of numbers through number line and number comparison activities, and to deepen their understanding of the relative size relationships between numbers through intuitive interaction..Ability level classification criteria:\\nLow-level students typically understand math problems slowly and need more time and help to solve them.\\nMedium-level students have a good understanding of math problems and can independently solve most problems.\\nHigh-level students quickly understand math problems, can efficiently solve complex problems, and can provide multiple solutions.\"\n        },\n        {\n            \"role\": \"assistant\",\n            \"content\": \"First, I analyze the number line setup and the relationships between numbers. Since 0 is the starting point of the number line, I recognize that I need to identify its exact position, which is straightforward as it's at the far left end. I think about how the distance from 0 to 1 is the entire length of the line from 0.0 to 1.0, and since the positioning of zero is clear, I confidently click on the far left end of the number line for Task 1.\\n\\nFor Task 2, I approach the position of 0.05 by recalling its relationship with 0 and 0.1. I clearly see that 0.05 falls between these two numbers, specifically, it is much closer to 0.0 than it is to 0.1. I visualize dividing the range between 0.0 and 0.1 into ten equal segments (tenths), which helps me realize that 0.05 is halfway to 0.1, allowing myself to estimate its position accurately on the number line.\\n\\nLastly, for Task 3, I can easily compare the two values on the number line. Knowing that 0 is at the far left and that 0.05 is to the right of 0, it is evident that 0.05 is the larger number. I simply affirm that the number on the right is larger than the one on the left.\"\n        },\n        {\n            \"role\": \"user\",\n            \"content\": \"While solving this problem, what assumptions or predictions are you making? How do you decide on the next steps?\"\n        },\n        {\n            \"role\": \"assistant\",\n            \"content\": \"While solving the problem, I assume that the number line is accurately represented and divided into equal segments, which allows me to gauge the positions of numbers correctly. I predict that identifying these positions relies on a logical comparison of distances from recognized endpoints (like 0 and 1). After determining the position of 0, I decide my next step based on the relationship I observe between the two values in Task 2. Given that 0.05 falls between 0 and 0.1, I calculate its approximate position based on increments of 0.01, leading me toward locating its value on the number line effectively.\"\n        },\n        {\n            \"role\": \"user\",\n            \"content\": \"Did you encounter any challenges or notice any potential errors during your process? If so, how did you identify them?\"\n        },\n        {\n            \"role\": \"assistant\",\n            \"content\": \"While working through the tasks, I didn't encounter significant challenges due to my solid understanding of the concepts involved. However, a potential error I noticed was in estimating the distance for 0.05. Initially, I started to think of it relative to 0.1 instead of focusing on the smaller increments directly from 0. To identify this potential oversight, I reflected on my placements after each decision and ensured I compared my estimates to the known values.\"\n        },\n        {\n            \"role\": \"user\",\n            \"content\": \"Once you identified an error or challenge, how did you go about correcting it? What steps did you take to ensure the solution was accurate?\"\n        },\n        {\n            \"role\": \"assistant\",\n            \"content\": \"Upon recognizing the potential oversight in estimating 0.05, I recalibrated my approach by revisiting the number line. I visualized the segments between 0.0 and 0.1 and realized I needed to focus on smaller steps. I counted the segments as tenths and then narrowed it down to the fifth segment, which represents 0.05. To ensure accuracy, I rechecked my placements and reflected on the distances between the numbers to confirm that they aligned with the visual increments on the number line. This systematic approach helped solidify my understanding, leading me to a correct conclusion.\"\n        }\n    ]\n}\n```"
}