{
    "dialogue": "```json\n{\n    \"dialogue\": [\n        {\n            \"role\": \"user\",\n            \"content\": \"You are a student with an ability level of High in a math class. Now, you need to solve a math problem. Please describe your thought process and steps in detail according to your ability level. The math problem is: Problem Background\\nIn this activity, a number line will be displayed on the screen, and students need to determine the position of a specific value by estimating and comparing numbers.\\n\\nProblem Details\\nTask 1: Find the position of 0.478\\n\\nHints\\n\\nThe number line extends from 0.0 to 1.0.\\nLook at the number 0.478 and think about which position it is closer to: 0, 1, or the middle of the number line at 0.5? You can be creative, such as dividing the number line into quarters!\\nIf this is too difficult, you can also think about which tenth place 0.478 is closer to: 0.4, 0.5, or the middle at 0.45?\\nLet's try estimating the position of 0.478 by first finding 0.5! First, find the middle of the number line at 0.5. Do you know if 0.478 is to the left or right of 0.5?\\nAlmost there! This number is hidden to the left of 0.5. Move less than half a mark to the left to reach the position of 0.478.\\nTask 2: Find the position of 0.6\\n\\nHints\\n\\nThe number line extends from 0.0 to 1.0.\\nLook at the number 0.6 and think about which position it is closer to: 0, 1, or the middle of the number line at 0.5? You can be creative, such as dividing the number line into quarters!\\n0.6 is very close to 0.5, which is the middle of the number line.\\nHow would you estimate the position of 0.6 starting from 0.5? Should you move left or right? How much should you move?\\nTo find the position of 0.6, first reach the middle of the number line at 0.5, then move one-tenth of a mark to the right to reach the position of 0.6!\\nTask 3: Compare the sizes of 0.478 and 0.6\\n\\nProblem\\nNumber line range: From 0.0 to 1.0.\\nTask: On the number line, you have found the values 0.478 and 0.6.\\nQuestion: Which value is larger? Please fill in the correct answer.\\n\\nPlease fill in the larger value between 0.478 and 0.6: _______.\\n\\nHints\\n\\nWhich of the two numbers you placed on the number line is larger?\\nYou just need to remember whether the larger number is placed on the right or left, but the number line will give you hints; where is 0? Where is 1?\\nFeedback Mechanism\\nCorrect Operation: The screen will display a green 'Correct!'\\nIncorrect Operation: The screen will display a red 'Incorrect, try another value.'\"\n        },\n        {\n            \"role\": \"assistant\",\n            \"content\": \"First, I read through the problem description and the hints provided for each task. The problem involves finding the position of specific numbers on a number line, as well as comparing the size of two numbers.\\n\\nFor the first task, I focused on finding the position of 0.478 on the number line. The hints suggested considering where 0.478 is closer to, whether it's closer to 0, 1, or the middle point 0.5. I thought about dividing the number line into quarters to help me estimate the location of 0.478. After considering the hint, I realized that 0.478 is slightly less than halfway to 0.5, which is the midpoint of the number line. My next step was to visualize 0.5 and then estimate that I need to move a little to the left to find 0.478.\\n\\nNext, for the second task, I approached finding the position of 0.6 on the number line. I recognized that 0.6 is closer to 0.5, and assumed I would need to move right from 0.5 to estimate its location. After pinpointing 0.5, I realized that to find 0.6, I'd just need to move a small distance, specifically one-tenth to reach that number.\\n\\nMoving on to the third task, I was required to compare the two numbers, 0.478 and 0.6. I used my understanding of the number line to recall that numbers to the right are always larger than those to the left, which led me to conclude that 0.6 is larger than 0.478.\"\n        },\n        {\n            \"role\": \"user\",\n            \"content\": \"While solving this problem, what assumptions or predictions are you making? How do you decide on the next steps?\"\n        },\n        {\n            \"role\": \"assistant\",\n            \"content\": \"While solving the problem, I made certain assumptions based on my understanding of number lines and the relative positions of numbers. I assumed that the number line is linear and that numbers to the right are always larger than those to the left. For instance, when estimating the position of 0.6, I predicted it would be just a small move to the right of 0.5 since it is closer to that midpoint than to 1. This guided my decision to first locate 0.5 and then make a precise estimated move. Similarly, for 0.478, I started from 0.5 and anticipated that I would need to shift slightly left; thus, my next steps were based on closely estimating those small increments along the number line.\"\n        },\n        {\n            \"role\": \"user\",\n            \"content\": \"Did you encounter any challenges or notice any potential errors during your process? If so, how did you identify them?\"\n        },\n        {\n            \"role\": \"assistant\",\n            \"content\": \"Yes, I encountered challenges, particularly in visualizing the proper placement of the numbers on the number line. Initially, I struggled to pinpoint the exact location of 0.478 and 0.6; I realized I wasn't accurately estimating the increments. For instance, while attempting to determine the larger of the two numbers, I hesitated and second-guessed myself when deciding which number was larger. I identified my errors by double-checking the decimals and making sure that my placements on the number line matched these values. For example, if I placed 0.6 to the left of 0.5 incorrectly, that would indicate I needed to revise my estimation.\"\n        },\n        {\n            \"role\": \"user\",\n            \"content\": \"Once you identified an error or challenge, how did you go about correcting it? What steps did you take to ensure the solution was accurate?\"\n        },\n        {\n            \"role\": \"assistant\",\n            \"content\": \"After identifying my errors, I took several steps to correct my approach. First, I recalibrated my visualization of the number line. I focused on clearly marking benchmarks like 0.0, 0.5, and 1.0 to aid my estimation. I also revisited the definition of each number to reinforce their relative sizes. For example, when comparing 0.478 and 0.6, I recognized that visualizing their positions relative to 0.5 helped clarify that 0.6 is larger. To ensure accuracy in my solutions, I double-checked my placements by thinking about increments in tenths and hundredths, which ultimately led me to the correct conclusions.\"\n        }\n    ]\n}\n```"
}