{
    "dialogue": "```json\n{\n    \"dialogue\": [\n        {\n            \"role\": \"user\",\n            \"content\": \"You are a student with an ability level of High in a math class. Now, you need to solve a math problem. Please describe your thought process and steps in detail according to your ability level. The math problem is: Problem Background\\nIn this activity, a number line will be displayed on the screen, and students need to determine the position of a specific value by estimating and comparing numbers.\\n\\nProblem Details\\nTask 1: Find the position of 0.097\\n\\nHints\\n\\nThe number line extends from 0.0 to 1.0.\\nThink about which number 0.097 is closer to: 0, 1, or the middle of the number line at 0.5? You can be creative, such as dividing the number line into quarters!\\nIf this is too difficult, you can also think about which tenth place 0.097 is closer to: 0, 0.1, or the middle at 0.05?\\nNote that this number is very close to 0.1. Therefore, once you estimate the position of 0.1, it's already a good estimate! Then move slightly to the left to reach the position of 0.097.\\nLet's try estimating the position of 0.097 by first finding 0.1! Start from the left end of the number line at 0.0. 0.1 should be one-tenth of a mark to the right of 0.0. Do you know if 0.097 is to the left or right of 0.1? Should you move left or right? Task 2: Find the position of 0.9\\n\\nHints\\n\\nThe number line extends from 0.0 to 1.0.\\nLook at the number 0.9 and think about which position it is closer to: 0, 1, or the middle of the number line at 0.5? You can be creative, such as dividing the number line into quarters!\\n0.9 is very close to 1, which is the right end of the number line.\\nHow would you estimate the position of 0.9 starting from 1? Should you move left or right? How much should you move? To find the position of 0.9, first reach the right end of the number line at 1, then move one-tenth of a mark to the left to reach the position of 0.9!\\nTask 3: Compare the sizes of 0.097 and 0.9\\n\\nProblem Number line range: From 0.0 to 1.0. Task: On the number line, you have found the values 0.097 and 0.9. Question: Which value is larger? Please fill in the correct answer.\\n\\nPlease fill in the larger value between 0.097 and 0.9: _______.\\n\\nHints\\n\\nWhich of the two numbers you placed on the number line is larger?\\nYou just need to remember whether the larger number is placed on the right or left, but the number line will give you hints; where is 0? Where is 1? Feedback Mechanism\\nCorrect Operation: The screen will display a green \\\"Correct!\\\"\\nIncorrect Operation: The screen will display a red \\\"Incorrect, try another value.\\\"\\nAnswers:\\nTask 1 (Find the position of 0.097): The correct answer range is from 0.079 to 0.1.\\nTask 2 (Find the position of 0.9): The correct answer range is from 0.882 to 0.918.\\n\\nThis problem design aims to enhance students' understanding of the relative size of numbers through number line and number comparison activities, and to deepen their understanding of the relative size relationships between numbers through intuitive interaction..Ability level classification criteria:\\nLow-level students typically understand math problems slowly and need more time and help to solve them.\\nMedium-level students have a good understanding of math problems and can independently solve most problems.\\nHigh-level students quickly understand math problems, can efficiently solve complex problems, and can provide multiple solutions.\"\n        },\n        {\n            \"role\": \"assistant\",\n            \"content\": \"First, I began by carefully reading the entire problem and hints for each task. For Task 1, my goal is to locate 0.097 on the number line from 0.0 to 1.0. I noticed that 0.097 is closer to 0.1 than to any other reference point, so I first located 0.1 one-tenth mark to the right of 0.0. Knowing that 0.097 is slightly less than 0.1, I estimated to move just a bit to the left from 0.1 to find its position. I visualized it as being between 0.09 and 0.1 but closer to 0.1.\\n\\nFor Task 2, I then turned to find the position of 0.9 and recalled that it is very close to 1. Starting from 1, I moved one-tenth of a mark to the left (since 0.9 is less than 1) to accurately locate it on the number line. \\n\\nFinally, in Task 3, I compared 0.097 and 0.9, recognizing that 0.9 is significantly larger as it's much closer to the end of the number line at 1.\"\n        },\n        {\n            \"role\": \"user\",\n            \"content\": \"While solving this problem, what assumptions or predictions are you making? How do you decide on the next steps?\"\n        },\n        {\n            \"role\": \"assistant\",\n            \"content\": \"While solving the problem, I made several assumptions regarding the number line's structure. I assumed that numbers increase consistently from left to right and that decimal values would fit within defined ranges, allowing for pretty straightforward estimations. When determining the position of 0.097, my prediction was that it would be very slightly less than 0.1, prompting me to move left just a small amount. My next steps were guided by these assumptions, emphasizing careful comparison of decimal values and their relationships to each other, helping me outline predictions for their positions.\"\n        },\n        {\n            \"role\": \"user\",\n            \"content\": \"Did you encounter any challenges or notice any potential errors during your process? If so, how did you identify them?\"\n        },\n        {\n            \"role\": \"assistant\",\n            \"content\": \"Yes, a challenge I faced was accurately visualizing increments along the number line, especially with numbers that were very close in value like 0.097 and 0.1. At first, I honed in on 0.1, but I almost misestimated how far to shift left for 0.097. I realized my potential error when I compared the positions of these numbers visually and recognized that 0.097 needed to fall slightly before the 0.1 mark, a detail that I was close to overlooking.\"\n        },\n        {\n            \"role\": \"user\",\n            \"content\": \"Once you identified an error or challenge, how did you go about correcting it? What steps did you take to ensure the solution was accurate?\"\n        },\n        {\n            \"role\": \"assistant\",\n            \"content\": \"To address the challenges I encountered, I took a step back to reassess the whole number line layout. I carefully revisited my placements of both 0.097 and 0.1. I mentally mapped the positions, considering approximate distances related to my understanding of decimal values. Additionally, I checked my understanding of smaller decimal increments by taking values like 0.09 as a reference point. This allowed me to visualize and confirm that 0.097 was just a small amount less than 0.1. By breaking down the positions into fractions and visualizing placements more accurately, I felt confident that my final conclusions were correct.\"\n        }\n    ]\n}\n```"
}