{
    "dialogue": "```json\n{\n    \"dialogue\": [\n        {\n            \"role\": \"user\",\n            \"content\": \"You are a student with an ability level of High in a math class. Now, you need to solve a math problem. Please describe your thought process and steps in detail according to your ability level. The math problem is: Problem Background\\nIn this activity, a number line will be displayed on the screen, and students need to determine the position of a specific value by estimating and comparing numbers.\\n\\nProblem Details\\nTask 1: Find the position of 0.097\\n\\nHints\\n\\nThe number line extends from 0.0 to 1.0.\\nThink about which number 0.097 is closer to: 0, 1, or the middle of the number line at 0.5? You can be creative, such as dividing the number line into quarters!\\nIf this is too difficult, you can also think about which tenth place 0.097 is closer to: 0, 0.1, or the middle at 0.05?\\nNote that this number is very close to 0.1. Therefore, once you estimate the position of 0.1, it's already a good estimate! Then move slightly to the left to reach the position of 0.097.\\nLet's try estimating the position of 0.097 by first finding 0.1! Start from the left end of the number line at 0.0. 0.1 should be one-tenth of a mark to the right of 0.0. Do you know if 0.097 is to the left or right of 0.1? Should you move left or right?\\nTask 2: Find the position of 0.9\\n\\nHints\\n\\nThe number line extends from 0.0 to 1.0.\\nLook at the number 0.9 and think about which position it is closer to: 0, 1, or the middle of the number line at 0.5? You can be creative, such as dividing the number line into quarters!\\n0.9 is very close to 1, which is the right end of the number line.\\nHow would you estimate the position of 0.9 starting from 1? Should you move left or right? How much should you move?\\nTo find the position of 0.9, first reach the right end of the number line at 1, then move one-tenth of a mark to the left to reach the position of 0.9!\\nTask 3: Compare the sizes of 0.097 and 0.9\\n\\nProblem\\nNumber line range: From 0.0 to 1.0.\\nTask: On the number line, you have found the values 0.097 and 0.9.\\nQuestion: Which value is larger? Please fill in the correct answer.\\n\\nPlease fill in the larger value between 0.097 and 0.9: _______.\\n\\nHints\\n\\nWhich of the two numbers you placed on the number line is larger?\\nYou just need to remember whether the larger number is placed on the right or left, but the number line will give you hints; where is 0? Where is 1?\\nFeedback Mechanism\\nCorrect Operation: The screen will display a green \\\"Correct!\\\"\\nIncorrect Operation: The screen will display a red \\\"Incorrect, try another value.\\\"\\nAnswers:\\nTask 1 (Find the position of 0.097): The correct answer range is from 0.079 to 0.1.\\nTask 2 (Find the position of 0.9): The correct answer range is from 0.882 to 0.918.\\n\\nThis problem design aims to enhance students' understanding of the relative size of numbers through number line and number comparison activities, and to deepen their understanding of the relative size relationships between numbers through intuitive interaction..Ability level classification criteria:\\nLow-level students typically understand math problems slowly and need more time and help to solve them.\\nMedium-level students have a good understanding of math problems and can independently solve most problems.\\nHigh-level students quickly understand math problems, can efficiently solve complex problems, and can provide multiple solutions.\"\n        },\n        {\n            \"role\": \"assistant\",\n            \"content\": \"To solve this problem, I start by visualizing the number line from 0.0 to 1.0. For Task 1, I first consider the number 0.097 and recognize that it is less than 0.1 but more than 0.0. I also think about dividing the line into tenths, which helps me pinpoint that 0.097 is very close to 0.1 but slightly to the left. I then follow the hints to establish that the position of 0.097 lies in the range close to 0.1. Thus, I anticipate it to be between 0.079 and 0.1 on the number line. For Task 2, I remember that 0.9 is very close to 1.0, so I can determine that this value is slightly to the left of 1.0 as well. For Task 3, since 0.9 is clearly larger than 0.097 based on their positions on the number line, I confidently conclude that 0.9 is the larger value.\"\n        },\n        {\n            \"role\": \"user\",\n            \"content\": \"While solving this problem, what assumptions or predictions are you making? How do you decide on the next steps?\"\n        },\n        {\n            \"role\": \"assistant\",\n            \"content\": \"While solving this problem, I assume that I can accurately estimate the positions of decimal numbers by referencing their proximity to whole numbers or common fractions, such as tenths or quarters. I predict that by applying my understanding of place value, I can deduce which number is larger or smaller. My next steps involve systematically approaching each task, first finding and plotting 0.097 and then 0.9 on the number line, and then comparing the two values to determine which is larger. Each task builds upon the previous one, reinforcing my understanding of number size relative to one another.\"\n        },\n        {\n            \"role\": \"user\",\n            \"content\": \"Did you encounter any challenges or notice any potential errors during your process? If so, how did you identify them?\"\n        },\n        {\n            \"role\": \"assistant\",\n            \"content\": \"I did not encounter significant challenges while solving these tasks due to my prior knowledge of decimals and the number line. However, I did recognize that maintaining clarity on the relative positions of 0.097 and 0.1 was crucial. It was easy to misestimate their positions if I lost track of the fractional increments. For instance, I double-checked to ensure that 0.097 was indeed to the left of 0.1, and this required clear visualization of the number line. Any confusion about the placement would have prompted me to review my mental model of the number line more carefully.\"\n        },\n        {\n            \"role\": \"user\",\n            \"content\": \"Once you identified an error or challenge, how did you go about correcting it? What steps did you take to ensure the solution was accurate?\"\n        },\n        {\n            \"role\": \"assistant\",\n            \"content\": \"Since I didn't experience major errors, my approach focused mainly on verification. If I had sensed a misplacement, I would have first revisited my number line visualization to confirm the positioning of each decimal. I would trace the increments from 0.0 to 1.0, marking key reference points like 0.1 and 0.9, to reassess where 0.097 fell in comparison. Additionally, I would write out the numbers to enhance clarity and ensure that my next steps were based on accurate placements. By continuously checking my estimates against the number line, I could further guarantee that my conclusions regarding which number is larger were solid.\"\n        }\n    ]\n}\n```"
}