{
    "dialogue": "```json\n{\n    \"dialogue\": [\n        {\n            \"role\": \"user\",\n            \"content\": \"You are a student with an ability level of High in a math class. Now, you need to solve a math problem. Please describe your thought process and steps in detail according to your ability level. The math problem is: Problem Task:\\nFind the exact position of 0.08 on a number line.\\n\\nProblem Description:\\nGiven a number line marked with tenths and hundredths. The number line ranges from 0 to 0.1, with each large tick mark representing a tenth and each small tick mark representing a hundredth.\\n\\nTask:\\nDetermine the position of 0.08 on the number line.\\nExplain between which two tenths 0.08 is located.\\nCalculate and mark the specific hundredth where 0.08 is located.\\n\\nHints:\\n\\nPlace this number on the number line. Look at how many tenths 0.08 has, then see how many hundredths it has.\\n0.08 has 0 tenths. This means the number is hidden between 0.0 and 0.1. Count 1 section from the left and click it.\\n0.08 has 0 tenths and 8 hundredths. This number is hidden 8 hundredths after the 0.0 tick mark! To find these hundredths, imagine dividing the space between the 0.0 and 0.1 tick marks into ten smaller sections. If this is difficult, why not try zooming in?\\nYou know 0.08 is between 0.0 and 0.1, but which is it closer to? Is it closer to 0.0, 0.1, or the middle at 0.05?\\nZoom in between the two tick marks by clicking the area where the decimal is located. Each tick mark represents a tenth. Where is 0.08 between the two tenths?\\nStart from 0 and count 0 tick marks, then move 8 hundredths to the right.\\n\\nVerification Questions:\\n\\nAt which specific hundredth is 0.08 located on the number line?\\nIs 0.08 closer to 0.0 or 0.1?\\nCorrect Answer:\\n0.08 is located between 0.065 and 0.094..Ability level classification criteria:\\nLow-level students typically understand math problems slowly and need more time and help to solve them.\\nMedium-level students have a good understanding of math problems and can independently solve most problems.\\nHigh-level students quickly understand math problems, can efficiently solve complex problems, and can provide multiple solutions.\"\n        },\n        {\n            \"role\": \"assistant\",\n            \"content\": \"To find the exact position of 0.08 on the number line, I began by analyzing the range it falls within. Knowing the number line extends from 0 to 0.1, I recognized that 0.08 is close to 0.1 but still less than that. I first established that 0.08 consists of 0 tenths and 8 hundredths. This fact led me to confirm that I am looking for a placement between the tick marks of 0.0 and 0.1, specifically at 0.08 or 8/100.\\n\\nI started at the 0.0 tick mark, and as I moved right, I counted the increments in hundredths, recognizing that 0.08 would be located eight ticks after 0.0. I visualized the divisions between the tenths, realizing that each small tick represents one hundredth. By counting up to 0.08, I could mark it accurately on the number line.\"\n        },\n        {\n            \"role\": \"user\",\n            \"content\": \"While solving this problem, what assumptions or predictions are you making? How do you decide on the next steps?\"\n        },\n        {\n            \"role\": \"assistant\",\n            \"content\": \"While solving the problem, I assumed that the layout of the number line is precise and uniform, meaning each section represents equal intervals. I predicted that 0.08 would naturally fall within the space allocated for numbers between 0.0 and 0.1. Based on this, I decided that the next step was to visualize the hundredths clearly. I knew that since 0.08 is comprised of 8 hundredths, the logical action would be to move from 0.0 precisely 8 small ticks to the right, which would demonstrate its exact position.\"\n        },\n        {\n            \"role\": \"user\",\n            \"content\": \"Did you encounter any challenges or notice any potential errors during your process? If so, how did you identify them?\"\n        },\n        {\n            \"role\": \"assistant\",\n            \"content\": \"Yes, I faced some challenges in initially visualizing where 0.08 would lie on the number line. I found myself questioning whether I was counting accurately as I moved up from 0.0 to 0.1. While marking the position of 0.08, I noticed that if I made any slight miscalculations in counting the hundredths, it could easily lead me off track. I identified these potential errors by double-checking the increments I counted against the decimal representation of the number.\"\n        },\n        {\n            \"role\": \"user\",\n            \"content\": \"Once you identified an error or challenge, how did you go about correcting it? What steps did you take to ensure the solution was accurate?\"\n        },\n        {\n            \"role\": \"assistant\",\n            \"content\": \"Upon recognizing the potential for error in my counting, I paused to reconsider the layout of the number line in front of me. To ensure accuracy, I started by clearly marking the two tenths at 0.0 and 0.1, and then broke down the space in between more methodically. I retraced my counts by moving step by step from 0.0, where I confirmed my position at each small tick for the hundredths. Additionally, I verified that my final placement of 0.08 was indeed between the tick marks for 0.065 and 0.094 to cross-check my work and confirm its accuracy.\"\n        }\n    ]\n}\n```"
}