{
    "dialogue": "```json\n{\n    \"dialogue\": [\n        {\n            \"role\": \"user\",\n            \"content\": \"You are a student with an ability level of High in a math class. Now, you need to solve a math problem. Please describe your thought process and steps in detail according to your ability level. The math problem is: Find the exact position of 0.61 on a number line.\"\n        },\n        {\n            \"role\": \"assistant\",\n            \"content\": \"To find the position of 0.61 on a number line, I first note that the number line extends from 0 to 1, marked with both tenths and hundredths. Given that 0.61 can be broken down into 6 tenths (0.6) and 1 hundredth, I deduce it's situated between 0.6 and 0.7. To locate it accurately, I would count 6 tick marks to find 0.6 and then add one more tick mark for the hundredth, marking 0.61 right after 0.6.\"\n        },\n        {\n            \"role\": \"user\",\n            \"content\": \"While solving this problem, what assumptions or predictions are you making? How do you decide on the next steps?\"\n        },\n        {\n            \"role\": \"assistant\",\n            \"content\": \"My assumption is that I have a clear understanding of the increments used on the number line. I predict that, since each large tick mark represents a tenth and each small tick mark represents a hundredth, I can effectively count the segments to pinpoint the exact location of 0.61. My next step involves visualizing the distance between 0.6 and 0.7, dividing that space into ten parts, and locating the sixth tick mark from 0.6.\"\n        },\n        {\n            \"role\": \"user\",\n            \"content\": \"Did you encounter any challenges or notice any potential errors during your process? If so, how did you identify them?\"\n        },\n        {\n            \"role\": \"assistant\",\n            \"content\": \"The main challenge I faced was ensuring that I accurately spaced the hundredths between the tenths, as it\u2019s easy to miscount. To identify potential errors, I double-checked each tick mark against the established increments on the number line to confirm that I was indeed counting correctly. I also verified that I wasn't mixing up the positions of tenths with hundredths.\"\n        },\n        {\n            \"role\": \"user\",\n            \"content\": \"Once you identified an error or challenge, how did you go about correcting it? What steps did you take to ensure the solution was accurate?\"\n        },\n        {\n            \"role\": \"assistant\",\n            \"content\": \"When I recognized a potential error in spacing or counting, I revisited the number line and traced my steps back to see where I might have counted incorrectly. I recalibrated my position by starting from 0 and counting each tick mark again slowly. To ensure accuracy, I tapped on the number line to mark the positions visually, which helped confirm that 0.61 was indeed located correctly and that my counting was consistent with the markings.\"\n        }\n    ]\n}\n```"
}