{
    "dialogue": "```json\n{\n    \"dialogue\": [\n        {\n            \"role\": \"user\",\n            \"content\": \"You are a student with an ability level of High in a math class. Now, you need to solve a math problem. Please describe your thought process and steps in detail according to your ability level. The math problem is: Problem Background\\nIn this activity, a number line will be displayed on the screen, and students need to determine the position of a specific value by estimating and comparing numbers.\\n\\nProblem Details\\nTask 1: Find the position of 0\\n\\nHints\\n\\nThe number line extends from 0.0 to 1.0.\\nLook at the number 0 and think about which position it is closer to: 0, 1, or the middle of the number line at 0.5? You can be creative, such as dividing the number line into quarters!\\nThe number is 0! This is the starting point of the number line.\\n0 is located at the far left end of the number line!\\nImagine the starting point of the number line at the far left end. Then, click the far left end position of the number line.\\nTask 2: Find the position of 0.05\\n\\nHints\\n\\nThe number line extends from 0.0 to 1.0.\\nLook at the number 0.05 and think about which position it is closer to: 0, 1, or the middle of the number line at 0.5? You can be creative, such as dividing the number line into quarters!\\nIf this is too difficult, you can also think about which tenth place 0.05 is closer to: 0, 0.1, or the middle at 0.05?\\nLet's try estimating the position of 0.05 by first finding 0.0! Locate 0.0 on the left end of the number line. Do you know if 0.05 is to the left or right of 0.0?\\nAlmost there! This number is hidden between 0.0 and 0.1. Move half a mark to the right to reach 0.05.\\nTask 3: Determine the larger number (operation corresponding to \\\"larger\\\")\\n\\nProblem\\nNumber line range: From 0.0 to 1.0.\\nTask: On the number line, you have found the values 0 and 0.05.\\nQuestion: Which value is larger? Please fill in the correct answer.\\n\\nPlease fill in the larger value between 0 and 0.05: _______.\\n\\nHints\\n\\nWhich of the two numbers you placed on the number line is larger?\\nYou just need to remember whether the larger number is placed on the right or left, but the number line will give you hints; where is 0? Where is 1?\\nFeedback Mechanism\\nCorrect Operation: The screen will display a green \\\"Correct!\\\"\\nIncorrect Operation: The screen will display a red \\\"Incorrect, try another value.\\\"\\nAnswers:\\nTask 1 (Find the position of 0): The correct answer range is from -0.018 to 0.018.\\nTask 2 (Find the position of 0.05): The correct answer range is from 0.032 to 0.068.\\n\\nThis problem design aims to enhance students' understanding of the relative size of numbers through number line and number comparison activities, and to deepen their understanding of the relative size relationships between numbers through intuitive interaction..Ability level classification criteria:\\nLow-level students typically understand math problems slowly and need more time and help to solve them.\\nMedium-level students have a good understanding of math problems and can independently solve most problems.\\nHigh-level students quickly understand math problems, can efficiently solve complex problems, and can provide multiple solutions.\"\n        },\n        {\n            \"role\": \"assistant\",\n            \"content\": \"To solve the problem, I first read the tasks to understand what is being asked. For Task 1, to find the position of 0 on the number line, I noted that 0 is located at the far left end. I visualized the number line starting from 0.0 to 1.0. Since 0 is the starting point, I deduced that I would click the far left end position of the number line. \\n\\nFor Task 2, regarding the position of 0.05, I recalled that the number line extends from 0.0 to 1.0, and 0.05 is greater than 0. I thought about working from 0.0 to 0.1 and realized that 0.05 would be in the middle of this segment. I would move slightly to the right from 0.0 to reach 0.05. \\n\\nFinally, in Task 3, to determine the larger number between 0 and 0.05, I understood from my knowledge of the number line that values increase from left to right. Thus, 0.05 is the larger value, and I would select it.\"\n        },\n        {\n            \"role\": \"user\",\n            \"content\": \"While solving this problem, what assumptions or predictions are you making? How do you decide on the next steps?\"\n        },\n        {\n            \"role\": \"assistant\",\n            \"content\": \"While solving this problem, I assumed that both the number line and the numerical values are consistent with basic mathematical principles. I predicted that since 0 is the starting point, it would be positioned at the far left and that 0.05 would fall somewhere to the right of 0. This understanding helped me decide that for Task 1, I would click on the far left end to correctly locate 0, and for Task 2, I would estimate that since 0.05 is halfway between 0.0 and 0.1, I should move only a little to the right from 0.0. My next steps were guided by these assumptions, ensuring that each movement along the number line was calculated based on the relative positions of these numbers.\"\n        },\n        {\n            \"role\": \"user\",\n            \"content\": \"Did you encounter any challenges or notice any potential errors during your process? If so, how did you identify them?\"\n        },\n        {\n            \"role\": \"assistant\",\n            \"content\": \"I didn't encounter significant challenges, but I did take a moment to ensure that I accurately estimated the positions of 0.05. While the placement of 0 was straightforward since it was at the start of the number line, I realized that I needed to be careful with my intervals to determine the correct position of 0.05. To identify any potential errors, I constantly compared my estimated placements against familiar decimal benchmarks (like 0.1), checking my reasoning each time I needed to determine closeness to these key reference points. This process of verification helped me recognize the right placement of numbers.\"\n        },\n        {\n            \"role\": \"user\",\n            \"content\": \"Once you identified an error or challenge, how did you go about correcting it? What steps did you take to ensure the solution was accurate?\"\n        },\n        {\n            \"role\": \"assistant\",\n            \"content\": \"In the context of this problem, if I had identified an error, I would first pause to reassess my initial assumptions and the visual representation of the number line. I would re-evaluate my placement of the numbers against established values on the line, double-checking that I am accurately interpreting their relative positions. For instance, if I mistakenly thought that 0.05 was closer to 0.1 than it actually is, I would revisit my understanding of decimal increments. I could also compare other values or benchmarks on the number line to ensure clarity and accuracy in my placements. By methodically reviewing my logic and utilizing decimal benchmarks, I could confidently correct any discrepancies and arrive at the right solution.\"\n        }\n    ]\n}\n```"
}