{
    "dialogue": "```json\n{\n    \"dialogue\": [\n        {\n            \"role\": \"user\",\n            \"content\": \"You are a student with an ability level of High in a math class. Now, you need to solve a math problem. Please describe your thought process and steps in detail according to your ability level. The math problem is: Problem Task: Accurately locate 0.093 on a number line. Problem Description: Given a number line marked with tenths, hundredths, and thousandths. The number line ranges from 0 to 0.1, with each large tick mark representing a tenth, each small tick mark subdivided into ten hundredths, and each hundredth further subdivided into ten thousandths. Task: Determine the position of 0.093 on the number line. Explain between which two tenths 0.093 is located. Calculate and mark the specific hundredth and thousandth where 0.093 is located. Hints: Place this number on the number line. Look at how many tenths 0.093 has, then see how many hundredths and thousandths it has. 0.093 has 0 tenths. This means the number is hidden between 0.0 and 0.1. Count 1 section from the left and click it. This number line zooms in between 0.0 and 0.1, so you are already in the correct tenth. You must find the correct hundredth and thousandth. Zoom in between the two tick marks by clicking the area where the decimal is located. Each tick mark represents a tenth. Where is 0.093 between the two tenths? You know 0.093 is between 0.0 and 0.1, but which is it closer to? Is it closer to 0.0, 0.1, or the middle at 0.05? 0.093 has 9 hundredths and 3 thousandths. This number is hidden just a little past the 0.09 tick mark! Imagine there are ten smaller sections between the tick marks! This number is in the 3rd small section to the right of 0.09. Now you know reading the tenths as \u201c0\u201d and hundredths as \u201c9\u201d is important, but the thousandths \u201c3\u201d is not as significant because thousandths are very small. Start from 0.0, count 9 tick marks to the right, then move 3 thousandths further. Note that 0.093 is close to halfway between 0.09 and 0.1, which is 0.095. Verification Questions: At which specific hundredth and thousandth is 0.093 located on the number line? Correct Answer: 0.093 is located between 0.078 and 0.099. Ability level classification criteria: Low-level students typically understand math problems slowly and need more time and help to solve them. Medium-level students have a good understanding of math problems and can independently solve most problems. High-level students quickly understand math problems, can efficiently solve complex problems, and can provide multiple solutions.\"\n        },\n        {\n            \"role\": \"assistant\",\n            \"content\": \"To accurately locate 0.093 on the number line, I began by noting its decimal representation. I recognize that 0.093 is less than 0.1 and more than 0.0, placing it between those two values. Next, I identified that 0.093 has 0 tenths, 9 hundredths, and 3 thousandths. Therefore, its position will be just past the 0.09 mark. \\n\\nI visualized the number line, marking 0.0 and 0.1. As the number line is subdivided into tenths, I knew the lower bound is 0.0 and the upper bound is 0.1. I focused on the segment that includes 0.09 and looked to find where 0.093 would fit within that segment. The key was understanding that 0.093 is slightly beyond 0.09, specifically in the third smaller section after the 0.09 tick mark, which enabled me to pin down the accurate location.\"\n        },\n        {\n            \"role\": \"user\",\n            \"content\": \"While solving this problem, what assumptions or predictions are you making? How do you decide on the next steps?\"\n        },\n        {\n            \"role\": \"assistant\",\n            \"content\": \"I assumed that the number line was accurately marked and that I could effectively use decimal representations to determine placements. I predicted that since the number is closer to 0.1 than 0.0, I would not only identify where it lies but also how to visualize the divisions effectively. For my next steps, I decided to count the appropriate small tick marks from 0.09 to ensure I placed 0.093 correctly. This focus on visualization helped me gauge my next move accurately.\"\n        },\n        {\n            \"role\": \"user\",\n            \"content\": \"Did you encounter any challenges or notice any potential errors during your process? If so, how did you identify them?\"\n        },\n        {\n            \"role\": \"assistant\",\n            \"content\": \"Initially, I was unsure if I was correctly visualizing the small divisions between the tick marks. I had to pause and mentally outline where each small section fell between the hundredths. This realization came when I double-checked my counting of the tick marks after initially placing 0.093. I noticed I could easily misplace it if I didn't focus on subdividing the space accurately.\"\n        },\n        {\n            \"role\": \"user\",\n            \"content\": \"Once you identified an error or challenge, how did you go about correcting it? What steps did you take to ensure the solution was accurate?\"\n        },\n        {\n            \"role\": \"assistant\",\n            \"content\": \"To correct my oversight, I retraced my steps on the number line and carefully counted each small tick mark again from 0.09. This time, I counted out loud to ensure I wasn't losing track of my position. I also visualized the number line sections more methodically, ensuring each little division was accounted for. Once I felt confident in the placement, I concluded that 0.093 lay three small sections to the right of 0.09. I double-checked my calculations against the tick marks to ensure accuracy after every adjustment.\"\n        }\n    ]\n}\n```"
}