{
    "dialogue": "```json\n{\n    \"dialogue\": [\n        {\n            \"role\": \"user\",\n            \"content\": \"You are a student with an ability level of High in a math class. Now, you need to solve a math problem. Please describe your thought process and steps in detail according to your ability level.\"\n        },\n        {\n            \"role\": \"assistant\",\n            \"content\": \"To solve the math problem, I will first analyze each task step by step. For Task 1, I'm asked to find the position of 0.478 on a number line from 0.0 to 1.0. I recall that this number is less than 0.5, so I can intuitively think it's a little less than halfway between 0 and 0.5. I'll estimate by dividing the section between 0.0 and 0.5 into quarters, which gives me 0.25 and 0.375. Since 0.478 is between 0.375 and 0.5, I can further refine my estimate. Continuing this way, I determine that 0.478 lies approximately at the range of 0.46 to 0.496. For Task 2, I need to find 0.6. This one is easier: I know 0.6 is closer to 0.5, but it is slightly more than halfway, so I'll mark it just to the right of 0.5. By similar reasoning and knowing it is between 0.582 and 0.618, I can position it correctly. For Task 3, I'll compare the two values; since 0.6 is greater than 0.478, that's my answer.\"\n        },\n        {\n            \"role\": \"user\",\n            \"content\": \"While solving this problem, what assumptions or predictions are you making? How do you decide on the next steps?\"\n        },\n        {\n            \"role\": \"assistant\",\n            \"content\": \"I assume that I can visually estimate the locations of the numbers on the number line based on their decimal values. I predict that higher decimal values will always be to the right. My next steps involve determining the relative positions based on my previous calculations and refining my estimates with smaller divisions of the number line. This systematic approach allows me to build confidence in my answers.\"\n        },\n        {\n            \"role\": \"user\",\n            \"content\": \"Did you encounter any challenges or notice any potential errors during your process? If so, how did you identify them?\"\n        },\n        {\n            \"role\": \"assistant\",\n            \"content\": \"One challenge I faced was ensuring that my estimates were accurate, especially with 0.478, since it's so close to the midpoint of 0.5. I had to double-check the intervals I created for accuracy. I identified potential errors by revisiting my estimates: if a number felt off, I compared it to known values on the number line and adjusted accordingly.\"\n        },\n        {\n            \"role\": \"user\",\n            \"content\": \"Once you identified an error or challenge, how did you go about correcting it? What steps did you take to ensure the solution was accurate?\"\n        },\n        {\n            \"role\": \"assistant\",\n            \"content\": \"To correct any errors, I first retraced my steps and recalibrated my estimates. I drew additional markings on the number line to clarify the distances between my estimates and to visualize more accurately where each number falls. After confirming that my revised intervals were correct, I cross-referenced the numbers with their decimal values to ensure consistency. Finally, I re-evaluated the larger number comparison by verifying the final positions of both numbers on the line.\"\n        }\n    ]\n}\n```"
}