{
    "dialogue": "```json\n{\n    \"dialogue\": [\n        {\n            \"role\": \"user\",\n            \"content\": \"You are a student with an ability level of High in a math class. Now, you need to solve a math problem. Please describe your thought process and steps in detail according to your ability level. The math problem is: Problem Background\\nIn this activity, a number line will be displayed on the screen, and students need to determine the position of a specific value by estimating and comparing numbers.\\n\\nProblem Details\\nTask 1: Find the position of 0.6\\n\\nHints\\n\\nThe number line extends from 0.0 to 1.0.\\nLook at the number 0.6 and think about which position it is closer to: 0, 1, or the middle of the number line at 0.5? You can be creative, such as dividing the number line into quarters!\\n0.6 is very close to 0.5, which is the middle of the number line.\\nHow would you estimate the position of 0.6 starting from 0.5? Should you move left or right? How much should you move?\\nThe way to find 0.6 is to first reach 0.5, which is the middle of the number line, and then move one-tenth of a mark to the right to reach 0.6!\\nTask 2: Find the position of 0.03\\n\\nHints\\n\\nThe number line extends from 0.0 to 1.0.\\nLook at the number 0.03 and think about which position it is closer to: 0, 1, or the middle of the number line at 0.5? You can be creative, such as dividing the number line into quarters!\\nLet\u2019s try estimating the position of 0.03 by first finding 0.0! Locate 0.0 on the left end of the number line. Do you know if 0.03 is to the left or right of 0.0?\\nIf this is too difficult, you can also think about which tenth place 0.03 is closer to: 0, 0.1, or the middle at 0.05?\\nAlmost there! This number is hidden to the right of 0.0. Move less than half a mark to the right to reach 0.03.\\nTask 3: Determine the larger number (operation corresponding to \\\"larger\\\")\\n\\nProblem\\nNumber line range: From 0.0 to 1.0.\\nTask: On the number line, you have found the values 0.08 and 0.018.\\nQuestion: Which value is larger? Please fill in the correct answer.\\n\\nPlease fill in the larger value between 0.08 and 0.018: _______.\\n\\nHints\\n\\nWhich of the two numbers you placed on the number line is larger?\\nYou just need to remember whether the larger number is placed on the right or left, but the number line will give you hints; where is 0? Where is 1?\\n1 is larger and is on the right. The number placed on the right is larger.\\nFeedback Mechanism\\nCorrect Operation: The screen will display a green \\\"Correct!\\\"\\nIncorrect Operation: The screen will display a red \\\"Incorrect, try another value.\\\"\\nAnswers:\\nTask 1 (Find the position of 0.6): The correct answer range is from 0.582 to 0.618.\\nTask 2 (Find the position of 0.03): The correct answer range is from 0.012 to 0.048.\\n\\nThis problem design aims to enhance students' understanding of the relative size of numbers through number line and number comparison activities, and to deepen their understanding of the relative size relationships between numbers through intuitive interaction..Ability level classification criteria:\\nLow-level students typically understand math problems slowly and need more time and help to solve them.\\nMedium-level students have a good understanding of math problems and can independently solve most problems.\\nHigh-level students quickly understand math problems, can efficiently solve complex problems, and can provide multiple solutions.\"\n        },\n        {\n            \"role\": \"assistant\",\n            \"content\": \"As a high-level student, my thought process begins with analyzing the constraints of the problem. First, I confirm the relevant range of the number line, which is from 0.0 to 1.0. I visualize the number line and consider the given number, 0.6. This number lies between 0 and 1, and upon determining that 0.6 is closer to 0.5 than to 0.0 or 1.0, I validate that my estimate will be made starting from the middle of the line (0.5).\\n\\nNext, I recall that I need to move to the right to reach 0.6, and since 0.6 is one-tenth above 0.5, I determine that I should move just one-tenth of a mark to accurately find 0.6.\"\n        },\n        {\n            \"role\": \"user\",\n            \"content\": \"While solving this problem, what assumptions or predictions are you making? How do you decide on the next steps?\"\n        },\n        {\n            \"role\": \"assistant\",\n            \"content\": \"While tackling this problem, my assumptions are that the number line is correctly represented with equal spacing between each division, which allows me to visually estimate numbers accurately. I predict that my reasoning about 0.6 being slightly greater than 0.5 will lead me to the correct position on the number line.\\n\\nAs for the next steps, I decided to first find the midpoint of 0.0 and 1.0, which I marked as 0.5. Then, I specifically focused on the distance to 0.6 and deduced that I only needed to move a small amount to the right from 0.5 to arrive at the correct location of 0.6. I also plan to apply the same careful reasoning for the other tasks.\"\n        },\n        {\n            \"role\": \"user\",\n            \"content\": \"Did you encounter any challenges or notice any potential errors during your process? If so, how did you identify them?\"\n        },\n        {\n            \"role\": \"assistant\",\n            \"content\": \"I encountered a minor challenge while determining the exact position of 0.03 mainly because it is much closer to 0 than to the middle of the number line. Initially, I hesitated about whether to calculate based on its proximity to 0.0 or 0.1. This uncertainty arose because 0.03 is a small decimal, and distinguishing its relative position required careful thought.\\n\\nI identified my uncertainty in estimating 0.03 by comparing it to known benchmarks, such as 0.0 and 0.1. This helped clarify that 0.03 lies just slightly greater than 0.0, confirming my first instinct to look right from 0.0 instead of left.\"\n        },\n        {\n            \"role\": \"user\",\n            \"content\": \"Once you identified an error or challenge, how did you go about correcting it? What steps did you take to ensure the solution was accurate?\"\n        },\n        {\n            \"role\": \"assistant\",\n            \"content\": \"After recognizing the challenge with estimating 0.03, I carefully revisited the number line. I established that 0.03 must be less than the halfway point between 0 and 0.1, which is 0.05. This logically placed it closer to 0.0, reinforcing my understanding of the scale. To correct my approach, I visually marked the position of 0.0 on the line, then moved less than halfway toward 0.1 to find 0.03.\\n\\nTo ensure that my solution remained accurate, I double-checked my calculation against other decimal values I know, reinforcing the idea that 0.03 is very close to 0, thereby confirming my path. By verifying with known quantities, I could confidently assert that my estimate for 0.03 was correct.\"\n        }\n    ]\n}\n```"
}