{
    "dialogue": "{\n  \"dialogue\": [\n    { \"role\": \"user\", \"content\": \"You are a student with an ability level of High in a math class. Now, you need to solve a math problem. Please describe your thought process and steps in detail according to your ability level. The math problem is: Problem Background\\nIn this activity, a number line will be displayed on the screen, and students need to determine the position of a specific value by estimating and comparing numbers.\\n\\nProblem Details\\nTask 1: Find the position of 0.349\\n\\nHints\\n\\nThe number line extends from 0.0 to 1.0.\\nLook at the number 0.349 and think about which position it is closer to: 0, 1, or the middle of the number line at 0.5? You can be creative, such as dividing the number line into quarters!\\nIf this is too difficult, you can also think about which tenth place 0.349 is closer to: 0.3, 0.4, or the middle at 0.35?\\nLet's try estimating the position of 0.349 by first finding 0.3! Finding 0.3 is somewhat difficult, but do you know that one-third of the number line is 0.333? This is very close to 0.349! Imagine the number line is divided into three large, imaginary parts, then count one large, imaginary part to the right from 0.0 to reach 0.333.\\nAlmost there! This number is to the right of 0.333, which is one-third of the number line. Move less than 0.02, which is less than a full mark, to the right to reach 0.349.\\nTask 2: Find the position of 0.893\\n\\nHints\\n\\nThe number line extends from 0.0 to 1.0.\\nLook at the number 0.893 and think about which position it is closer to: 0, 1, or the middle of the number line at 0.5? You can be creative, such as dividing the number line into quarters!\\nIf this is too difficult, you can also think about which tenth place 0.893 is closer to: 0.8, 0.9, or the middle at 0.85?\\nLet's try estimating the position of 0.893 by first finding 0.9! Finding 0.9 is somewhat difficult, but do you know that nine-tenths of the number line is 0.9? This is very close to 0.893! Imagine the number line is divided into ten parts, then count nine large, imaginary parts to the right from 0.0.\\nAlmost there! This number is to the left of 0.9, which is nine-tenths of the number line. Move less than a full mark to the left to reach 0.893.\\nTask 3: Determine the larger number (operation corresponding to \\\"larger\\\")\\n\\nProblem\\nNumber line range: From 0.0 to 1.0.\\nTask: On the number line, you have found the values 0.349 and 0.893.\\nQuestion: Which value is larger? Please fill in the correct answer.\\n\\nPlease fill in the larger value between 0.349 and 0.893: _______.\\n\\nHints\\n\\nWhich of the two numbers you placed on the number line is larger?\\nYou just need to remember whether the larger number is placed on the right or left, but the number line will give you hints; where is 0? Where is 1?\\nFeedback Mechanism\\nCorrect Operation: The screen will display a green \\\"Correct!\\\"\\nIncorrect Operation: The screen will display a red \\\"Incorrect, try another value.\\\"\\nAnswers:\\nTask 1 (Find the position of 0.349): The correct answer range is from 0.331 to 0.367.\\nTask 2 (Find the position of 0.893): The correct answer range is from 0.875 to 0.91.\\n\\nThis problem design aims to enhance students' understanding of the relative size of numbers through number line and number comparison activities, and to deepen their understanding of the relative size relationships between numbers through intuitive interaction..Ability level classification criteria:\\nLow-level students typically understand math problems slowly and need more time and help to solve them.\\nMedium-level students have a good understanding of math problems and can independently solve most problems.\\nHigh-level students quickly understand math problems, can efficiently solve complex problems, and can provide multiple solutions.\"\n    },\n    { \"role\": \"assistant\", \"content\": \"First, I read through the problem description and the hints provided for each task. The problem involves finding the position of specific numbers on a number line, as well as comparing the size of two numbers.\\n\\nFor the first task, I focused on finding the position of 0.349 on the number line. The hint suggested considering where 0.349 is closer to, whether it's closer to 0, 1, or the middle point 0.5. I thought about dividing the number line into quarters to help me estimate the location of 0.349. After considering the hint, I realized that 0.349 is very close to 0.3, and I used the suggestion to imagine the number line divided into three large, imaginary parts. Then, I counted one large, imaginary part to the right from 0.0 to reach 0.333. This helped me estimate the position of 0.349 accurately.\\n\\nNext, for the second task, I approached finding the position of 0.893 on the number line. I used the hint to think about which position 0.893 is closer to and estimated that it's to the left of 0.9. This helped me make the right move and get to the accurate position of 0.893.\\n\\nMoving on to the third task, I was able to compare the numbers 0.349 and 0.893 accurately and verify the larger value, based on the hints provided. I also noticed that I made a mistake in inputting the values for the first task but corrected it in subsequent attempts. For the second task, I input the correct value on the first attempt.\\n\\nOverall, I initially faced challenges in estimating the positions of the numbers on the number line, but careful reading of hints and using the some imagination helped me correct my mistakes and obtain the correct solutions for the tasks.\" },\n    { \"role\": \"user\", \"content\": \"While solving this problem, what assumptions or predictions are you making? How do you decide on the next steps?\" },\n    { \"role\": \"assistant\", \"content\": \"While solving the problem, I made certain assumptions based on my understanding of number lines and the relative positions of numbers. I assumed that the number line is linear and that numbers to the right are always larger than those to the left. For instance, when estimating the position of 0.349, I predicted it would be just a small move to the right of 0.333 since it is closer to that value than to 0.5 or 0.4. This guided my decision to first locate 0.3 and then make a precise estimated move to the right. Similarly, for 0.893, I started by thinking about its position compared to 0.9 and made the necessary steps. Thus, my next steps were based on closely estimating those small increments along the number line.\" },\n    { \"role\": \"user\", \"content\": \"Did you encounter any challenges or notice any potential errors during your process? If so, how did you identify them?\" },\n    { \"role\": \"assistant\", \"content\": \"Yes, I encountered challenges, particularly in estimating the positions of the numbers on the number line. Initially, I struggled to pinpoint the exact location of 0.349 and 0.893; I realized I wasn't accurately estimating the increments. For example, while attempting to determine where 0.349 fell, I found myself hesitating and second-guessing the right next step. I identified my errors by evaluating whether my estimated positions matched the correct ranges and were consistent with the description in the hints. If I found discrepancies, it indicated a potential mistake in my estimation.\" },\n    { \"role\": \"user\", \"content\": \"Once you identified an error or challenge, how did you go about correcting it? What steps did you take to ensure the solution was accurate?\" },\n    { \"role\": \"assistant\", \"content\": \"After identifying my errors, I took several steps to correct my approach. First, I recalibrated my visualization of the number line. I focused on clearly marking benchmarks like 0.0, 0.5, and 1.0 to aid my estimation. I also revisited the relative positions of the numbers and the suggested increments to guide my corrections. For example, when estimating the position of 0.349, I ensured that my move to the right was less than 0.02 from 0.333, which helped me get close to the accurate position. Finally, I verified my solution by comparing it to the correct ranges provided, which led me to the correct conclusions.\" }\n  ]\n}"
}