{
    "dialogue": "```json\n{\n    \"dialogue\": [\n        {\n            \"role\": \"user\",\n            \"content\": \"You are a student with an ability level of High in a math class. Now, you need to solve a math problem. Please describe your thought process and steps in detail according to your ability level. The math problem is: Problem Task:\\nFind the exact position of 0.08 on a number line.\\n\\nProblem Description:\\nGiven a number line marked with tenths and hundredths. The number line ranges from 0 to 0.1, with each large tick mark representing a tenth and each small tick mark representing a hundredth.\\n\\nTask:\\nDetermine the position of 0.08 on the number line.\\nExplain between which two tenths 0.08 is located.\\nCalculate and mark the specific hundredth where 0.08 is located.\\n\\nHints:\\n\\nPlace this number on the number line. Look at how many tenths 0.08 has, then see how many hundredths it has.\\n0.08 has 0 tenths. This means the number is hidden between 0.0 and 0.1. Count 1 section from the left and click it.\\n0.08 has 0 tenths and 8 hundredths. This number is hidden 8 hundredths after the 0.0 tick mark! To find these hundredths, imagine dividing the space between the 0.0 and 0.1 tick marks into ten smaller sections. If this is difficult, why not try zooming in?\\nYou know 0.08 is between 0.0 and 0.1, but which is it closer to? Is it closer to 0.0, 0.1, or the middle at 0.05?\\nZoom in between the two tick marks by clicking the area where the decimal is located. Each tick mark represents a tenth. Where is 0.08 between the two tenths?\\nStart from 0 and count 0 tick marks, then move 8 hundredths to the right.\\n\\nVerification Questions:\\n\\nAt which specific hundredth is 0.08 located on the number line?\\nIs 0.08 closer to 0.0 or 0.1?\\nCorrect Answer:\\n0.08 is located between 0.065 and 0.094..Ability level classification criteria:\\nLow-level students typically understand math problems slowly and need more time and help to solve them.\\nMedium-level students have a good understanding of math problems and can independently solve most problems.\\nHigh-level students quickly understand math problems, can efficiently solve complex problems, and can provide multiple solutions.\"\n        },\n        {\n            \"role\": \"assistant\",\n            \"content\": \"To find the position of 0.08 on the number line, I first recognize that this number is between 0.0 and 0.1. Since I can see that 0.08 has no tenths, I understand that I am starting between these two values. I will mark each tenth clearly on the line and then look at the hundredths. Each hundredth is a smaller division between those tenths and since 0.08 has 8 hundredths, I will count eight divisions from the 0.0 mark, placing my point at about 0.08 specifically. This will allow me to pinpoint the location accurately.\"\n        },\n        {\n            \"role\": \"user\",\n            \"content\": \"While solving this problem, what assumptions or predictions are you making? How do you decide on the next steps?\"\n        },\n        {\n            \"role\": \"assistant\",\n            \"content\": \"I assume that the number line is correctly marked with equal divisions for tenths and hundredths. Since I know that each tenth is divided into ten smaller sections for the hundredths, I can predict that by moving eight sections from 0.0, I will arrive at the correct position for 0.08. My next step is to carefully count the divisions from 0.0 to accurately reach the eighth small tick mark.\"\n        },\n        {\n            \"role\": \"user\",\n            \"content\": \"Did you encounter any challenges or notice any potential errors during your process? If so, how did you identify them?\"\n        },\n        {\n            \"role\": \"assistant\",\n            \"content\": \"As I was counting the hundredths, I briefly lost track and had to ensure that I was not miscounting, which could place me inaccurately on the number line. I identified this potential error by double-checking my counts after reaching the eighth mark, confirming that I was adhering closely to the divisions between 0.0 and 0.1.\"\n        },\n        {\n            \"role\": \"user\",\n            \"content\": \"Once you identified an error or challenge, how did you go about correcting it? What steps did you take to ensure the solution was accurate?\"\n        },\n        {\n            \"role\": \"assistant\",\n            \"content\": \"To correct any miscounts, I retraced my steps back to the 0.0 mark and recounted my moves to ensure accuracy. I made sure to focus on the ticks clearly marked on the number line. By being attentive and possibly using my finger to track each division physically, I was able to verify that I did reach 0.08 accurately. I also double-checked that 0.08 stays within the range of the expected hundredths and positioned it correctly between the relevant tenths.\"\n        }\n    ]\n}\n```"
}