{
    "dialogue": "```json\n{\n    \"dialogue\": [\n        {\n            \"role\": \"user\",\n            \"content\": \"You are a student with an ability level of High in a math class. Now, you need to solve a math problem. Please describe your thought process and steps in detail according to your ability level. The math problem is: Problem Background\\nIn this activity, a number line will be displayed on the screen, and students need to determine the position of a specific value by estimating and comparing numbers.\\n\\nProblem Details\\nTask 1: Find the position of 0\\n\\nHints\\nThe number line extends from 0.0 to 1.0.\\nLook at the number 0 and think about which position it is closer to: 0, 1, or the middle of the number line at 0.5? You can be creative, such as dividing the number line into quarters!\\nThe number is 0! This is the starting point of the number line.\\n0 is located at the far left end of the number line!\\nImagine the starting point of the number line at the far left end. Then, click the far left end position of the number line.\\nTask 2: Find the position of 0.05\\n\\nHints\\nThe number line extends from 0.0 to 1.0.\\nLook at the number 0.05 and think about which position it is closer to: 0, 1, or the middle of the number line at 0.5? You can be creative, such as dividing the number line into quarters!\\nIf this is too difficult, you can also think about which tenth place 0.05 is closer to: 0, 0.1, or the middle at 0.05?\\nLet's try estimating the position of 0.05 by first finding 0.0! Locate 0.0 on the left end of the number line. Do you know if 0.05 is to the left or right of 0.0?\\nAlmost there! This number is hidden between 0.0 and 0.1. Move half a mark to the right to reach 0.05.\\nTask 3: Determine the larger number (operation corresponding to \\\"larger\\\")\\n\\nProblem\\nNumber line range: From 0.0 to 1.0.\\nTask: On the number line, you have found the values 0 and 0.05.\\nQuestion: Which value is larger? Please fill in the correct answer.\\n\\nPlease fill in the larger value between 0 and 0.05: _______.\\n\\nHints\\nWhich of the two numbers you placed on the number line is larger?\\nYou just need to remember whether the larger number is placed on the right or left, but the number line will give you hints; where is 0? Where is 1?\\nFeedback Mechanism\\nCorrect Operation: The screen will display a green \\\"Correct!\\\"\\nIncorrect Operation: The screen will display a red \\\"Incorrect, try another value.\\\"\\nAnswers:\\nTask 1 (Find the position of 0): The correct answer range is from -0.018 to 0.018.\\nTask 2 (Find the position of 0.05): The correct answer range is from 0.032 to 0.068.\\n\\nThis problem design aims to enhance students' understanding of the relative size of numbers through number line and number comparison activities, and to deepen their understanding of the relative size relationships between numbers through intuitive interaction..Ability level classification criteria:\\nLow-level students typically understand math problems slowly and need more time and help to solve them.\\nMedium-level students have a good understanding of math problems and can independently solve most problems.\\nHigh-level students quickly understand math problems, can efficiently solve complex problems, and can provide multiple solutions.\"\n        },\n        {\n            \"role\": \"assistant\",\n            \"content\": \"First, I carefully read the problem details and hints for each task. I know that the number line is from 0.0 to 1.0, so I visualize the positions of 0, 0.5, and 1 to help me. For Task 1, I recognize that 0 is at the far left end, which is straightforward. For Task 2, I estimate that 0.05 is slightly to the right of 0.0, making this process visual and intuitive. I might consider dividing the line into segments to place 0.05 accurately. Regarding Task 3, I understand that by comparing 0 and 0.05, I can apply basic number sense to determine the larger value.\"\n        },\n        {\n            \"role\": \"user\",\n            \"content\": \"While solving this problem, what assumptions or predictions are you making? How do you decide on the next steps?\"\n        },\n        {\n            \"role\": \"assistant\",\n            \"content\": \"I assume the tasks build upon each other, meaning that my understanding of the first task will help me with the subsequent ones. For instance, finding 0 allows me to think about the nearby numbers more effectively. I predict that since 0.05 is greater than 0, it will require precise estimation. I decide to move step-by-step, first locating the known value of 0 before identifying the exact position of 0.05, ensuring my approach is logical.\"\n        },\n        {\n            \"role\": \"user\",\n            \"content\": \"Did you encounter any challenges or notice any potential errors during your process? If so, how did you identify them?\"\n        },\n        {\n            \"role\": \"assistant\",\n            \"content\": \"Initially, I felt a bit uncertain about placing 0.05 accurately on the number line since it's so close to 0. I realized that I could confuse the decimal placements, so I double-checked my reasoning about which segment to estimate between. The visual aspect of the number line helps me contrast 0.0, 0.05, and 0.1, making potential mistakes easier to catch.\"\n        },\n        {\n            \"role\": \"user\",\n            \"content\": \"Once you identified an error or challenge, how did you go about correcting it? What steps did you take to ensure the solution was accurate?\"\n        },\n        {\n            \"role\": \"assistant\",\n            \"content\": \"Once I recognized the challenge with 0.05's placement, I revisited the hints and reframed my approach. I recalibrated my estimation by referring back to the segments on the number line\u2014considering each tenth place helped clarify my understanding. I ensured accuracy by mentally referencing the position of both 0 and 0.1 and confirming that 0.05 is indeed halfway between those values. After correcting my placement, I confidently assessed the larger number, reinforcing my logical reasoning throughout the process.\"\n        }\n    ]\n}\n```"
}