{
    "dialogue": "```json\n{\n    \"dialogue\": [\n        {\n            \"role\": \"user\",\n            \"content\": \"You are a student with an ability level of High in a math class. Now, you need to solve a math problem. Please describe your thought process and steps in detail according to your ability level. The math problem is: Problem Background\\nIn this activity, a number line will be displayed on the screen, and students need to determine the position of a specific value by estimating and comparing numbers.\\n\\nProblem Details\\nTask 1: Find the position of 0.6\\n\\nHints\\n\\nThe number line extends from 0.0 to 1.0.\\nLook at the number 0.6 and think about which position it is closer to: 0, 1, or the middle of the number line at 0.5? You can be creative, such as dividing the number line into quarters!\\n0.6 is very close to 0.5, which is the middle of the number line.\\nHow would you estimate the position of 0.6 starting from 0.5? Should you move left or right? How much should you move?\\nThe way to find 0.6 is to first reach 0.5, which is the middle of the number line, and then move one-tenth of a mark to the right to reach 0.6!\\nTask 2: Find the position of 0.03\\n\\nHints\\n\\nThe number line extends from 0.0 to 1.0.\\nLook at the number 0.03 and think about which position it is closer to: 0, 1, or the middle of the number line at 0.5? You can be creative, such as dividing the number line into quarters!\\nLet\u2019s try estimating the position of 0.03 by first finding 0.0! Locate 0.0 on the left end of the number line. Do you know if 0.03 is to the left or right of 0.0?\\nIf this is too difficult, you can also think about which tenth place 0.03 is closer to: 0, 0.1, or the middle at 0.05?\\nAlmost there! This number is hidden to the right of 0.0. Move less than half a mark to the right to reach 0.03.\\nTask 3: Determine the larger number (operation corresponding to \\\"larger\\\")\\n\\nProblem\\nNumber line range: From 0.0 to 1.0.\\nTask: On the number line, you have found the values 0.08 and 0.018.\\nQuestion: Which value is larger? Please fill in the correct answer.\\n\\nPlease fill in the larger value between 0.08 and 0.018: _______.\\n\\nHints\\n\\nWhich of the two numbers you placed on the number line is larger?\\nYou just need to remember whether the larger number is placed on the right or left, but the number line will give you hints; where is 0? Where is 1?\\n1 is larger and is on the right. The number placed on the right is larger.\\nFeedback Mechanism\\nCorrect Operation: The screen will display a green \\\"Correct!\\\"\\nIncorrect Operation: The screen will display a red \\\"Incorrect, try another value.\\\"\\nAnswers:\\nTask 1 (Find the position of 0.6): The correct answer range is from 0.582 to 0.618.\\nTask 2 (Find the position of 0.03): The correct answer range is from 0.012 to 0.048.\\n\\nThis problem design aims to enhance students' understanding of the relative size of numbers through number line and number comparison activities, and to deepen their understanding of the relative size relationships between numbers through intuitive interaction..Ability level classification criteria:\\nLow-level students typically understand math problems slowly and need more time and help to solve them.\\nMedium-level students have a good understanding of math problems and can independently solve most problems.\\nHigh-level students quickly understand math problems, can efficiently solve complex problems, and can provide multiple solutions.\"\n        },\n        {\n            \"role\": \"assistant\",\n            \"content\": \"To solve the problem of finding the position of 0.6, I will first visualize the number line ranging from 0.0 to 1.0. I know that 0.6 is greater than 0.5, which is the midpoint, so I expect 0.6 to be positioned to the right of 0.5. Since 0.6 is also less than 1.0, I can estimate its position by dividing the number line into tenths. From 0.5, moving to 0.6 means I need to move one-tenth of a mark to the right. This helps me narrow down the correct position for 0.6 on the number line. For the second task, I will locate 0.03. This number is very close to 0.0, so I need to visualize it on the left side of the number line, confirming it is indeed to the right of 0.0 but significantly less than 0.1. Lastly, for the comparison of 0.08 and 0.018, I can see clearly that 0.08 is on the right and thus is larger.\"\n        },\n        {\n            \"role\": \"user\",\n            \"content\": \"While solving this problem, what assumptions or predictions are you making? How do you decide on the next steps?\"\n        },\n        {\n            \"role\": \"assistant\",\n            \"content\": \"In solving these problems, my assumptions are that I can accurately estimate positions on the number line based on my familiarity with decimal values. I'm predicting that 0.6 will be closer to 0.5 than to 1.0 and that 0.03 will be very near to 0.0. To decide on the next steps, I analyze which known values on the number line serve as reference points, such as 0.0, 0.5, and 1.0, and use them to guide my movements in estimating the positions of 0.6 and 0.03.\"\n        },\n        {\n            \"role\": \"user\",\n            \"content\": \"Did you encounter any challenges or notice any potential errors during your process? If so, how did you identify them?\"\n        },\n        {\n            \"role\": \"assistant\",\n            \"content\": \"One challenge I faced was trying to gauge the exact placement of 0.03, as it is very close to 0.0 and might easily be confused with smaller decimal values. I realized I could make an error by overestimating its position. I identified this by double-checking the known tenths along the number line and by comparing the distance of 0.03 to both 0.0 and 0.1.\"\n        },\n        {\n            \"role\": \"user\",\n            \"content\": \"Once you identified an error or challenge, how did you go about correcting it? What steps did you take to ensure the solution was accurate?\"\n        },\n        {\n            \"role\": \"assistant\",\n            \"content\": \"To correct my potential error regarding the placement of 0.03, I revisited the number line and reevaluated the distances between known decimal values. I made sure to visualize where 0.0 is located and then accurately position 0.03 to the right. I confirmed my understanding by considering that 0.03 is less than 0.05, which is solid in my reasoning. For every step I took, I made mental comparisons with other known decimals to ensure that my final answers for both 0.6 and 0.03 were correct within the given ranges.\"\n        }\n    ]\n}\n```"
}