{
    "dialogue": "```json\n{\n    \"dialogue\": [\n        {\n            \"role\": \"user\",\n            \"content\": \"You are a student with an ability level of High in a math class. Now, you need to solve a math problem. Please describe your thought process and steps in detail according to your ability level. The math problem is: Problem Background\\nIn this activity, a number line will be displayed on the screen, and students need to determine the position of a specific value by estimating and comparing numbers.\\n\\nProblem Details\\nTask 1: Find the position of 0.478\\n\\nHints\\n\\nThe number line extends from 0.0 to 1.0.\\nLook at the number 0.478 and think about which position it is closer to: 0, 1, or the middle of the number line at 0.5? You can be creative, such as dividing the number line into quarters!\\nIf this is too difficult, you can also think about which tenth place 0.478 is closer to: 0.4, 0.5, or the middle at 0.45?\\nLet's try estimating the position of 0.478 by first finding 0.5! First, find the middle of the number line at 0.5. Do you know if 0.478 is to the left or right of 0.5?\\nAlmost there! This number is hidden to the left of 0.5. Move less than half a mark to the left to reach the position of 0.478.\\nTask 2: Find the position of 0.6\\n\\nHints\\n\\nThe number line extends from 0.0 to 1.0.\\nLook at the number 0.6 and think about which position it is closer to: 0, 1, or the middle of the number line at 0.5? You can be creative, such as dividing the number line into quarters!\\n0.6 is very close to 0.5, which is the middle of the number line.\\nHow would you estimate the position of 0.6 starting from 0.5? Should you move left or right? How much should you move?\\nTo find the position of 0.6, first reach the middle of the number line at 0.5, then move one-tenth of a mark to the right to reach the position of 0.6!\\nTask 3: Compare the sizes of 0.478 and 0.6\\n\\nProblem\\nNumber line range: From 0.0 to 1.0.\\nTask: On the number line, you have found the values 0.478 and 0.6.\\nQuestion: Which value is larger? Please fill in the correct answer.\\n\\nPlease fill in the larger value between 0.478 and 0.6: _______.\\n\\nHints\\n\\nWhich of the two numbers you placed on the number line is larger?\\nYou just need to remember whether the larger number is placed on the right or left, but the number line will give you hints; where is 0? Where is 1?\\nFeedback Mechanism\\nCorrect Operation: The screen will display a green \\\"Correct!\\\"\\nIncorrect Operation: The screen will display a red \\\"Incorrect, try another value.\\\"\\nAnswers:\\nTask 1 (Find the position of 0.478): The correct answer range is from 0.46 to 0.496.\\nTask 2 (Find the position of 0.6): The correct answer range is from 0.582 to 0.618.\\n\\nThis problem design aims to enhance students' understanding of the relative size of numbers through number line and number comparison activities, and to deepen their understanding of the relative size relationships between numbers through intuitive interaction..Ability level classification criteria:\\nLow-level students typically understand math problems slowly and need more time and help to solve them.\\nMedium-level students have a good understanding of math problems and can independently solve most problems.\\nHigh-level students quickly understand math problems, can efficiently solve complex problems, and can provide multiple solutions.\"\n        },\n        {\n            \"role\": \"assistant\",\n            \"content\": \"First, I read through the problem description and hints to fully understand the tasks ahead. For Task 1, I determined the position of 0.478 on the number line by first identifying the mid-point at 0.5. Since 0.478 is less than 0.5, I visualized it being slightly to the left. I broke down the number line into parts, realizing that 0.478 is just under the halfway point between 0.4 and 0.5. Thus, I estimated its position. \\n\\nIn Task 2, I applied a similar method for 0.6. Recognizing 0.6 is greater than 0.5, I knew it would be placed to the right of the midpoint. I visualized moving right from 0.5 by one-tenth in increments to correctly identify 0.6\u2019s position, which is also slightly under the number 0.7.\\n\\nLastly, for Task 3, comparing 0.478 and 0.6 was straightforward since I established that numbers to the right on the number line are larger. Clearly, 0.6 is larger than 0.478.\"\n        },\n        {\n            \"role\": \"user\",\n            \"content\": \"While solving this problem, what assumptions or predictions are you making? How do you decide on the next steps?\"\n        },\n        {\n            \"role\": \"assistant\",\n            \"content\": \"During this process, I made several assumptions based on my understanding of number lines and decimal placements. I assumed that numbers closer to 1 are larger and that they increment linearly, which guided me in estimating positions. I also predicted that since 0.478 is less than 0.5, it would be positioned left of 0.5 on the number line. As I visualized each task, I decided to focus on the key reference points (0.0, 0.5, and 1.0) to guide my next steps in placing the numbers accurately.\"\n        },\n        {\n            \"role\": \"user\",\n            \"content\": \"Did you encounter any challenges or notice any potential errors during your process? If so, how did you identify them?\"\n        },\n        {\n            \"role\": \"assistant\",\n            \"content\": \"Yes, I encountered a few challenges while estimating the positions of the numbers. Initially, I miscalculated where 0.478 should be placed, as I didn't quite grasp how close it was to 0.5. I identified this as I visually checked against known benchmarks on the number line, realizing it should not be as close to 0.5 as I initially thought. Additionally, while comparing 0.478 and 0.6, I had to reread the hints to ensure I firmly understood which number was larger, as I needed to reaffirm my confidence in positions.\"\n        },\n        {\n            \"role\": \"user\",\n            \"content\": \"Once you identified an error or challenge, how did you go about correcting it? What steps did you take to ensure the solution was accurate?\"\n        },\n        {\n            \"role\": \"assistant\",\n            \"content\": \"To correct the errors I identified, I first took a moment to recalibrate my visualization of the number line. I made sure to clearly mark the key points such as 0.0, 0.5, and 1.0, which made it easier to gauge the relative location of numbers. For 0.478, I carefully analyzed its decimal placement and moved my estimate closer to 0.5 as needed. When comparing 0.478 and 0.6, I re-evaluated the relationship by applying the concept that the number toward the right is larger. I also double-checked my assessments by considering how each number relates to the benchmarks, ensuring I made accurate placements and answered tasks correctly.\"\n        }\n    ]\n}\n```"
}