[
    {
        "id": "r3c1",
        "action": "UpdateTextField",
        "feedback": {
            "successMessage": "7"
        },
        "hints": [
            "If you have already given Sydney <%=fmtDecimal(totalRow([r3c1, r3c2, r3c3, r3c4]) / 100, 2)%>. How many <%=cellLabel(\"ten dollar bills\", \"one dollar bills\", \"dimes\", \"pennies\", 1)%> would you give Sydney to get <%=fmtDecimal(8237 / 100, 2)%>?",
            "What is the highest number of <%=cellLabel(\"ten dollar bills\", \"one dollar bills\", \"dimes\", \"pennies\", 1)%> you can have without going over <%=fmtDecimal(8237 / 100, 2)%>?",
            "Try entering <%=preferredValue(8237, r3c1, r3c2, r3c3, r3c4, 1)%>"
        ],
        "path": [
            {
                "from": null,
                "to": null
            },
            {
                "from": null,
                "to": null
            }
        ]
    },
    {
        "id": "r2c3",
        "action": "UpdateTextField",
        "feedback": {
            "successMessage": "13"
        },
        "hints": [
            "If you have already given Sydney <%=fmtDecimal(totalRow([r2c1, r2c2, r2c3, r2c4]) / 100, 2)%>. How many <%=cellLabel(\"ten dollar bills\", \"one dollar bills\", \"dimes\", \"pennies\", 3)%> would you give Sydney to get <%=fmtDecimal(8237 / 100, 2)%>?",
            "What is the highest number of <%=cellLabel(\"ten dollar bills\", \"one dollar bills\", \"dimes\", \"pennies\", 3)%> you can have without going over <%=fmtDecimal(8237 / 100, 2)%>?",
            "Try entering <%=preferredValue(8237, r2c1, r2c2, r2c3, r2c4, 3)%>"
        ],
        "path": [
            {
                "from": null,
                "to": null
            },
            {
                "from": null,
                "to": null
            }
        ]
    },
    {
        "id": "r2c4",
        "action": "UpdateTextField",
        "feedback": {
            "successMessage": "7"
        },
        "hints": [
            "If you have already given Sydney <%=fmtDecimal(totalRow([r2c1, r2c2, r2c3, r2c4]) / 100, 2)%>. How many <%=cellLabel(\"ten dollar bills\", \"one dollar bills\", \"dimes\", \"pennies\", 4)%> would you give Sydney to get <%=fmtDecimal(8237 / 100, 2)%>?",
            "What is the highest number of <%=cellLabel(\"ten dollar bills\", \"one dollar bills\", \"dimes\", \"pennies\", 4)%> you can have without going over <%=fmtDecimal(8237 / 100, 2)%>?",
            "Try entering <%=preferredValue(8237, r2c1, r2c2, r2c3, r2c4, 4)%>",
            null
        ],
        "path": [
            {
                "from": null,
                "to": null
            },
            {
                "from": null,
                "to": null
            }
        ]
    },
    {
        "id": "r3c4",
        "action": "UpdateTextField",
        "feedback": {
            "successMessage": "17"
        },
        "hints": [
            "If you have already given Sydney <%=fmtDecimal(totalRow([r3c1, r3c2, r3c3, r3c4]) / 100, 2)%>. How many <%=cellLabel(\"ten dollar bills\", \"one dollar bills\", \"dimes\", \"pennies\", 4)%> would you give Sydney to get <%=fmtDecimal(8237 / 100, 2)%>?",
            "What is the highest number of <%=cellLabel(\"ten dollar bills\", \"one dollar bills\", \"dimes\", \"pennies\", 4)%> you can have without going over <%=fmtDecimal(8237 / 100, 2)%>?",
            "Try entering <%=preferredValue(8237, r3c1, r3c2, r3c3, r3c4, 4)%>"
        ],
        "path": [
            {
                "from": null,
                "to": null
            },
            {
                "from": null,
                "to": null
            }
        ]
    },
    {
        "id": "r3c3",
        "action": "UpdateTextField",
        "feedback": {
            "successMessage": "23"
        },
        "hints": [
            "If you have already given Sydney <%=fmtDecimal(totalRow([r3c1, r3c2, r3c3, r3c4]) / 100, 2)%>. How many <%=cellLabel(\"ten dollar bills\", \"one dollar bills\", \"dimes\", \"pennies\", 3)%> would you give Sydney to get <%=fmtDecimal(8237 / 100, 2)%>?",
            "What is the highest number of <%=cellLabel(\"ten dollar bills\", \"one dollar bills\", \"dimes\", \"pennies\", 3)%> you can have without going over <%=fmtDecimal(8237 / 100, 2)%>?",
            "Try entering <%=preferredValue(8237, r3c1, r3c2, r3c3, r3c4, 3)%>"
        ],
        "path": [
            {
                "from": null,
                "to": null
            },
            {
                "from": null,
                "to": null
            }
        ]
    }
]