[
    {
        "id": "r1c1",
        "action": "UpdateTextField",
        "feedback": {
            "successMessage": "1"
        },
        "hints": [
            "If you have already given Paul <%=fmtDecimal(totalRow([r1c1, r1c2, r1c3, r1c4]) / 100, 2)%>. How many <%=cellLabel(\"ten dollar bills\", \"one dollar bills\", \"dimes\", \"pennies\", 1)%> would you give Paul to get <%=fmtDecimal(1894 / 100, 2)%>?",
            "What is the highest number of <%=cellLabel(\"ten dollar bills\", \"one dollar bills\", \"dimes\", \"pennies\", 1)%> you can have without going over <%=fmtDecimal(1894 / 100, 2)%>?",
            "Try entering <%=givenValue(1894, 1)%>"
        ],
        "path": [
            {
                "from": null,
                "to": null
            }
        ]
    },
    {
        "id": "r1c2",
        "action": "UpdateTextField",
        "feedback": {
            "successMessage": "8"
        },
        "hints": [
            "If you have already given Paul <%=fmtDecimal(totalRow([r1c1, r1c2, r1c3, r1c4]) / 100, 2)%>. How many <%=cellLabel(\"ten dollar bills\", \"one dollar bills\", \"dimes\", \"pennies\", 2)%> would you give Paul to get <%=fmtDecimal(1894 / 100, 2)%>?",
            "What is the highest number of <%=cellLabel(\"ten dollar bills\", \"one dollar bills\", \"dimes\", \"pennies\", 2)%> you can have without going over <%=fmtDecimal(1894 / 100, 2)%>?",
            "Try entering <%=givenValue(1894, 2)%>"
        ],
        "path": [
            {
                "from": null,
                "to": null
            }
        ]
    },
    {
        "id": "r1c4",
        "action": "UpdateTextField",
        "feedback": {
            "successMessage": "4"
        },
        "hints": [
            "If you have already given Paul <%=fmtDecimal(totalRow([r1c1, r1c2, r1c3, r1c4]) / 100, 2)%>. How many <%=cellLabel(\"ten dollar bills\", \"one dollar bills\", \"dimes\", \"pennies\", 4)%> would you give Paul to get <%=fmtDecimal(1894 / 100, 2)%>?",
            "What is the highest number of <%=cellLabel(\"ten dollar bills\", \"one dollar bills\", \"dimes\", \"pennies\", 4)%> you can have without going over <%=fmtDecimal(1894 / 100, 2)%>?",
            "Try entering <%=givenValue(1894, 4)%>"
        ],
        "path": [
            {
                "from": null,
                "to": null
            }
        ]
    },
    {
        "id": "r1c3",
        "action": "UpdateTextField",
        "feedback": {
            "successMessage": "9"
        },
        "hints": [
            "If you have already given Paul <%=fmtDecimal(totalRow([r1c1, r1c2, r1c3, r1c4]) / 100, 2)%>. How many <%=cellLabel(\"ten dollar bills\", \"one dollar bills\", \"dimes\", \"pennies\", 3)%> would you give Paul to get <%=fmtDecimal(1894 / 100, 2)%>?",
            "What is the highest number of <%=cellLabel(\"ten dollar bills\", \"one dollar bills\", \"dimes\", \"pennies\", 3)%> you can have without going over <%=fmtDecimal(1894 / 100, 2)%>?",
            "Try entering <%=givenValue(1894, 3)%>"
        ],
        "path": [
            {
                "from": null,
                "to": null
            }
        ]
    },
    {
        "id": "r2c4",
        "action": "UpdateTextField",
        "feedback": {
            "successMessage": "4"
        },
        "hints": [
            "If you have already given Paul <%=fmtDecimal(totalRow([r2c1, r2c2, r2c3, r2c4]) / 100, 2)%>. How many <%=cellLabel(\"ten dollar bills\", \"one dollar bills\", \"dimes\", \"pennies\", 4)%> would you give Paul to get <%=fmtDecimal(1894 / 100, 2)%>?",
            "What is the highest number of <%=cellLabel(\"ten dollar bills\", \"one dollar bills\", \"dimes\", \"pennies\", 4)%> you can have without going over <%=fmtDecimal(1894 / 100, 2)%>?",
            "Try entering <%=preferredValue(1894, r2c1, r2c2, r2c3, r2c4, 4)%>",
            null
        ],
        "path": [
            {
                "from": null,
                "to": null
            },
            {
                "from": null,
                "to": null
            }
        ]
    },
    {
        "id": "r2c1",
        "action": "UpdateTextField",
        "feedback": {
            "successMessage": "7"
        },
        "hints": [
            "If you have already given Paul <%=fmtDecimal(totalRow([r2c1, r2c2, r2c3, r2c4]) / 100, 2)%>. How many <%=cellLabel(\"ten dollar bills\", \"one dollar bills\", \"dimes\", \"pennies\", 1)%> would you give Paul to get <%=fmtDecimal(1894 / 100, 2)%>?",
            "What is the highest number of <%=cellLabel(\"ten dollar bills\", \"one dollar bills\", \"dimes\", \"pennies\", 1)%> you can have without going over <%=fmtDecimal(1894 / 100, 2)%>?",
            "Try entering <%=preferredValue(1894, r2c1, r2c2, r2c3, r2c4, 1)%>"
        ],
        "path": [
            {
                "from": null,
                "to": null
            },
            {
                "from": null,
                "to": null
            }
        ]
    },
    {
        "id": "r2c2",
        "action": "UpdateTextField",
        "feedback": {
            "successMessage": "13"
        },
        "hints": [
            "If you have already given Paul <%=fmtDecimal(totalRow([r2c1, r2c2, r2c3, r2c4]) / 100, 2)%>. How many <%=cellLabel(\"ten dollar bills\", \"one dollar bills\", \"dimes\", \"pennies\", 2)%> would you give Paul to get <%=fmtDecimal(1894 / 100, 2)%>?",
            "What is the highest number of <%=cellLabel(\"ten dollar bills\", \"one dollar bills\", \"dimes\", \"pennies\", 2)%> you can have without going over <%=fmtDecimal(1894 / 100, 2)%>?",
            "Try entering <%=preferredValue(1894, r2c1, r2c2, r2c3, r2c4, 2)%>"
        ],
        "path": [
            {
                "from": null,
                "to": null
            },
            {
                "from": null,
                "to": null
            }
        ]
    },
    {
        "id": "r3c3",
        "action": "UpdateTextField",
        "feedback": {
            "successMessage": "23"
        },
        "hints": [
            "If you have already given Paul <%=fmtDecimal(totalRow([r3c1, r3c2, r3c3, r3c4]) / 100, 2)%>. How many <%=cellLabel(\"ten dollar bills\", \"one dollar bills\", \"dimes\", \"pennies\", 3)%> would you give Paul to get <%=fmtDecimal(1894 / 100, 2)%>?",
            "What is the highest number of <%=cellLabel(\"ten dollar bills\", \"one dollar bills\", \"dimes\", \"pennies\", 3)%> you can have without going over <%=fmtDecimal(1894 / 100, 2)%>?",
            "Try entering <%=preferredValue(1894, r3c1, r3c2, r3c3, r3c4, 3)%>"
        ],
        "path": [
            {
                "from": null,
                "to": null
            },
            {
                "from": null,
                "to": null
            }
        ]
    },
    {
        "id": "r3c4",
        "action": "UpdateTextField",
        "feedback": {
            "successMessage": "17"
        },
        "hints": [
            "If you have already given Paul <%=fmtDecimal(totalRow([r3c1, r3c2, r3c3, r3c4]) / 100, 2)%>. How many <%=cellLabel(\"ten dollar bills\", \"one dollar bills\", \"dimes\", \"pennies\", 4)%> would you give Paul to get <%=fmtDecimal(1894 / 100, 2)%>?",
            "What is the highest number of <%=cellLabel(\"ten dollar bills\", \"one dollar bills\", \"dimes\", \"pennies\", 4)%> you can have without going over <%=fmtDecimal(1894 / 100, 2)%>?",
            "Try entering <%=preferredValue(1894, r3c1, r3c2, r3c3, r3c4, 4)%>"
        ],
        "path": [
            {
                "from": null,
                "to": null
            },
            {
                "from": null,
                "to": null
            }
        ]
    },
    {
        "id": "r3c1",
        "action": "UpdateTextField",
        "feedback": {
            "successMessage": "7"
        },
        "hints": [
            "If you have already given Paul <%=fmtDecimal(totalRow([r3c1, r3c2, r3c3, r3c4]) / 100, 2)%>. How many <%=cellLabel(\"ten dollar bills\", \"one dollar bills\", \"dimes\", \"pennies\", 1)%> would you give Paul to get <%=fmtDecimal(1894 / 100, 2)%>?",
            "What is the highest number of <%=cellLabel(\"ten dollar bills\", \"one dollar bills\", \"dimes\", \"pennies\", 1)%> you can have without going over <%=fmtDecimal(1894 / 100, 2)%>?",
            "Try entering <%=preferredValue(1894, r3c1, r3c2, r3c3, r3c4, 1)%>"
        ],
        "path": [
            {
                "from": null,
                "to": null
            },
            {
                "from": null,
                "to": null
            }
        ]
    }
]